bengali,chattogram,english,sentiment,source,split
আমি ভাত খাবো না রাগ করছি আমার মনে জ্বালা,অ্যাঁই ভাত ন হাইয়্যুম গুসসা ওইয়্যুম অ্যাঁর মনত জ্বালা,I would not eat rice I am angry my mind is burning,negative,Conversation,train
একদিন বুড়ি চিন্তা করল তার মুরগি,একদিন বুড়ি চিন্তা গরিল কুরো,One day the old woman thought about her chicken,neutral,Conversation,test
আমি যে খেতে দেই যদি,অ্যাঁই যে হাইতে দ্যি যদি,If I give to eat,negative,Conversation,train
সে একটা করে ডিম দেয়,ইতে উজ্ঞো গরে দিম দে,It lays one egg,neutral,Conversation,train
তার খাবার দিলে বেশি করে ডিম দিবে,ইতার হানা দিলে বেশি গরে দিম দিতি,If you give it food it will lay more eggs,positive,Drama,val
আর আমার বেশি টাকা ঘরে আসবে,আর অ্যাঁর বেশি টিঁয়া ঘরত আইব্যু,And more money will come into my home,positive,Drama,train
বুড়ি মুরগির খাওয়া বেশি করে দেয়,বুড়ি কুরোর হাওন বেশি গরে দে,The old woman gives the chicken more food,neutral,Social Media,train
মুরগি বেশি খাবার খেয়ে বেশি করে ডিম দেয়,কুরো বেশি হানা হাই বেশি গরে দিম দে,The chicken eats more food and lays more eggs,positive,Social Media,train
কিন্তু পরের দিন আর ডিম দেয় না,কিন্তু ফরর দিন আর দিম ন দে,But the next day it does not lay any more eggs,negative,Conversation,train
আবার ডিম দিয়েছে মুরগি,আবার দিম দিইয়্যি কুরো,The chicken has laid eggs again,positive,Conversation,train
মুরগি একটি করে ডিম দিতে লাগে,কুরো উজ্ঞো গরে দিম দন লার,The chicken starts to lay one egg at a time,neutral,Conversation,train
সে ডিম দেওয়া বন্ধ করে দেয়,ইতে দিম দিবে বন্ধ গরে দে,It stops laying eggs,negative,Conversation,val
একটা বড় ব্যবসায়ী ছিল,উজ্ঞো ডঁর ব্যবসায়ী আইসসিল,There was a big businessman,neutral,Drama,train
তার ছিল অনেক ধন সম্পত্তি,ইতার আইসসিল বহুত ধন সম্পত্তি,He had a lot of wealth,positive,Drama,train
তার একটা বড় কুকুর ছিল,ইতার উজ্ঞো ডঁর কুত্তা আছিল,He had a big dog,neutral,Social Media,train
দুইটি ভাই অনেক বছর বড়,দুয়ো বদ্দা বহুত বছর ডঁর,Two brothers are many years older,neutral,Social Media,train
বয়স যখন বেশি,বয়স যেত্তে বেশি,When the age is high,neutral,Conversation,val
আর তখন থেকে দেখা করে আর লেখাপড়া খরচ দেয়,আর তহন তুন দেহা গরে আর লেয়াপড়া খরচ দে,And from then on he meets them and pays for their education,positive,Conversation,train
এখন অনেক বড় একটা বাড়ি,এহন বহুত ডঁর উজ্ঞো বাড়ি,Now there's a very big house,neutral,Conversation,train
আর কথা বলার সুযোগ দেয় না,আর হথা হইবের সুজুগ ন দে,And doesn't give a chance to speak,negative,Conversation,val
তাকে নিয়ে চলে আসে,ইতারে লইয়্যে চলি অ্যাইয়ে,Takes him away,neutral,Drama,train
অনেক ভয় পেয়েছে বুঝা যাচ্ছে,বহুত ডর পাইয়্যে বুজা যার,It is clear they are very scared,negative,Drama,test
ভয়ে কিছু করতে যেতে চায় না,ডরে কিছু গরিতে যাইতাম ন চায়,Does not want to do anything out of fear,negative,Social Media,train
এসব দেখে তাকে সবাই বলল,এগিন চ্যাঁই ইতারে বেজ্ঞুনে হইলো,Seeing all this everyone told him,neutral,Social Media,train
না আপনি যাবেন না,না অনে ন যাইবেন,No you will not go,negative,Conversation,train
আমি আর করবো না আজকে কিছু,অ্যাঁই আর ন গইজ্জুম আজিয়ে কিসু,I would not do anything else today,negative,Conversation,train
তারা আবার আসবে,ইতারা আবার আইব্যু,They will come again,neutral,Conversation,train
আর আমাকে সাথে করে নিয়ে যাবে,আর অ্যাঁরে লগে গরে লইয়্যে যাইব্যু,And they will take me with them,neutral,Conversation,train
তুই আমাকে কি দিতে পারবি,তুঁই অ্যাঁরে কি দিত ফারিবি,What can you give me,neutral,Drama,train
সে জন্য ওকে সুযোগ করে দিতে চাই,ইতে লাই সুজুগ গরে দিত চাই,That is why I want to give him a chance,positive,Drama,train
তোরা তো বুঝিস সব,তুঁরা তো বুঝস হক্কল,You all understand everything,neutral,Social Media,train
কি ভুল বলছি বলবেন,কি ভুল হইদ্দি হইয়্যুন,Will you tell me what I'm saying wrong,neutral,Social Media,train
তোকে কেন যেতে দিবে বল তো,তোঁরে কিল্লাই যাইতাম দিতি হ তো,Tell me why they would let you go,negative,Conversation,train
তোর কষ্ট হবে শাড়ি পড়ে,তুঁর কষ্ট অইব্যু শাড়ি ফড়ি,You will have difficulty wearing a sari,negative,Conversation,train
তাই বলছি সব করে নিতে,তাই হইদ্দি হক্কল গরে লইত,That is why I am telling you to do everything,neutral,Conversation,test
আচ্ছা তুই কাজ করে শেষ কর,আইচ্ছা তুঁই কাম গরে শেষ গর,Okay you finish the work,neutral,Conversation,val
কথায় একবারে বলছি,হথায় এব্বেরে হইদ্দি,I am telling you once and for all,neutral,Drama,val
পিছনে ঘুরে বসে সবাই,ফিছে ঘুরি বৈ বেজ্ঞুনে,Everyone sits turning back,neutral,Drama,train
রেখে এসেছে এখন যেতে হবে,রাহি আইসসে এহন যাইতাম অইব্যু,Having left it behind now I have to go,neutral,Social Media,val
তাকে নিয়ে বলল আমাকে যেতে হবে,ইতারে লইয়্যে হইলো অ্যাঁরে যাইতাম অইব্যু,He said about her I have to go,neutral,Social Media,train
তোমাদের এখন যেতে হবে,তোঁয়ারার এহন যাইতাম অইব্যু,You all have to go now,neutral,Conversation,train
তোমাদের বাড়িতে কি মেহমান এসেছে,তোঁয়ারার বাড়িত কি মেমান আইসসে,Has a guest come to your house,neutral,Conversation,train
মেহমান খুঁজে আমাকে,মেমান তোঁয়াইন অ্যাঁরে,The guest is looking for me,neutral,Conversation,train
আপনি আমাকে ছেড়ে চলে যাবেন,অনে অ্যাঁরে ছাড়ি চলি যাইবেন,You will leave me and go away,negative,Conversation,train
বাবা মা এসে আমাকে নিয়ে যাক,বাপ মা আই অ্যাঁরে লইয়্যে যাক,Let mother and father come and take me,neutral,Drama,train
নিয়ে যাক তাহলে ভাল হবে,লইয়্যে যাক তঁইলে গম অইব্যু,If they take me then it will be good,positive,Drama,train
রাগ করেছে কেন,গুসসা গইজ্জে কিল্লাই,Why is he angry,negative,Social Media,val
সে পড়েছে বিপদে,ইতে ফইজ্জে বিপদত,He is in trouble,negative,Social Media,train
একটা দিকে তার জন্য অপেক্ষা করছে,উজ্ঞো মিক্কে ইতার লাই অপেক্ষা গরের,One side is waiting for him,neutral,Conversation,train
অন্য দিকে বউ রাগ করে আছে,অন্য মিক্কে বউ গুসসা গরে আছে,On the other hand the wife is angry,negative,Conversation,train
এখন কার কাছে যাওয়া দরকার,এহন হার হাছে যন দরহার,Whom should I go to now,neutral,Conversation,val
সবকিছু চিন্তা করে দরজা বন্ধ করে,বেক্কিছু চিন্তা গরে দরজা বন্ধ গরে,Thinking about everything and closing the door,neutral,Conversation,train
এখানে তো থাকা ভাল,ইয়েন তো থাওন গম,It is good to stay here,positive,Drama,train
কে বলা যাবে আর ফেলে যাওয়া ঠিক হবে না,কেডা হোন যাইব্যু আর ফেলায় যন ঠিক ন অইব্যু,Who can be told and it will not be right to leave it behind,negative,Drama,train
আজকে তারা ভয় পেয়েছে অনেক,আজিয়ে ইতারা ডর পাইয়্যে বহুত,Today they were very scared,negative,Social Media,train
না জানলে কি দেখেছে,ন জানিলে কি দেইক্কে,If they did not know what did they see,neutral,Social Media,train
তার অফিস শহরে নিজের বাড়ি ঘর সব,ইতার অফিস শহোরত নিজর বাড়ি ঘর হক্কল,His office his own house and home everything is in the city,neutral,Conversation,train
এখানে চলে আসে সব সময়,ইয়েন চলি অ্যাইয়ে বেক সমত,It always comes here,neutral,Conversation,train
বিয়ে হয় অনেক বছর আগে,বিয়া অয় বহুত বছর আগে,The marriage happened many years ago,neutral,Conversation,train
তারা জাপান যাওয়ার আগে,ইতারা জাপান যনঅর আগে,Before they went to Japan,neutral,Conversation,train
তার মা চলে যায়,ইতারা মা চলি যায়,His mother goes away,neutral,Drama,train
তখন সে বিদেশে চলে যায়,তহন ইতে বিদেশেত চলি যায়,Then he goes abroad,neutral,Drama,train
বিদেশে যাওয়ার পিছনে একটা কারণ ছিল,বিদেশেত যনঅর ফিছে উজ্ঞো হারণ আইসসিল,There was a reason behind going abroad,neutral,Social Media,train
সেটি তো পরে নেয়া যাবে,ইয়ান তো ফরে লন যাইব্যু,That can be taken later,neutral,Social Media,train
বাহির হয়ে এসে খাবার খেতে গেল,বাইর অই আই হানা হাইতে গিল,He came out and went to eat,neutral,Conversation,test
ভাই আবার যাবে তোরা,বদ্দা আবার যাইব্যু তুঁরা,Brother will you all go again,neutral,Conversation,train
না আর যাওয়ার কথা নেই,না আর যনঅর হথা নাই,No there is no talk of going anymore,negative,Conversation,train
চিন্তা করছি এখানে কিছু একটা করবো,চিন্তা গইজ্জি ইয়েন কিসু উজ্ঞো গইজ্জুম,I am thinking of doing something here,neutral,Conversation,train
সেটি ভাল হবে তোর জন্য,ইয়ান গম অইব্যু তুঁর লাই,That will be good for you,positive,Drama,train
তাহলে এখন বাড়িতে আসার সময় হয়ে গেছে,তঁইলে এহন বাড়িত আইসসিল সমত অই গেইয়্যে,So now it is time to come home,neutral,Drama,train
সে খাওয়া থেমে বলল,ইতে হাওন থেমে হইলো,He stopped eating and said,neutral,Social Media,train
মানে ঠিক বুঝলাম না,মানে ঠিক ন বুজিলাম,I did not quite understand the meaning,neutral,Social Media,train
বয়স হয়েছে কিন্তু মাথায় বুদ্ধি হয় না,বয়স হইয়্যে কিন্তু মাতাত বুদ্ধি ন অয়,He is old but does not have wisdom in their head,negative,Conversation,train
আগে শেষ কর পরে সব বলবো,আগে শেষ গর ফরে হক্কল বলব হইয়্যুম,Finish first then I will tell you everything,neutral,Conversation,train
কথা না,হথা ন,No word,neutral,Conversation,train
খাওয়া শেষ করে ঠিক তখন তার দিকে গেল,হাওন শেষ গরে ঠিক তহন ইতার মিক্কে গিল,After finishing eating he then went towards him,neutral,Conversation,val
সুন্দর কোন কিছু হতে পারে,সুন্দর হোন কিসু অইত ফারে,It can be something beautiful,positive,Drama,train
দেখে কেমন যেন লাগছে,চ্যাঁই ক্যান যেন ল্যার,It feels somewhat strange to see it,negative,Drama,train
ভাল করে কাজ হয়েছে,গম গরে কাম হইয়্যে,The work has been done well,positive,Social Media,train
সবার বউ সুন্দর সুন্দর আমার বউ কালো,বেজ্ঞুনের বউ সুন্দর সুন্দর অ্যাঁর বউ হালা,Everyone's wives are beautiful beautiful my wife is dark,negative,Social Media,train
পুকুর বাড়ির সামসু মিয়া আমার থেকে ছোট,পইর বাড়ির সামসু মিয়া আরতুন ছোড,Shamsu Mia of Pukur Bari is younger than me,neutral,Conversation,train
কি সুন্দর বিয়ে করেছে আমার ছোট ভাই,কি সুন্দর বিয়া গইজ্জে অ্যাঁর ছোড বদ্দা,How beautifully my younger brother got married,positive,Conversation,train
আমার জন্য রউজানপুর থেকে চুকচুকা কালো,অ্যাঁর লাই রউজানপুরত্থুন চুকচুইক্কা হালা,For me from Rauzanpur is very dark,negative,Conversation,train
তোমার বাবাকে বললাম আমাকে বিয়ে করাবা না,তোঁয়ার বাপেরে হইলাম অ্যাঁরে বিয়া ন গোরাইবা,I told your father not to marry me off,negative,Conversation,train
রাঙ্গুন শহর যাবো আমি তোমার জন্য কি আনবো,রাঙ্গুন শহর যাইয়্যুম অ্যাঁই তোঁয়ার লাই কি আইন্নুম,I am going to Rangoon city what shall I bring for you,neutral,Drama,train
সব সময় মনে থাকবে তোমার কথা,হক্কল সমত মনত থাইব তোঁয়ার হথা,Your words will always be remembered,positive,Drama,train
বার্মার মেয়ে কি করবে আমি যদি ঠিক থাকি,বর্মার মাইয়্যা কি গরিবে অ্যাঁই যদি ঠিক থাহি,What will the Burmese girl do if I remain well,neutral,Social Media,train
বার্মার মেয়ে চিঠি দিব চিন্তা করবে না,বর্মার মাইয়্যা মাজে মাজে চিডি দিয়্যুম চিন্তা ন গরিবা,I will send a letter to the Burmese girl do not worry,positive,Social Media,train
মাথায় হাত দিয়ে বলো আমাকে ধোঁকা দিবে না,মাতাত আঁত দি ক অ্যাঁরে দাগা ন দিবি,Put your hand on my head and tell me you would not deceive me,negative,Conversation,train
কয় দিনের জন্য বিদেশ যাচ্ছি প্রানটা ঘরে রেখে,ক দিনর লাই বিদেশ যাইরগুই পরান্নান ঘরত রাহি,I am going abroad for a few days leaving my soul at home,negative,Conversation,val
আমাকে বিল্ডিং রঙ করে দিতে পারবি না,অ্যাঁরে বিল্ডিং রঙ করে দিত ন ফারিবি,Can not you paint the building for me,neutral,Conversation,val
ঝামেলা কেন করো আমার সাথে,ঝামেলা কিল্লাই গরস অ্যাঁর লগে,Why do you cause trouble with me,negative,Conversation,train
কথা বলুন মুরুব্বি মানুষ,হথা হন মুরুব্বি মানুষ,Speak elder person,neutral,Drama,train
তুমি কোথায় নেই কেন,তুঁই হডে নাই কিল্লাই,Why are you not here,neutral,Drama,train
তোমার নাম কি সামিদ নাকি,তোঁয়ার নাম কি সামিদ নি,Is your name Samid,neutral,Social Media,train
আমার এখন তোমাকে ভাল লাগে না,অ্যাঁর এহন তোঁয়ারে গম ন লার,I do not like you now,negative,Social Media,test
সামিদ কার তোমার না আমার,সামিদ কার ফোয়া তোঁয়ার ন অ্যাঁর,Whose is Samid Yours or mine,neutral,Conversation,train
আমার কাছে ভাল লাগছে না,অ্যাঁর হাছে গম ন ল্যার,I do not feel good about it,neutral,Conversation,train
তোমার কাজ নেই ভাই,তোঁয়ার কাম নাই বদ্দা,You are jobless brother,negative,Conversation,test
কথা ঠিক আছে নাকি,হথা ঠিক আছে নি,Is the statement correct,neutral,Conversation,train
মা রে মা যাবো না তাহলে,মারেম্মা ন যাইয়্যুম তঁইলে,Oh mother oh mother then I would not go,negative,Drama,train
তুমি ভাত খেয়েছো,তুঁই ভাত হাইওনা,Have you eaten rice,neutral,Drama,train
কলিজার ভিতর গেথে রাখবো না,কলজার ভিতর গাথি ন রাইক্ষুম,I will not embed it within my heart,negative,Social Media,train
সিনার সাথে বেধে রাখবো তোমাকে,সিনার লগে বাঁধি রাইক্ষুম তোঁয়ারে,I will tie you to my chest,positive,Social Media,test
তোমাকে ছাড়া বিদেশ এ আমার মন টিকে না,তোঁয়ারে ছাড়া বিদেশত অ্যাঁর পরাণ ন টিকে,Without you my heart doesn't settle in a foreign land,negative,Conversation,train
আর কোনদিন যাবো না আমি তোমাকে ছেড়ে,আর হোনদিন ন যাইয়্যুম অ্যাঁই তোঁয়ারে ছাড়ি,I will never leave you again,positive,Conversation,train
কান টান লাল করে ফেলবো আমি তোর,হান টান লাল গরি ফেলাইয়্যুম অ্যাঁই তুঁর,I will pull your ear until it turns red,negative,Conversation,train
তুই আমাদের বাড়িতে কেন,তুঁই অ্যাঁরার বাড়িত কিল্লাই,Why are you at our house,neutral,Conversation,train
তুই কথা কম বল এখন,তুঁই হথা কম হ এহন,You speak less now,negative,Drama,train
এসব কি খাবার,এগিন কি হানা,What kind of food is this,neutral,Drama,train
আমার কথা বুঝিস না তুই,অ্যাঁর হথা ন বুঝস তুঁই,You don't understand my words do you,negative,Social Media,train
আমার পিছন পিছন কি,অ্যাঁর ফন্দে ফন্দে কি,What are you doing following me,neutral,Social Media,train
খোদার কসম আমার গায়ে জ্বর,হুদার হচম অ্যাঁর গাত জ্বর,By Allah I have a fever,neutral,Conversation,train
তোমাকে আমরা দেখে নেবো ছেলে,তোঁয়ারে অ্যাঁরা চ্যাঁই লইইয়্যুম ফোয়া,We will deal with you boy,negative,Conversation,train
যাওয়ার সময় কোথায় গেছিস,যনঅর সমত হডে গেইয়্যুস তুঁই,Where did you go when you were leaving,neutral,Conversation,val
ওবাবা বিদ্যুৎ চমকাচ্ছে,অবাপ ঝিল্কি মারে,Oh wow lightning is flashing,neutral,Conversation,train
কানে কথা যায় নাকি তোর,হানত হথা যায় নি তুঁর,Does anything go into your ears,negative,Drama,val
তুই ডাক্তার না কসাই আমি জানি,তুঁই ডাক্তার না হসাই অ্যাঁই জানি,I know whether you're a doctor or a butcher,negative,Drama,train
হঠাৎভয় পেয়েছিলাম আমি,আতিক্কে ডর ফাইয়্যি অ্যাঁই,I was suddenly scared,negative,Social Media,train
অন্ধ গরুর আলাদা বাঁধা দরকার নেই,আন্ধা গরুর জুদা বাধান দরহার নাই,A blind cow doesn't need a separate tying,neutral,Social Media,val
আমি তোর বাবাকে চিনি না,অ্যাঁই তুঁর বাপেরে ন চিনি,I don't know your father,neutral,Conversation,train
যেখানে এলাম মরার ভয়ে,যেডে আইলাম মউতের ডড়ে,Where I came due to fear of death,negative,Conversation,train
এখানে মানুষ মরে কি বলবো,এডে মানুষ মরে কি হইয়্যুম,What can I say people are dying here,negative,Conversation,test
তুই রঙ মিস্ত্রি না,তুঁই রঙ মিস্তিরি ন,You are not a painter,neutral,Conversation,train
তুই বল তো আমি কি করব,তুঁই হ তো অ্যাঁই কিত্তাম,You tell me what should I do,neutral,Drama,train
আমি কিভাবে বলব,অ্যাঁই কেনে কইতাম,How will I say it,neutral,Drama,train
তুমি আমাকে চিনো নাকি আমি কোথায় থাকি,তুঁই অ্যাঁরে চিনোছ নি অ্যাঁই হডে থাহি,Do you know me or do you know where I live,neutral,Social Media,train
এতো রাতে কি কাজ,এদ্দুর রাইতে কি কাম,What work is there at such a late hour,neutral,Social Media,val
ভিতরে কালো কাপড় নেই,বিতুরে হালা হর নাই,There is no black cloth inside,neutral,Conversation,train
আমি আগে একটা বলি,অ্যাঁই আগে উজ্ঞো হই,Let me say one thing first,neutral,Conversation,train
বসে বসে গল্প না করে আমি যাই,বৈ বৈ গফ ন গরে অ্যাঁই যাই,Instead of sitting around and chatting I will go,neutral,Conversation,test
আমি অসুস্থ মানুষ ঘুম ভাঙায়ে,অ্যাঁই অসুস্ত মানুষ ঘুম ভাঙাইয়্যে,I am a sick person and you woke me up,negative,Conversation,train
রঙ মিস্ত্রি না আমি রং করা ছেড়ে দিয়েছি,রঙ মিস্তিরি ন অ্যাঁই রঙ গরন ছাড়ি দিয়্যি,I am not a painter I have quit painting,neutral,Drama,train
দেখে রাখার জন্য তোমাকে,চ্যাঁই রাখিবার লাই তোঁয়ারে,To keep you in sight,neutral,Drama,train
আমি তোমাকে বেশি বেশি সরি বলবো,অ্যাঁই তোঁয়ারে বেশি বেশি সরি কইয়্যুম,I will say sorry to you more and more,negative,Social Media,train
কথা তো এতক্ষণ বলে পাগল করে দিয়েছে,হথা তো এতক্ষণ কইয়্যরে পল করে দিইয়্যি,has driven me crazy by talking so much for so long,negative,Social Media,train
জাত বংশ নাই,জাত খান্দান নাই,No family background,negative,Conversation,train
আপু তোমার ভিডিওর জন্য,আফা তোঁয়ার ভিডিওর লাই,Sister for your video,neutral,Conversation,train
বশির ভাই আজকে বিয়েতে আমার মা সেরা,বশির বদ্দা আজিয়ে বিয়াত অ্যাঁর মা সেরা,Bashir Bhai my mother is the best at today's wedding,positive,Conversation,train
আমি ও যাবো বিগ বসে,অ্যাঁই ও যাইয়্যুম বিগ বসত,I will also go to Big Boss,positive,Conversation,train
তোমাকে ভাল লাগে কারণ আমি ও টেইলারিং করি,তোঁয়ারে গম লার হারণ অ্যাঁই ও টেইলারিং গরি,I like you because I also do tailoring,positive,Drama,train
কঠিন হয়েছে,খঠিন হইয়্যে,It was difficult,negative,Drama,train
দাদি জব্দ করেছে তোমাকে,দাদি জব্দ গইজ্জে তোঁয়ারে,Grandma has subdued you,negative,Social Media,train
ভাল করে জব্দ করা দরকার,গম গরি জব্দ গরা দরহার,It needs to be properly subdued,negative,Social Media,val
মাকে বলে এক কথা দাদিকে বলে আর এক কথা কেন ভাই,মারে হয় এক্কান হথা দাদিরে হয় আরেক্কান হথা কিল্লাই বদ্দা,Why do you say one thing to mother and another thing to grandmother brother,negative,Conversation,train
বুড়ো বয়সে আমাকে গুনার ভাগিদার করিস না,বুড়ো বয়সে অ্যাঁরে গুনার ভাগিদার ন গরিস,Don't make me a partner in sin in my old age,negative,Conversation,train
এলাকায় কি থাকতে দিবে না বুঝলাম না,এলাহাত কি থাইতে ন দিতি ন বুজিলাম,I don't understand will they not let me stay in the area,negative,Conversation,test
এলাকায় একটা মেয়ে তাকে শাসন করতে পারে,এলাহাত উজ্ঞো মাইয়্যা ইবেরে শাসন গরিত ফারে,A girl in the area can control him,neutral,Conversation,train
এই রোজা রমজান মাসে এসব ভাল লাগে না,এই রোজা রমজান মাসত এগিন গম ন লার,These things don't feel good during the month of Ramadan,negative,Drama,train
প্রিন্স মাহবুবরে এখন ভাল লাগে না,প্রিন্স মাহবুবেরে এহন গম ন লার,I don't like Prince Mahabub anymore,negative,Social Media,train
আমি এখন দাদিকে বিচার দিব,অ্যাঁই এহন দাদিরে বিসার দিয়্যুম,I will now complain to Grandma,negative,Social Media,train
তাদের জ্বালায় তো থাকতে পারি না,ইতারার জ্বালাত ত থাইত ন ফারি,I can't stay because of their torment,negative,Conversation,train
ও ছেলে কি বলবো তোদের,ও ফোয়া কি হইয়্যুম তোরারে,Oh boy what can I tell you all,neutral,Conversation,train
ছেলেকে বিয়ে করিয়ে ছেলের জীবন শেষ নাকি,ফোয়ারে বিয়া গরাইয়্যেনে ফুয়ার জীবন শেষ নি,By marrying off the son is the son's life over or what,negative,Conversation,val
আমার জীবন ও শেষ হয়ে গেছে ও ছেলে,অ্যাঁর জীবন ও শেষ অই গেইয়্যে অ ফোয়া,My life is also over oh boy,negative,Conversation,val
ছোট থাকতে আমার মা আমাকে ধোলাই দিত,ছোড থাইতে অ্যাঁর মা অ্যাঁরে ধুলাই দিত,When I was little my mother used to beat me,negative,Drama,train
চিন্তা করিস না আছি তো নাকি,চিন্তা ন গরিস আছি তো নি,Do not worry I am here right,positive,Drama,train
কাপড় সেলাই করার জন্য যোগাযোগ করো না,হর সিলাই গরিবের লাই যোগাযোগ ন গরো,Do not contact for cloth tailoring,negative,Social Media,train
তার জন্য কম রাখবো,ইতার লাই হম রাইক্ষুম,I will charge less for that,positive,Social Media,train
শিল্পী আপু তো চট্টগ্রামের নাকি,শিল্পী আফা চিটাংঅর না,Shilpi Apu is from Chittagong right,neutral,Conversation,train
কত করে সেলাই করেন শিল্পী আপু,হতো গরি সেলাই গরন শিল্পী আফা,How much do you charge for tailoring Shilpi Apu,neutral,Conversation,test
খুশি মনে যা দিবেন,খুশি মনত যা দিবান,Whatever you give happily,positive,Conversation,test
দুই টাকা দিলে চলবে না শিল্পী আপু,দুই টিঁয়া দিলি ন চলিবু শিল্পী আফা,Two takas won't do Shilpi Apu,negative,Conversation,train
দুঃখের কথা কি বলব আপু বিউটি আপুর কাপড় নিয়ে অনেক ঝামেলায় ছিলাম,দুহের হথা কি হইতাম আফা বিউটি আফার হর লইয়েরে বোত জামিলাত আসসিলাম,Sister what can I say about my sorrow I was in a lot of trouble with Beauty Apu's clothes,negative,Drama,train
তাকে টাকা বাড়িয়ে দিতে হবে,ইতারে টিয়া বাড়াই দন ফরিব,His pay will have to be increased,neutral,Drama,train
টাকা তো বেশি বাড়িয়ে দিতে পারবো না,টিঁয়া ত বেশি বাড়াই দিত ন পাইজ্জুম,I can't increase the payment by a lot,negative,Conversation,train
আমার বোনের ব্যাগ থেকে টাকা চুরি করতে যেয়ে ধরা খাই হাতেনাতে,অ্যাঁর বইনের ব্যাগেত তুন টিঁয়া চুরি গরিত য্যাই ধরা হাই আতেনাতে,I got caught red-handed while trying to steal money from my sister's bag,negative,Conversation,train
তুই একদম শয়তানের শয়তান,তুঁই একদম সতানের সতান,you are absolutely the devil of devils,negative,Conversation,train
বড় ডিম বড় মাছ,ডঁর দিম ডঁর মাছ,Big egg big fish,neutral,Conversation,train
আমি মনে মনে চিন্তা করি খাবো,অ্যাঁই মনত মনত চিন্তা গরি হাইয়্যুম,I silently think about eating,neutral,Drama,train
তাহলে ভাত কম খাবো,তঁইলে ভাত হম হাইয়্যুম,Then I will eat less rice,neutral,Drama,train
পকেট আমার গরম আছে,পকেট অ্যাঁর গরম আছে,My pocket is hot,positive,Social Media,train
বাবা মাসের খরচ দিয়েছে,বাফে মাসর খরচ দিইয়্যি,Father has given the monthly expenses,positive,Social Media,val
মা আলাদা করে টাকা দিয়েছে,মা জুদা গরে টিঁয়া দিইয়্যি,Mother has given money separately,neutral,Conversation,train
আমি বললাম চাচা আমি খাবো,অ্যাঁই হইলাম চাচা অ্যাঁই হাইয়্যুম,I said uncle I will eat,neutral,Conversation,train
একটু ডিম দরকার,এক্কানা দিম দরহার,A little egg is needed,neutral,Conversation,train
লোকে বলল খাবার দাও,লোকে হইলো হানা দ,People said give food,neutral,Conversation,train
তখন বেলা কত হবে,তহন বেলা হতো অইব্যু,What time would it be then,neutral,Drama,train
আর কোন লোক নেই,আর হোন লোক নাই,There are no more people,neutral,Drama,train
আমি বলি চাচা নাম লাবণ্য কেন,অ্যাঁই হই চাচা নাম লাবণ্য কিল্লাই,I asked uncle why is the name Labonno,neutral,Social Media,train
তোমার চাচির নামে হোটেল,তোঁয়ার চাচির নামে হোটেল,Hotel named after your aunt,neutral,Social Media,val
সে মালিক আমি কাজ করি শুধু,ইতে মালিক অ্যাঁই কাম গরি উধু,He is the owner i only work,neutral,Conversation,train
চাচির নাম কি চাচা বলেন,চাচির নাম কি চাচা কন,What is Auntie's name Uncle please tell,neutral,Conversation,train
সুন্দর নাম কে দিয়েছে,সুন্দর নাম কনে দিইয়্যি,Who gave the beautiful name,neutral,Conversation,train
সে অনেক কাহিনী তুই ছোট মানুষ,ইবে বহুত কাহিনী তুঁই ছোড মানুষ,That's a long story you are a young person,neutral,Conversation,train
কিছু বুঝবে না সবাই,কিসু ন বুঝিবো বেজ্ঞুনে,Everyone won't understand anything,negative,Drama,train
একটু বলেন আমি বুঝতে পারবো,এক্কানা কন অ্যাঁই বুজিত পাইজ্জুম,Please say a little I will understand,positive,Drama,test
আমি চাচার সাথে একটু খাতির করার চেষ্টা করি,অ্যাঁই চাচার লগে এক্কানা খাতির গরিবের চেষ্টা গরি,I try to get a little close to my uncle,positive,Social Media,train
খেতে খেতে বলি আমাকে মাছ দিতে,হাইতে হাইতে হই অ্যাঁরে মাছ দন,While eating I say to give me fish,neutral,Social Media,train
তোমার চাচি দৌলতদিয়া থেকে আমার সাথে এসেছে,তোঁয়ার চাচি দৌলতদিয়া তুন অ্যাঁর লগে আইসসে,Your aunt has come with me from Daulatdia,neutral,Conversation,test
তার আসল নাম আমি জানি না,ইতার আসল নাম অ্যাঁই ন জানি,I don't know her real name,negative,Conversation,val
তোমার চাচি বলে না,তোঁয়ার চাচি ন কন,Your aunt doesn't say,neutral,Conversation,train
সর্দারনী নাম দিয়েছে লাবণ্য,সর্দারনী নাম দিইয়্যি লাবণ্য,The chieftainess named her Labonno,neutral,Conversation,train
পঞ্চাশ টাকা নাগেশ্বরীর একটা লোক দিয়ে দিয়েছে,পঞ্চাশ টিঁয়া নাগেশ্বরীর উজ্ঞো লোক দি দিইয়্যি,Fifty taka was given by a person from Nageshwari,neutral,Drama,train
তখন সে খুব ছোট ছিল,তহন ইতে বহুত ছোড আসিল,He was very young then,neutral,Drama,train
তুই বলবি না কিন্তু,তুঁই ন হবি কিন্তু,You won't say it but,neutral,Social Media,train
তোমাকে দেখতে খুব ভদ্র মনে হচ্ছে,তোঁয়ারে দেহি বহুত ভদ্র মনত অই,You seem very polite,positive,Conversation,train
তাই বললাম তোমাকে আজকে,তাই হইলাম তোঁয়ারে আজিয়ে,That's what I told you today,neutral,Conversation,test
আপনার খাবার খুব সুন্দর হয়েছে,অনের হানা বহুত সুন্দর হইয়্যে,Your food is very beautiful,positive,Conversation,train
তা চাচি করে সবকিছু,তা চাচি গরে বেক্কিছু,So auntie does everything,neutral,Conversation,train
তোমার চাচি মনে করে সবকিছু,তোঁয়ার চাচি মনত গরে বেক্কিছু,Your aunt thinks of everything,positive,Drama,test
খুব ভাল করে তোমার চাচি,বহুত গম গরে তোঁয়ার চাচি,Your aunt does it very well,positive,Drama,test
আমাকে একটা মাছ দেবার জন্য,অ্যাঁরে উজ্ঞো মাছ দিবেল লাই,For giving me a fish,neutral,Social Media,test
চাচা খুব খুশি আমাকে দেখে,চাচা বহুত খুশি অ্যাঁরে দেহি,Uncle is very happy to see me,positive,Social Media,train
মানুষকে সকালে রেখে সন্ধ্যায় কিনে নিস,মাইনসেরে বেইন্যে রাহি আজুইন্নে কিনি লইস,Leave people in the morning and buy them in the evening,negative,Conversation,train
আল্লাহ তোকে কি দিয়ে বানিয়েছে,আল্লাহ তোঁরে কি দি বানাইয়্যে,What did Allah make you with,neutral,Conversation,train
আল্লাহ তোকে হায়াত দিক,আল্লাহ তোঁরে অয়াত দক,May Allah grant you a long life,positive,Conversation,test
ভাই আমি তো তোমার বড়,বদ্দা অ্যাঁই তো তোঁয়ার ডঁর,Brother I am older than you,neutral,Conversation,train
ও মা আমি সাজেকে যাবো,ও মা অ্যাঁই সাজেকঅত যাইয়্যুম,Oh mother I will go to Sajek,neutral,Drama,train
আমাদেরকে মা যেমন করে পড়াতো,অ্যাঁরারে মা যেল্লে গরে ফরাইতু,The way mother used to teach us,neutral,Drama,train
মেহমানের সামনে নাস্তা দিয়ে দাও,মেমানর সামনে নাস্তা দি দ,Serve the snacks in front of the guest,neutral,Social Media,train
আমার কল আসে না,অ্যাঁর কল ন আইয়্যে,My calls don't come,negative,Social Media,train
ভাই কাপড় কি এটি ভাল,বদ্দা হর কি ইবে গম,Brother is this cloth good,neutral,Conversation,train
কথা বলার জন্য আমি অন্য ঘরে যাই তখন,হথা হইবের লাই অ্যাঁই অন্য রুমত যাই তহন,To talk I then go to another room,neutral,Conversation,train
নিজের মেয়ে দোষ করে না নাকি,নিজের মাইয়্যা দোষ ন গরে নি,Doesn't one's own daughter make mistakes,negative,Conversation,train
সালমার মা ঠিক আছে বেশি গেঞ্জাম করে না,সালমার মা ঠিক আছে বেশী গেঞ্জাম ন গরে,Salma's mother is fine she doesn't create much trouble,positive,Conversation,train
টুম্পা দজ্জাল মেয়ে না,টুম্পা দজ্জাল মাইয়্যা ন,Tumpa is not a wicked girl,positive,Drama,val
গোলামের বাচ্চা গোলাম,গোলামোর ছা গোলাম,A slave's child is a slave,negative,Drama,train
আমিও মনে মনে চিন্তা করছি এটি,অ্যাঁইও মনত মনত চিন্তা গইজ্জি ইবে,I am also thinking about this in my mind,neutral,Social Media,train
শিল্পী আপুর আলাদা সবকিছু,শিল্পী আফার জুদা উজ্ঞো বেক্কিছু,Shilpi Apu's everything is separate,neutral,Social Media,train
যারা দেখো নি এখন দেখে আসো,যারা ন দেহো এহন চ্যাঁই আইয়্যু,Those who haven't seen it yet go and see it now,neutral,Conversation,train
মাথা গরম হলে নাক ফুলিয়ে ফেলে নাকি,মাতা গরম অইল্যে নাক ফুলই ফেলায় নি,Does their nose flare when their head gets hot,neutral,Conversation,train
আমি বই নিয়ে আসি,অ্যাঁই বই লই অ্যাই,I will bring the book,neutral,Conversation,train
আষাঢ় মাসের ঝড়ে,আষাঢ় মাইস্যা ঝড়ে,In the storm of the month of Asharh,neutral,Conversation,train
আমি কি তোর চাচাতো বোন সালমা নাকি,অ্যাঁই কি তুঁর চাচতো বইন সালমা নি,Am I your cousin Salma or what,neutral,Drama,train
মোরগ অনেক মজা হয়েছে,লাতাকুরো বোত মজা অইয়্যে,The rooster was very delicious,positive,Drama,val
সমুদ্রে গেছিস তুই,দইজ্জে গেইয়্যুস তুঁই,Have you been to the sea,neutral,Social Media,train
স্বাদের জন্য ছাড়তে পারি,স্বাদের লাই ছাড়িত ফারি,I can give it up for the taste,positive,Social Media,train
কাঁটার জন্য গিলতে পারি না,কাডার লাই গিলিত ন ফারি,I can't swallow because of the thorn,negative,Conversation,train
পাছায় কাপড় নেই মিঠায় দিয়ে ভাত খাওয়া,পুঁদত নাই তেনা মিডে দি ভাত হানা,No clothes on the bottom eating rice with sweets,negative,Conversation,train
পোড়া কপালি ছেলে তোকে,পোড়া হোয়ালি ফোয়া তোঁরে,You unlucky boy,negative,Conversation,train
রাগ হয় না,গুসসা ন অই,Doesn't get angry,positive,Conversation,train
মাহবুব লুঙ্গি পরে যেন পিলারে না ওঠে,মাবুব্ব্যা লুঙ্গি ফরি যেন খাম্বাত ন উডে,Mahbub should not climb the pillar while wearing a lungi,neutral,Drama,train
বাবার গুনগান গাওয়ার জন্য,বাফের গুণগান গাইবার লাই,For singing praises of father,positive,Drama,train
নিজের জন্য একটু সময় পাই না,নিজর লাই এক্কানা সময় ন ফাই,I don't get any time for myself,negative,Social Media,val
আমি বড় বাড়িতে যেয়ে ফুর্তি করবো,অ্যাঁই ডঁর বাড়িত য্যাই ফুত্তি গইজ্জুম,I will go to the big house and have fun,positive,Social Media,train
সামনে থাকা যেত,সামনে থাওন যাইত্যু,It would have been possible to stay in front,neutral,Conversation,train
তাকে দেখে দাদিকে বেশি মনে পরে,ইতারে চ্যাঁই দাদিরে বেশি মনত ফরে,Seeing her reminds me more of grandmother,positive,Conversation,train
আল্লাহ আমার দাদিকে যেন জান্নাত নসিব করে,আল্লাহ অ্যাঁর দাদিরে যেন জান্নাত নসিব গরে,May Allah grant my grandmother Heaven,positive,Conversation,train
ফলোয়ার বাড়ানোর জন্য তোমার ভিডিও তার পেজে,ফলোয়ার বারাইবের লাই তোঁয়ার ভিডিও ইতার পেইজত,For increasing followers your video on their page,neutral,Conversation,train
টুম্পানি ভাল হয়ে যা না হলে মাইর খেতে খেতে মরে যাবি,টুম্পনি গম অই যা ন অইলে মাইর হাইতে হাইতে মরি যাবি,Tumpani behave otherwise you will die from being beaten,negative,Drama,train
বাতাসে আমার চুল পাকে,বাতাসে অ্যাঁর চুল ফাকে,My hair ripens in the wind,neutral,Drama,test
গাছের নিচে প্রেম করতে ভাল,গাছর তলাত ফিরিত গরিতে গম,It's good to make love under a tree,positive,Social Media,train
গাছ লাগাতে বললে গা জ্বালা করে,গাছ লাগুইতো হইল্যে গা জ্বালা গরে,Body burns if told to plant trees,negative,Social Media,train
তাকে কাজের কথা বললে গায়ে জ্বর ওঠে,ইতারে কামের হথা হইল্যে গাত জ্বর উডে,They get a fever when told about work,negative,Conversation,train
আষাঢ় মাসের ঝড়ে,আষাঢ় মাইস্যা ঝড়ত,In the storm of the month of Asharh,neutral,Conversation,val
মরে যাচ্ছি ভয়ে,মরি যাইরগুই ডরে,I'm dying of fear,negative,Conversation,train
এই ঝড়ে কোথায় পাবো গাড়ি ঘোড়া আমি,এই ঝড়ত হডে পাইয়্যুম গাড়ি ঘোড়া অ্যাঁই,In this storm where will I find a car or horse,negative,Conversation,train
বিলের মধ্যে দেখি তাকে,বিলর মইদ্ধে দেহি ইতারে,I see him in the field,neutral,Drama,train
বর্ষা কালে যাবো না,বর্ষা কাইল্যা ন যাইয়্যুম,I will not go during the monsoon season,negative,Social Media,train
কেমন করে থাকবো,ক্যান গরি থাইক্কুম,How will I stay,negative,Social Media,train
বউ ছেলেমেয়েকে এই ঝড়ে কোথায় রাখবো,বউ ফোয়ামাইয়্যাগুনরে এই ঝরত হডে রাইক্ষুম,Where will I keep my wife and children in this storm,negative,Conversation,train
পানি ঢোকে আমার ঘরে,পানি ঢুকে অ্যাঁর ঘরত,Water enters my house,negative,Conversation,train
ঘরে নেই চাল ডাল,ঘরত নাই চইল ডাইল,There is no rice or lentils in the house,negative,Conversation,test
তোমার আছে পাকা ঘর,তোঁয়ার আছে পাক্কা ঘর,You have a well built house,positive,Conversation,train
ঝর হলে খাবো খিচুরি,ঝর পইল্যে হাইয়্যুম খিচুরি,If there is a storm I will eat khichuri,neutral,Drama,train
মনে লাগে না ভয়,মনত ন লার ডর,I don't feel fear in my mind,positive,Drama,train
আমরা ভাই গরিব মানুষ,অ্যাঁরা বদ্দা গরিব মানুষ,We are poor people brother,negative,Social Media,train
চিন্তা করি কেন বললাম না,চিন্তা গরি কিল্লাই ন হইলাম,I think about why I did not say it,negative,Social Media,train
তার সাথে করবি না,ইতার লগে ন গরিবি,Don't do it with her,negative,Conversation,train
করলে হাসপাতালে রপ্তানী করে দিব,গরিলে হাসপাতালত রপ্তানী গরি দিয়্যুম,If you do it i will export you to the hospital,negative,Conversation,train
আমার মা মানা করেছে নাকি,অ্যাঁর মা মানা গইজ্জে নি,Has my mother forbidden it,neutral,Conversation,train
কি তরকারি দিয়ে ভাত,কি ছালন দি ভাত,What curry will be eaten with rice,neutral,Drama,test
আমি মনে করেছি মুখ দিয়ে,অ্যাঁই মনত গইজ্জি মুক দি,I thought with my mouth,neutral,Drama,train
তুই বেশি বান্দর হয়ে গেছিস,তুঁই বেশি বান্দর অই গেইয়্যুস,You have become too much of a monkey,negative,Social Media,val
তোমাকে মাইর দেয়া দরকার নেই,তোঁয়ারে মাইর দন দরহার নাই,There's no need to beat you,neutral,Social Media,train
দাও না আমি কি তোমাকে মানা করেছি নাকি,দ না অ্যাঁই কি তোঁয়ারে মানা গইজ্জি নি,Just give it have I forbidden you or something,neutral,Conversation,train
কালকে নাকি তোমার,হালিয়্যে নি তোঁয়ার,Is it true that you have tomorrow,neutral,Conversation,train
বলছেন নাকি আমাকে,হইয়্যুন নি অ্যাঁরে,Have you told me,neutral,Conversation,val
ভাল করে পড়েছ নাকি,গম গরে পইজ্জু নি,Have you read it properly or what,neutral,Conversation,train
বাংলা ভাল লাগে,বাংলা গম লায়,Bengali feels good,positive,Drama,train
বেশি নম্বর পাবে না,বেশি লম্বর ন ফাইব,Will not get many marks,negative,Drama,train
তুমি অনেক কিছু জানো,তুঁই বোত কিসু জানো,You know many things,positive,Social Media,train
তোমার চোখ টানা টানা,তোঁয়ার চুখ টানা টানা,Your eyes are elongated,positive,Social Media,train
সারাদিন দেখি তোমাকে,গুডাদিন চ্যাঁই তোঁয়ারে,I see you all day long,neutral,Conversation,train
যাহ্ আমার শরম লাগছে না,যাহ্ অ্যাঁর শরম ন ল্যার,Oh I'm not feeling shy,positive,Conversation,train
এটি না আরেকটা দাও,ইয়েন ন আরেক্কান দ,Not this one give me another one,neutral,Conversation,train
তোমার মতামত কি নেই,তোঁয়ার মথামথ কি নাই,Do you not have an opinion,neutral,Conversation,train
পরে আর কথা বলবো না,ফরে আর হথা ন হইয়্যুম,I will not speak anymore later,negative,Drama,train
আজকে থেকে রাখবো না,আজিয়ে তুন ন রাইক্ষুম,From today I will not keep it,negative,Drama,train
ভাল খোদাহাফেজ তাহলে,গম খোদাহাফেজ তঁইলে,Okay then Khodahafez,neutral,Social Media,train
আমার প্রশ্নের জবাব দিবি,অ্যাঁর ফশ্নর জোয়াব দিবি,You will answer my question,neutral,Social Media,train
বলতে বলতে বার টা খেতে খেতে একটা,হইতে হইতে বার টা খাইতে খাইতে একটা,While talking it became twelve o'clock while eating it became one o'clock,neutral,Conversation,train
বন্ধু গুলোকে মোবাইল দিবে,বন্ধু অক্কলরে মোবাইল দিব,Will give mobiles to the friends,positive,Conversation,train
কত বড় মাছ ধরেছি দেখেছ,হতো ডঁর মাছ দয়্যজ্জি দেইক্কো,Have you seen how big a fish I have caught,positive,Conversation,val
আপু কিরণ মালা নিবেন না,আফা কিরণ মালা ন লইবেন,Sister won't you take Kiron Mala,neutral,Conversation,train
ঘুষি মেরে দাঁত ফেলে দিব,ঘুষি মারি দাঁত ফেলায় দিয়্যুম,I will punch and knock out teeth,negative,Drama,train
সবাই কম্বল নিয়ে ঘুমিয়ে যাবে,বেজ্ঞুনে হম্বল লই ঘুম যাইব্যু,Everyone will go to sleep with blankets,neutral,Drama,train
যখন আমি নতুন মোবাইল চেয়েছি,যেত্তে অ্যাঁই নয়া মোবাইল চাইলাম,When I wanted a new mobile,neutral,Social Media,train
ধরবি না কেউ,ন দরিবি কেউ,No one will touch it,negative,Social Media,train
আস্তে ছুড়ে মারি,আস্তে মেলা মারি,I throw it softly,neutral,Conversation,train
লাথি দিয়ে লাথি দিয়ে ব্যবহার করি না,লাথি দি লাথি দি ব্যবার ন গরি,I do not use it by kicking repeatedly,neutral,Conversation,train
কালকে তোর বিয়ে,হালিয়্যে তুঁর বিয়া,Tomorrow is your wedding,neutral,Conversation,train
আর একটা বছর পরে করো না,আর উজ্ঞো বছর বাদে গরো না,Do it after one year,neutral,Conversation,test
রাত শেষ কেউ আমাকে বাচাও,রাইত শেষ কেউ অ্যাঁরে বাচাও,The night is over someone save me,negative,Drama,train
তার কথায় লাফ মারবি না,তার হথায় ফাল ন মারিবি,Do not jump at his words,negative,Drama,train
ঘরের গরু ঘুলির খড় খায়,ঘরর গরু ঘাডার খের হায়,The cow in the house eats the straw from the shed,neutral,Social Media,train
ঘরের ভাত খেয়ে পরের মহিষ চরানো,ঘরর ভাত হায় ফরর মৈষ চরান,Eating one's own rice while tending to other's buffaloes,negative,Social Media,train
ঘরের ইঁদুর বেরা কাটে,ঘরর উন্দুরে বেরা কাডে,The house mouse cuts the fence,negative,Conversation,train
কেউ টের পায় না,কেউ টের ন পায়,No one realizes,negative,Conversation,train
ঘাটে নৌকা থাকে,ঘাডত নাও থাহে,Boats are at the ghat,neutral,Conversation,train
মেজ ছেলে হাটে যাবে,মাইঝ্যা ফোয়া হাডত যাইব্যু,The middle son will go to the market,neutral,Conversation,val
ঘি কিসে পড়ল এখন,ঘি কিওত পইজ্জে এহন,What did the ghee fall into now,negative,Drama,train
ডালে কিছু পড়ল,ডাইলঅত কিসু পইজ্জে,Something fell in the daal,negative,Drama,train
ঘুষের টাকা নেই আমার তোমাদের মত,ঘুষর টিঁয়া নাই অ্যাঁর তোঁয়ারার নান,I don't have bribe money like you do,negative,Social Media,train
সারারাতে পুড়িয়ে মারে,গুডারাইত পোরাই মারে,Kills by burning throughout the night,negative,Social Media,train
জামাই বলেছিল ভূত,জামাই হইয়্যিল ভূত,The son-in-law said ghost,neutral,Conversation,train
তুমি কি ঘরে যেয়ে কাথার ভিতরে থাকিস,তুই কি ঘরত যাই কেথার বিতুরে থাকস,Do you go home and stay inside a blanket,neutral,Conversation,train
করতে পারে না একটা,গরিত ন ফারে উজ্ঞো,Cannot do even one,negative,Conversation,train
ঝড়ে কাক বক মরে,ঝড়ত কাউয়া বগা মরে,Crows and cranes die in a storm,negative,Drama,train
কাক চিনে কাঁঠাল চিনে না,কাউয়া চিনে কাট্টল ন চিনে,Recognizes a crow doesn't recognize a jackfruit,negative,Drama,train
কাক বুঝে না দুঃখ,কাউয়া ন বুজে দুক,The crow does not understand sorrow,negative,Social Media,train
কুকুরের লেজ যে বাঁকা সেই বাঁকা,কুত্তার লেজ যে বেআ হেই বেআ,A dog's tail that is crooked remains that crooked,negative,Social Media,train
চুরির জন্য আবার ফাসি হয় নাকি,চুরির লাই আবার ফাসি অয় নি,Really does one get hanged for theft,negative,Conversation,train
কার ঘরের সোনা কার ঘরে,কার ঘরর সোনা কার ঘরত,Whose house's gold in whose house,negative,Conversation,train
কারিগর ভাঙ্গা ঘরে থাকে,কারিগর ভাঙ্গা ঘরত থাহে,The artisan lives in a broken house,negative,Conversation,train
চিকিৎসকের বউয়ের রোজ জ্বর,বৈদ্যর বউয়ের নিত্তি জ্বর,The doctor's wife has a fever every day,negative,Conversation,train
ফালতু কথা কিসের মধ্যে কি,ফালতু হথা কিয়ের মাজে কি,Nonsense talk what is this in the middle of what,negative,Drama,test
দুইটি লাথি পড়লে ঘাড়ে,দুয়ো লাথি পইল্লে ঘাড়ত,If two kicks land on the neck,negative,Drama,train
কি করবে ছেলে কি,কি গরিবো ফুলা কি,What will the boy do what,negative,Social Media,train
তার ঘুষির চোটে বিলের মাছ খাবি বুঝেছিস,ইতার কিলের চোডে বিলর মাছ হাবি বুইজ্জোস,By the force of his punch You will eat fish from the bil,negative,Social Media,train
ছেলে ছড়ায় দুর্গতি,ফোয়া ছড়ায় দুর্গতি,son spreads misfortune,negative,Conversation,train
তারা তো গরিব দেখলে থুতু ফেলে,ইতারা তো গরিব চ্যাঁইলে ছেপ ফেলায়,As for them when they see a poor person they spit,negative,Conversation,train
আমি থাকতে তোর টেনশন কিসের,অ্যাঁই থাইতে তুঁর টেনশন কিয়ের,With me here what's your tension,positive,Conversation,train
সে আপনার মেয়ে কি পালন করতে গেছে,ইতে অনের মাইয়্যা কি ফালন গরিত গেইয়্যে,What for your daughter has she gone to do,neutral,Conversation,train
আমি বললাম আমার এখানে আয়,অ্যাঁই হইলাম অ্যাঁর এডে আয়,I said come here to me,neutral,Drama,train
আমরা দুই বান্ধবি মিলে একটু গল্প করবো,অ্যাঁরা দুয়ো বান্ধবি মিলিয়ে এক্কানা গফ মাইজ্জুম,We two friends will get together and chat for a bit,positive,Drama,train
উনাকে তো রোজা ধরেছে,উনারে ত রোজা ধইজ্জে,The fast has really gotten to him,negative,Social Media,train
আমরা ঘরে আছি না,অ্যাঁরা ঘরত ন আছি,We are at home aren't we,neutral,Social Media,train
আমরাও দেখিয়ে দিব,অ্যাঁরাও দেহাই দিয়্যুম,We too will show,positive,Conversation,train
আজকে না আসার কথা ছিল তোমাদের,আজিয়ে ন আইব্যের হথা আইসসিল তোঁয়ারার,Weren't you all supposed to not come today,neutral,Conversation,test
তোমরা বেঈমান সবাই,তোঁয়ারা বেঈমান বেজ্ঞুনে,All of you are traitors,negative,Conversation,train
তোমার অভ্যাস হয়ে গেছে,তোঁয়ার অব্যাস অই গেইয়্যে,It has become your habit,neutral,Conversation,train
তুমি কি সেটা আমার থেকে ভাল করে আর কেউ জানে না,তুঁই কি ইয়ান অ্যাঁরতুন গম গরি আর কেউ ন জানে,what are you no one knows better than me,negative,Drama,train
এটিকে মার থেকে নেয়া বলে না,ইবেরে মারতুন লন ন হয় ন,This is not called taking from mother,negative,Drama,train
টাকা পয়সা সবকিছু দিয়ে রাখে,টিঁয়া ফয়সা বেক্কিছু দি রাহে,Money pays for everything,positive,Social Media,val
গরু চোরের ছেলে মুরগি চোর,গরু চোরের ফোয়া কুরো চোর,The son of a cow thief is a chicken thief,negative,Social Media,train
তোমাকে শাসন করতে ভাল লাগে,তোঁয়ারে শাসন গইত্তু গম লাই,It feels good to discipline you,positive,Conversation,test
তোমার দাদি ঘুমে নাকি জেগে তুই যেয়ে দেখে আয়,তোঁয়ার দাদি ঘুমত নি চেতন তুঁই য্যাই চ্যাঁই আয়,Go and see if your grandmother is asleep or awake.,neutral,Conversation,train
মাইর একটা মাটিতে পরবে না,মাইর উজ্ঞো মেডিত ফইত্ত ন,Not a single beating will fall on the ground,negative,Conversation,train
আমি লাল বানিয়ে ফেলবো,অ্যাঁই লাল বানাই ফেলাইয়্যুম,I will make it red,negative,Conversation,train
মেয়ে চালাক জামাইয়ের ঘরে ভাত খেতে পারবে না,মাইয়্যা চালাক জামাইয়ের ঘরত ভাত হাইতে ফাইত্ত ন,girl is cleaver will not be able to eat rice in the house of husband,negative,Drama,train
নতুন প্রজন্মের সাথে এই ভাষার কম ঘনিষ্ঠতা,নয়া ফ্রজন্মর লয় এই ভাষার হম ঘনিষ্ঠতা,The new generation's reduced familiarity with this language,negative,Drama,train
আমরা এমন মঞ্চ বানাতে চেয়েছি,আঁরা এন মনছ বানাইতু চাইলাম,We wanted to create a stage like this,positive,Social Media,train
যেখানে মানুষ চট্টগ্রামের ভাষায় তাদের মন হৃদয় ঢেলে দিতে পারবে,যেডে মানুষ চিটাংঅর ভাষাত ইতারার পরাণ দিল ঢালি দিত ফারিবু,where people will be able to pour out their hearts and minds in the Chittagonian language,positive,Social Media,train
ভাষা এটি এমনিতেই হতো রসালো,ভাষা ইবে এনেই ত হত রসাল্লো,This language is inherently flavorful anyway,positive,Conversation,train
যার কারণে আমরা চট্টগ্রামের সবাই আমাদের ভাষায় মজা করতে পারি,যার হারণে অ্যাঁরা চিটাংঅর বেজ্ঞুনে অ্যাঁরার ভাষাত মজা গরিত ফারির,Because of which all of us from Chittagong can have fun in our language,positive,Conversation,train
তার গুন গাইবার জন্য যাবো,ইতার গুণ গাইবের লাই যাইয়্যুম,I will go to sing his praises,positive,Conversation,train
এই গ্রুপের মাধ্যমে আপনি চট্টগ্রামের সবার,এই গ্রুফুর মাইধ্যমে অনে চিটাংঅর বেজ্ঞুনর,Through this group you are everyone's of Chittagong,positive,Drama,train
তার ব্যাপারে জানতে পারবেন নাকি,ইতার ব্যাফারে জানিত ফারিবেন নি,Will you be able to find out about him,neutral,Drama,train
এটি তৈরির সাহস দেবার জন্য ধন্যবাদ জানাই,ইবে বানাইতু সাহস দিবেল লাই ধন্যবাদ জানাই,we express thanks for giving us the courage to make this,positive,Social Media,train
এখন আবার মিষ্টি বাতাস হচ্ছে,এহন আবার মিডে বাতাস অর,Now a sweet breeze is blowing again,positive,Conversation,train
আর তোমরা এসেছ রসের গল্প মারার জন্য,আর তোঁয়ারা আইস্সো রসের গফ মারাইবেল লাই,And you guys have come to have a witty chat,positive,Conversation,train
পাছায় হালকা বরফ লাগিয়ে দাও,পুন্দুত হালকা বরফ লাগাই দ,Apply some light ice on the buttocks,neutral,Conversation,train
শান্তি লাগে না বাহিরে,শান্তি ন লায় বাইরে,One does not feel peace outside,negative,Conversation,train
কুসুম কুসুম গরম পানি দিয়ে গোসল করে দেখতে পারো,কুম কুম গরম পানি দি গোসল গরি চ্যাঁইতে পারো,You can try taking a bath with lukewarm water,positive,Drama,train
ভাল লাগবে,গম লাইব্যু,will feel good,positive,Drama,val
অভিনয় করলে গায়ে মরিচ ঢেলে দাও,অভিনয় গইল্লি গাত মরিচ ঢালি দ,If acts pour chili on their body,negative,Social Media,train
এটি তো ছোট খালুর কথা মনে করা,ইবে ত ছোড হালুর হথা মনত গরাইয়্য,This indeed reminds of younger maternal uncle,neutral,Social Media,train
বাজারে গেলে ও দেখবে,বাজারত গ্যিলে ও চ্যাঁইবে,If goes to the market will see,neutral,Conversation,train
বউকে নিয়ে এমন প্রেম,বউরে লইয়্যে এন ফিরিত,Such love with the wife,positive,Conversation,train
জোড়া কলা এটি খেয়ো না তুমি এখন,জইক্কা কলা ইবে ন হাইস তুই এহন,Don't eat this twin banana now you,negative,Conversation,train
এটি তোমার দাদিকে দিয়েছে,ইবে তোঁয়ার দাদিরে দিয়ে,gave this to your grandmother,neutral,Conversation,train
তোমরা তো রোহিঙ্গা,তোঁয়ারা তো রোহিঙ্গা,You all are Rohingya,negative,Drama,train
সাজনা গাছের ফুলের সুগন্ধে ভো ভো করে,সাজনা গাছর ফুলুর হুশবত ভো ভো গরে,The fragrance of the drumstick tree’s flowers fills the air with a buzzing sound,positive,Drama,train
তোর মত এমন বেয়াদপ না,তুঁর নান এইল্যা বিয়াদপ ন,not ill-mannered like you,negative,Social Media,train
আসার সময় গলা টিপে মেরে ফেলতাম ভাল হত,আইবের সমত গলা চিবি মারি ফেলাইতাম গম অইত্যু,It would have been better if I had strangled him to death while coming,negative,Social Media,train
অবংশের জাত ইন্ডিয়ার জাত তো ভাল না এর জন্য,অখান্দানর জাত হন্ডিয়ার জাত ত গম ন ইবার লাই,Of ignoble lineage and indeed the Indian race is not good for this reason,negative,Conversation,train
তোর কানে শয়তান ফিলফিল করে কি বলেছিল নারে জন্মের সময়,তুঁর হানত শতানে ফিলফিল গরে কি হইয়্যিল নরে জন্মর সমত,What did the devil whisper so furtively in your ear at the time of your birth eh,negative,Conversation,train
এটি তো শয়তান আমার ঘরে,ইয়েন তো শতান অ্যাঁর ঘরত,This indeed is the devil in my house,negative,Social Media,val
দুই মায়ের ছেলে নারে তোরা,দু মার ফোয়া নরে তুঁরা,You all are sons of two mothers eh,negative,Drama,train
ছেলের মত ছেলে হলে ভাল,ফোয়ার মত ফোয়া অইলে গম,It is good if a son is truly a son,positive,Social Media,train
ভয় পেলে ভুতে কাথা ভরে প্রসাব করবে,ডর ফাইলে ভূতে খেতা ভরি মুতিব,If you’re afraid The ghost will possess you You will urinate,negative,Social Media,train
তোকে খেলায় নেবো না,তোঁরে খেলাত ন লইইয়্যুম,will not take you in the game,negative,Conversation,train
আমার নানি পিঠা বানালে তোর অর্ধেক,অ্যাঁর নানি পিডা বানাইলে তুঁর আদ্ধান,If my grandmother makes pitha half of it is yours,positive,Conversation,train
বুড়ো মহিলার লজ্জা নেই বেহায়ার শরম নেই,ব্যুইড়া বেডির লাজ নাই বেহাইয়্যার শরম নাই,An old woman has no shame a shameless person has no shame,negative,Conversation,train
বাটা মরিচ লাগিয়ে দিব,বাইট্টে মরিচ লাগাই দিয়্যুম,will apply ground chili paste,negative,Conversation,train
খালি ঘরের বাহিরে পা রেখে দেখিস,হাইল্লে ঘরর বাইরে ঠ্যাং রাহি চ্যাঁইস,Just you try stepping outside the house,negative,Drama,train
যুবক ঘরে চলে যায়,মরতফোয়া ঘরত চলি যায়,The young man goes home,neutral,Drama,test
একটু পর একটা মহিলা বাহির হয়,এক্কানা ফর উজ্ঞো বেডি বাইর অয়,After a little while a woman comes out,neutral,Social Media,test
শাড়ি পড়া মহিলা,শাড়ি ফরা বেডি,Woman wearing a saree,neutral,Social Media,train
মাথায় ঘোমটা আছে মহিলার,মাতাত ঘোমটা আছে বেডির,The woman has a veil on her head,neutral,Conversation,train
তার রঙ বাদামী,ইতার রঙ বাদামী,His color is brown,neutral,Conversation,train
তার কাপড় দেখতে পরিস্কার,ইতার হর চ্যাঁইতে সাফ,His clothes look clean,positive,Drama,train
দেখতে বেশি সুন্দর না হলে মোটামুটি সুন্দর,চ্যাঁইতে বেশি সুন্দর ন অইলে মোটামুটি সুন্দর,If not very beautiful in appearance moderately beautiful,positive,Social Media,train
মুখে একটা মার্জিত ছবি আছে,মুকে উজ্ঞো মার্জিত ছবি আছে,He has a elegant look,positive,Conversation,train
লোক মহিলারে উদ্দেশ্য করে বলেন,লোক বেডিরে উদ্দেশ্য গরি কন,The person say saddressing the woman,neutral,Drama,train
তুই ছেলেকে চা বানিয়ে খাওয়াতে পারবি,তুঁই ফোয়ারে চা বানাই হাবাইত ফারিবি,Will you be able to make tea and serve it to the boy,neutral,Conversation,train
আমি বললাম না চা দরকার নেই,অ্যাঁই হইলাম ন চা দরহার নাই,I said No tea is not needed,neutral,Conversation,train
আমি বললাম আমি ভাত খাবো,অ্যাঁই হইলাম অ্যাঁই ভাত হাইয়্যুম,I said I will eat rice,neutral,Drama,train
লোক বলেন তাহলে তুই ভিতরে থাক,লোক কন তঁইলে তুঁই বিতুরে তাক,The person says Then you stay inside,neutral,Drama,train
আমি বললাম কি তরকারি হবে,অ্যাঁই হইলাম কি ছালন অইব্যু,I said What curry will be made,neutral,Social Media,test
পায়ের হাড্ডি ভেঙ্গে ফেলবো তোর,ঠ্যাংঅর নলা ভাঙি ফেলাইয়্যুম তুঁর,I will break your leg bone,negative,Social Media,test
মিওমিও করে কি পড়া,মিওমিও গরে কি ফড়া,What kind of reading is this meowing,negative,Conversation,train
বড় বড় করে পড়,ডঁর ডঁর গরে ফড়,Read loudly,neutral,Conversation,train
মরিচ একটা দৌড়ে ধরিস,মরিচ উজ্ঞো দৌড়ে ধরিস,A chili run and catch,neutral,Conversation,val
বেয়াদব বিয়াল্লিশ কাথা ভরে পায়খানা করে দিস,বিয়াদব বিয়াল্লিশ কেথা ভরি আগি দিস,You rude lout go and shit so much as to fill forty-two blankets,negative,Conversation,val
একটা মুরগির বাচ্চা,উজ্ঞো কুরোর ছা,A chicken's baby,neutral,Drama,test
বাড়িতে যাস কেন ঝাটার বাড়ি খাস কেন,বাড়িত যচ কিল্লাই ঝাড়ার বাড়ি হাস কিল্লাই,Why do you go home why do you get hit with a broom there,negative,Drama,train
বাড়িতে গেলে ফার্মের মুরগি খায় না কেন,বাড়িত গ্যিলে ফার্মের কুরো ন হায় কিল্লাই,When go home why does not eat farm chicken,neutral,Social Media,val
মারার ধান্দা সেটা আর কিছু না,মারিবের ধান্দা ইবা আর কিসু ন,That is just a scheme to kill and nothing else,negative,Social Media,test
কাজের মহিলার মত কাজ করে যে সংসার সামলায়,হামের বেডির নান হাম গরে দে সংসার সামলাই,She who manages the household works like a domestic housemaid,positive,Conversation,train
দেশি মুরগি নিজে কিনে তো খেতে পারবে না,দেশি কুরো নিজে কিনি ত হাইতে ন ফাইত্ত,won't be able to buy and eat country chicken oneself indeed,negative,Conversation,train
মিথ্যা বলি নাকি ভাই,মিছা হই নাকি বদ্দা,Am I telling a lie brother,positive,Conversation,test
তুই কেন চেতে গেছিস,তুঁই কিল্লাই চেতি গেইয়্যুস,Why have you gotten so angry,neutral,Conversation,train
ভাই আরেকটা উল্টো কথা না বলে,বদ্দা আরেক্কান উলটো হথা ন হয়,Brother without saying another wrong thing,negative,Drama,train
বিষের জন্য বলতে পারে না,বিষের লাই হইতে ন ফারে,cannot speak because of poison,negative,Drama,train
জামাই দেশি মুরগি নিজের টাকায় খায় না,জামাই দেশি কুরো নিজের টিঁয়াই ন হায়,The son-in-law does not eat country chicken with his own money,negative,Social Media,train
কি দরকার পড়েছে নিজের টাকা দিয়ে দেশি মুরগি খাওয়ার,কি দরহার ফইজ্জে নিজর টিঁয়া দি দেশি কুরো হাওনর,What need has arisen to eat country chicken with one's own money,negative,Social Media,train
বাড়িতে নিয়ে যেয়ে দেশি মুরগি খাওয়াতে না পাড়লে চট্টগ্রামের ছেলের ঘর করতে পারবে না,বাড়িত লই যাই দেশি কুরো হাবাইত ন পাইল্লে চিটাংঅর ফোয়ার ঘর গরন পইত্ত ন,If she is unable to take him home and feed him country chicken she will not be able to make a home with a wife to a Chittagong boy,negative,Conversation,train
সারাজীবন পান্তা ভাত দিয়ে মরিচ খেয়েছে তো,সারাজীবন পানি ভাত দি মরিচ খাইয়্যে তো,have eaten panta bhat with chili all life indeed,negative,Conversation,train
এটি আমিও বুঝলাম না,ইবে অ্যাঁইও ন বুজিলাম,Even I did not understand this,negative,Conversation,train
আমার জামাইকে তো কান ধরে এনে বলবো,অ্যাঁর জামাইরে তো হান ধরি আনি হইয়্যুম,I will certainly bring my son-in-law here by the ear and tell,negative,Conversation,val
বউয়ের ভয়ে খাই ভাই,বউয়ের ডরে হাঁই বদ্দা,I eat out of fear of my wife brother,negative,Drama,train
ফ্রাই করে দিলে জামাই না জামাইয়ের বাবা দাদাও খাবে,ফ্রাই গরে দিলে জামাই ন জামাইর বাপ দাদাও হাইব্যু,If you fry it and serve it not just the son-in-law but even his father and grandfather will eat it,positive,Drama,train
তোমার মা বাবা কিপটে,তোঁয়ার মা বাপ কিপটে,Your parents are misers,negative,Social Media,train
জামাই বলে কথা যেমন তেমন খাবার খেতে পারে না,জামাই বলি হথা যেল্লে ইল্লে হানা হাইতে ন ফারে,He is a son-in-law after all he cannot eat just any ordinary food,positive,Social Media,train
জীবনে দেশি মুরগি খায় নি যে বিয়ে করবে দেশি মুরগি খাওয়ার জন্য,জীবনে দেশি কুরো ন হায় যে বিয়া গরিবে দেশি কুরো হাওনর লাই,who has never eaten country chicken in life will get married just for the sake of eating country chicken,negative,Conversation,val
কেউ জানলে বলুন,কেউ জানিলে হন,If anyone knows please tell,positive,Conversation,test
ঘাসফড়িং তুরুৎ তুরুৎ লাফ,ঘাসফড়িং তুরুৎ তুরুৎ ফাল,Grasshopper's turut-turut jumps,neutral,Conversation,train
আমাকে ভোরে ডেকে দিও না,অ্যাঁরে পইত্তে ডাহি ন দিও,Don't wake me up early in the morning,negative,Conversation,train
শেষের লাইন এটি তোমার জন্য,শেষর লাইন ইয়েন তোঁয়ার লাই,This last line is for you,positive,Drama,train
ভাই বিদেশ থেকে টাকা পাঠাতে,বদ্দা বিদেশত তুন টিঁয়া ফাঠাতে,Brother to send money from abroad,neutral,Drama,train
আমার ঘরে ইঁদুর আমার জুতা কেটে কুচি কুচি করে ফেলে,অ্যাঁর ঘরত উন্দুরে অ্যাঁর জুতা হাডি কুচি কুচি গরে ফেলায়,A rat in my house cuts my shoe into tiny pieces,negative,Social Media,train
এটি আমি আগে শুনি নি,ইবে অ্যাঁই আগে ন ফুনি,I have not heard this before,neutral,Social Media,train
কালকে বাঁচি না মরি,হালিয়্যে বাঁচি ন মরি,Whether I live or die tomorrow,negative,Conversation,train
আমি প্রেম করেছি তোর বাবার কি,অ্যাঁই প্রেম গইজ্জি তুঁর বাপর কি,I have fallen in love what concern is it of your father's,negative,Conversation,train
মন পাগল হয়ে গেছে,মন পল অই গেইয়্যে,mind has gone crazy,negative,Conversation,train
বেশি করে স্যালাইন খাবি,বেশি গরে স্যালাইন হাবি,drink plenty of saline,positive,Conversation,train
স্যালাইন না খেলে শক্তি পাবি না,স্যালাইন ন হাইলে বল ন ফাবি,If you don't drink saline you will not have strength,negative,Drama,train
বউকে ধরে ঘুষি,বউরে ধরি কিল,Grabbing the wife a punch,negative,Drama,train
তুই আজকে বাসায় চল মাটির নিচে পুতে ফেলবো তোকে আমি,তুঁই আজিয়ে বাসাত চল মাডির নিচে গারি ফেলাইয়্যুম তোঁরে অ্যাঁই,You come home today I will bury you under the ground,negative,Social Media,train
তোর বাবার নাম আজকে জানলাম,তুঁর বাপের নাম আজিয়ে জানিলাম,I found out your father's name today,neutral,Social Media,train
ফজরের আজান দেওয়ার আগে খেয়ে পেট ফুলিয়ে ফেলি,ফজরর আজান দিবের আগে হাই পেট ফুলাই পেলাই,Before the Fajr Azan I eat and stuff my stomach completely,neutral,Conversation,train
তাহলে তুই আমার সাথে ঝগড়া কেন করিস,তঁইলে তুঁই অ্যাঁর লগে হইজ্যে গরিস কিল্লাই,Then why do you argue with me,negative,Conversation,train
আমার জীবন অর্ধেক শেষ করেছে তোর বাবা অর্ধেক তুই,অ্যাঁর জীবন আদ্ধান শেষ গইজ্জে তুঁর বাপ আদ্ধান তুঁই,Your father has ruined half of my life and you the other half,negative,Conversation,train
আমাকে শান্তি কি জিনিস দিলি না তোরা,অ্যাঁরে শান্তি কি জিনিস ন দিলি তুঁরা,You all never gave me what peace even is,negative,Conversation,train
মরে গেলেও তোরা আমাকে শান্তি দিবি না,মরি গিলেও তুঁরা অ্যাঁরে শান্তি দিতি ন,Even if I die you all will not give me peace,negative,Drama,train
আমি মরলে তোরা বুঝবি মা কি জিনিস,অ্যাঁই মরিলে তুঁরা বুঝিবি মা কি জিনিস,If I die will you all realize what a mother truly is,negative,Drama,train
আর তোর বাবা বুঝবে বউ কি জিনিস,আর তুঁর বাপ বুঝিবো বউ কি জিনিস,And your father will understand what a wife truly is,negative,Social Media,train
খাবারের সাথে কিসের রাগ,হানার লগে কিয়ের গুসসা,What anger with food,negative,Conversation,train
চুরি করে বউ চাল চিবোয়,চুরি গরে বউ চইল ছাবাই,The wife steals and chews uncooked rice,negative,Conversation,train
ঘরকে মাছের বাজার বানিয়েছিস আর তোর দেখাদেখি ছোটও বরবাদ,ঘররে মাছর বাজার বানাইয়্যুস আর তুঁর দেহাদেহি ছোডও বরবাদ,You have turned the house into a fish market and by imitating you even the younger one is getting ruined,negative,Conversation,train
দুইটা থেকে ডাকাডাকি শুরু করে দেওয়া আমার আম্মু,দুইটাত তুন ডাহাডাহি শুরু গরে দিবে অ্যাঁর আম্মু,My mom starts her repeated calling from two o'clock,neutral,Conversation,train
বেহুশ হয়ে গেলে কেমন করে করবে,বেহুশ অই গেলে ক্যান গরে গরিবে,If becomes unconscious how will do,negative,Drama,train
পার্লার বাদে মেয়ে আর কিছু চিনে না,পার্লার বাদে মাইয়্যা আর কিসু ন চিনে,The girl knows nothing else except for the parlor,negative,Drama,train
আমার আম্মু পেলে গুলি করে মেরে ফেলবে,অ্যাঁর আম্মু পাইলে গুলি গরে মারি ফেলাইব্যু,If my mom gets she will shoot dead,negative,Social Media,train
আমার লেখাপড়া ডুবিয়ে দিয়েছে,অ্যাঁর লেয়াপড়া ডুবাই দিইয়্যি,has ruined my education,negative,Social Media,train
পেট ফেটে মরে যাবো এর পরেও খাওয়া অফ করবো না,ফেট ফাডি মরি যাইয়্যুম ইবার বাদেও হানা অফ ন গইজ্জুম,Even if my stomach bursts and I die I will not stop eating,negative,Conversation,train
ইফতার করার টাইমে যখন দেখি আলুর চপ নেই,ইস্তের গরিবের টাইমত যেত্তে চ্যাঁই আলুর চপ নাই,At Iftar time when I see there is no alur chop,negative,Social Media,train
আমি যাবার পর আমার মামাত ভাই,অ্যাঁই যায়বের ফর অ্যাঁর মামাত বদ্দা,After I go my maternal cousin,neutral,Conversation,train
আমাকে কোন সময় জিজ্ঞাসা করে না,অ্যাঁরে হোন সমত পুঁছার ন গরে,does not ask me at any time,negative,Conversation,train
ফকিরের ছেলে ফকির,ফইরের ফোয়া ফইর,A fakir's son a fakir,negative,Drama,test
সাতকানিয়া গরু চোর বেড়া ভেঙ্গে দৌড়,সাইতকাইন্না গরু চোর বেড়া ভাঙ্গি দোর,The Satkanian cow thief breaking the fence makes a run for it,negative,Drama,train
মার্কেটিং করে আসার পর,মার্কেডিং গরে আইবার ফর,After doing marketing and coming,neutral,Social Media,train
তুই পুকুর থেকে উঠবি,তুঁই পইরত তুন উডিবি,You will get out of the pond,neutral,Social Media,test
পিঠের চামড়া তুলে ফেলবো,পিডর চাম তুলি ফেলাইয়্যুম,will lift off the skin of back,negative,Conversation,train
পিঠের চামড়া তুলে বাটা মরিচ লাগিয়ে দিবো,পিডর চাম তুলি বাইট্টা মরিচ লাগাই দিয়্যুম,will peel the skin off back and then apply ground chili paste,negative,Conversation,train
মার কি ভাত খাওয়ার আগে খাবি নাকি পরে খাবি,মাইর কি ভাত হাওনর আগে হাবি নাকি পরে হাবি,the beating will you take it before eating your meal or after eating your meal,negative,Conversation,train
দেখলে না মেরে থাকতে পারে না,চ্যাঁইলে ন মারি তাহিত ন ফারে,If sees cannot stay without hitting,negative,Conversation,test
খায় না গায়ে দেয়,হায় ন গাত দে,does not eat or puts on the body,neutral,Drama,train
আমি আমার বাবা মায়ের এক মেয়ে,অ্যাঁই অ্যাঁর বাপ মার উজ্ঞা মাইয়্যা,I am my parents only daughter,neutral,Drama,train
আমার লেখাপড়া শেষ করতে আর ও অনেক দিন বাকি,অ্যাঁর লেয়াপড়া শেষ গরিতে আরও বহুত দিন বাকি,There are still many days left for me to finish my education,neutral,Social Media,train
আমার পড়তে ভাল লাগে,অ্যাঁর ফরতে গম লার,I like to read,positive,Social Media,train
আমার রাগ একটু বেশি,অ্যাঁর গুসসা এক্কানা বেশি,My anger is a little much,negative,Conversation,train
আমি বাড়িতে যেতে চাই,অ্যাঁই বাড়িত যাইতাম চাই,I want to go home,positive,Conversation,train
কোভিডে সবাই অনেক কঠিন সময় পার করেছে,কোভিডত বেজ্ঞুনে অনেক কোঠিন সমত ফার গইজ্জে,Everyone has passed through a very difficult time during COVID,negative,Conversation,test
আমরাই দেশের ভবিষ্যৎ,অ্যাঁরাই দেশর ভবিষ্যৎ,We ourselves are the future of the country,positive,Conversation,train
সিদ্ধান্ত নিতে হবে বুঝে শুনে,সিদ্ধান্ত লইত অইব্যু বুজে শুনি,A decision has to be taken thoughtfully,positive,Drama,train
বুদ্ধিমান লোক সব সময় শক্তি দেখায় না,বুদ্ধিমান লোক হক্কল বেক সমত বল ন দেহায়,An intelligent person does not always show strength,positive,Drama,val
বোঝাপড়া থাকা ভাল,বুজাপড়া থাওন গম,It's good to have understanding,positive,Social Media,train
হাসতে হবে মন খুলে,আঁইশতে অইব্যু পরাণ খুলি,You must laugh heartily,positive,Social Media,train
মানুষ মানুষের জন্য বুঝেছেন,মানুষ মাইনসের লাই বুইঝন,Humans are for humans understood,positive,Conversation,train
আমার খুব শরীর খারাপ,অ্যাঁর বহুত শরীর হারাপ,I have a very bad body,negative,Conversation,train
বাংলা আমার মায়ের ভাষা তুমি জানো,বাংলা অ্যাঁর মার ভাষা তুই জানো,Bengali is my mother tongue do you know,positive,Conversation,test
আমি বাংলায় গান গাই,অ্যাঁই বাংলাত গান গাঁই,I sing in Bengali,neutral,Conversation,train
এখানে আমরা দুইটি ঘড়ি দেখতে পারছি তোমরা না,এডে অ্যাঁরা দুয়ো গড়ি চ্যাঁইতে ফারির তোঁয়ার ন,Here we can see two clocks but you cannot,neutral,Drama,train
এখন কয়টা বাজে বলেন তো,এহন কয়ডা বাজে কন তো,What time is it now tell me,neutral,Drama,train
বাজার থেকে টমেটো আনতে হবে না,বাজারুত তুন খাট্টাবাইয়্যুন আনোন ন অইব্যু,You don't need to bring tomatoes from the market,neutral,Social Media,train
ভাত খাবো না রাগ করছি আমার মনে জ্বালা,ভাত ন হাইয়্যুম গুসসা ওইইয়ে অ্যাঁর মনত জ্বালা,I won't eat rice I am angry there is a burning sensation in my heart,negative,Social Media,train
তোমার বউ সুন্দর সুন্দর কাপড় নিবে,তোঁয়ার বউ সুন্দর সুন্দর হর লইবো,Your wife will buy beautiful clothes,neutral,Conversation,train
পুকুর বাড়ির সামসু মিয়া আমার থেকে বড় নাকি,পইর বাড়ির সামসু মিয়া আরতুন ডঁর নি,Is Samsu Mia from Pukur Bari older than me,neutral,Conversation,train
কি সুন্দর বিয়ে করেছে ভাই,কি সুন্দর বিয়া গইজ্জে বদ্দা,what a beautiful wedding brother,positive,Conversation,train
আমার জন্য কালো কাপড়,অ্যাঁর লাই হালা হর,Black clothes for me,neutral,Conversation,train
আমার বাবাকে বললাম আমাকে বিয়ে করাবা নাকি,অ্যাঁর বাপেরে হইলাম অ্যাঁরে বিয়া গরাইবা নি,I asked my father Will you marry me off,neutral,Drama,train
শহরে যাবো তোমার জন্য কি আনবো বলবে,শহোরত যাইয়্যুম অ্যাঁই তোঁয়ার লাই কি আইন্নুম,I am going to the city tell me what I should bring for you,positive,Drama,train
তোমাদের এসব কথা মনে থাকবে,তোঁয়ারার এগিন হথা মনত থাইব,Will you remember all these things,neutral,Social Media,train
কি করবে আমি যদি ঠিক থাকি সব সময়,কি গরিবো অ্যাঁই যদি ঠিক থাহি বেক সমত,What will you do if I am always right,neutral,Social Media,val
মাঝে মাঝে চিঠি দিব চিন্তা করবে না,মাজে মাজে চিডি দিয়্যুম চিন্তা ন গরিবা,I will send letters sometimes don't worry,positive,Conversation,test
বলো ধোঁকা দিবে না,ক দাগা ন দিবা,Say you won't deceive me,negative,Conversation,train
বিদেশ যাচ্ছি তোমাকে রেখে,বিদেশ যাইর তোঁয়ারে রাহি,I'm going abroad leaving you behind,negative,Conversation,train
বিল্ডিং রঙ করে দিতে পারবি নাকি,বিল্ডিং রঙ করে দিত ফারিবি নি,Can you paint the building,neutral,Conversation,train
তুমি ঝামেলা কেন করো আমার সাথে,তুঁই ঝামেলা কিল্লাই গরস অ্যাঁর লগে,Why do you cause trouble with me,negative,Drama,test
আপনি ভাইয়ের ভক্ত নাকি,অনে বদ্দার বক্ত নি,Are you a fan of brother,neutral,Drama,train
কথা বলুন মুরুব্বি মানুষ উনি,হথা হন মুরুব্বি মানুষ ইতে,Speak he is an elder person,neutral,Social Media,train
তুমি কোথায়,তুঁই হডে,Where are you,neutral,Social Media,train
তোমার নাম কি,তোঁয়ার নাম কি,What is your name,neutral,Conversation,val
তুই খেলবি নাকি আমার সাথে,তুঁই কেলা হেবি নি অ্যাঁর লগে,Will you play with me,neutral,Conversation,train
আমার তোমাকে বেশি ভাল লাগে,অ্যাঁর তোঁয়ারে বেশি গম লাগে,I like you a lot,positive,Conversation,train
সামিদ কার ছেলে,সামিদ হার পোয়া,Whose son is Samid,neutral,Conversation,val
আমার কাছে কিছু ভাল লাগছে না,অ্যাঁর তুন কিসু গম ন ল্যার,I am not liking anything,negative,Drama,train
তোমার কাজ নেই ঠিক আছে,তোঁয়ার কাম নেই ঠিক আছে,You do not have anything to do okay,negative,Drama,train
কথা ঠিক আছে নাকি তোমার,হথা ঠিক আছে নি তোঁয়ার,Do you even realize what you are saying,negative,Social Media,test
মা রে মা যাবো কোথায় তাহলে,মারেম্মা যাইয়্যুম হডে তঁইলে,Oh mother then where will I go,negative,Social Media,train
তুমি ভাত খাওয়াতে পারলে,তুঁই ভাত হাবাইত পারিলে এরি,If only you could feed me rice,neutral,Conversation,train
কলিজার ভিতর গেথে রাখবো তোমাকে,কজ্জের ভিতর গাথি রাইক্ষুম তোঁয়ারে,I will keep you pierced inside my heart,positive,Conversation,train
সিনার সাথে বেধে রাখবো নাকি ভাই,সিনার লগে বাঁধি রাইক্ষুম নি বদ্দা,Should I keep you tied close to my heart brother,positive,Conversation,train
আমার মন টিকে না এখন,অ্যাঁর পরাণ ন টিকে এহন,I can not concentrate anymore,negative,Conversation,train
আর কোনদিন যাবো না তোমাকে ছেড়ে,আর হোনদিন ন যাইয়্যুম তোঁয়ারে ছাড়ি,I will never leave you again,positive,Drama,train
কান টান লাল করে ফেলবো,হান টান লাল গরি ফেলাইয়্যুম,I will pull your ear until it turns red,negative,Drama,train
এখন তুই আমাদের বাড়িতে,এহন তুঁই অ্যাঁরার বাড়িত,Now you are at our house,neutral,Social Media,val
তুই কথা কম বল,তুঁই হথা কম হ,Stop talking too much,negative,Social Media,train
এসব কি রান্না কর,এগিন কি রান্দো,What kind of food are you cooking,negative,Conversation,val
আমার কথা বুঝিস না,অ্যাঁর হথা ন বুঝস,You do not understand what Iam saying,negative,Conversation,train
আমার পিছন পিছন কি তোর,অ্যাঁর ফন্দে ফন্দে কি তুর,What is your problem following me around,negative,Conversation,train
খোদার কসম তার গায়ে জ্বর নেই,হুদার হচম ইতের গাত জ্বর নাই,By Gods swear he doesn't have a fever,positive,Conversation,val
তোমাকে আমি দেখে নেবো ভাই,তোঁয়ারে অ্যাঁই চ্যাঁই লইইয়্যুম বদ্দা,I will deal with you brother,negative,Drama,train
স্কুলে যাবার সময় কোথায় গেছিস তুই,স্কুলুতঁ যায়বের সমত হডে গেইয়্যুস তুঁই,Where did you go when it was time to go to school,negative,Social Media,train
ওবাবা বিদ্যুৎ চমকাচ্ছে এখন,অবাপ ঝিল্কি মারে এহন,Oh wow lightning is flashing now,neutral,Social Media,train
কানে কথা যায় না,হানত হথা ন যার,Do not you hear what I am saying,negative,Conversation,train
তুই ডাক্তার না কসাই,তুঁই ডাক্তার না হসাই,Are you a doctor or a butcher,negative,Conversation,train
হঠাৎ ভয় পেয়েছিলাম,আতিক্কে ডর ফাইয়্যি,I got scared suddenly,negative,Conversation,train
অন্ধ গরুর আলাদা বাঁধা,আন্ধা গরুর জোওদ বান্ধা,The blind cow is tied separately,neutral,Conversation,train
আমি তোর বাবাকে চিনি না আজকে থেকে,অ্যাঁই তুঁর বাপেরে ন চিনি আজিয়েত তুন,I do not recognize your father anymore from today,negative,Drama,train
এখানে মরার ভয়ে ভাই,এহানে মউতের ডড়ে বদ্দা,Here out of fear of dying brother,negative,Drama,val
এখানেও মানুষ মরে,এডেও মানুষ মরে,People die here too,negative,Social Media,train
তুই রঙ মিস্ত্রি শপন না রঙ করিস যে এখানে,তুঁই রঙ মিস্তিরি শপন ন রঙ গরিস দে এডে,Are you the painter Shopon that you're painting here,neutral,Social Media,train
চট্রগ্রাম রোড সিটি কর্পোরেশন অফিস,চিটাং লাস্তা সিটি কপোরেশন অপিশ,Chattogram Road City Corporation Office,neutral,Conversation,train
এখান দিয়ে বিল্ডিং উঠাবো আমি রঙ করতে পারবি তুই নাকি রে,এয়ান দি বিল্ডিং উঠামু অ্যাঁই রঙ গরিত ফারিবি তুঁই নি রে,I will build a building here can you even paint it,neutral,Conversation,train
কন্ট্রাক্টে কাজ করতাম,কন্টাকে কাম গইত্তাম,I used to work on contract,neutral,Conversation,train
তো আমি কি করব,তো অ্যাঁই কিত্তাম,So what should I do,neutral,Conversation,train
আমি কিভাবে বলব তোকে,অ্যাঁই কেনে কইতাম তুঁরে,How do I tell you,neutral,Drama,train
তুমি আমাকে চিনো নাকি,তুঁই অ্যাঁরে চিনোছ নি,Do you know me,neutral,Drama,train
এতো রাতে কি কাজ আমাকে বল,এদ্দুর রাইতে কি কাম অ্যাঁরে হ,What work do you have this late Tell me,negative,Social Media,train
ভিতরে কালো কাপড়,বিতুরে হালা হর,Black cloth inside,neutral,Social Media,train
আমি আগে একটা বলি দেখার জন্য,অ্যাঁই আগে উজ্ঞো হই দেহার লাই,First I want to show something,neutral,Conversation,train
বসে বসে গল্প না করে,বৈ বৈ কিচ্ছে ন মার,Instead of sitting around chatting,negative,Conversation,train
তুমি অসুস্থ মানুষ ঘুম ভেঙে দিচ্ছ কেন,তুই অসুখকে মানুসুর ঘুম ভাঙি দওদে কিল্লাই,Why are you waking up a sick person,negative,Conversation,val
রঙ মিস্ত্রি না আমি রং করা ছেড়ে দিয়েছি আজকে থেকে,রঙ মিস্তিরি ন অ্যাঁই রঙ গরন ছাড়ি দিয়্যি আজিয়েত তুন,I am not a painter I have stopped painting from today,negative,Conversation,train
দেখে রাখার জন্য,চ্যাঁই রহিবার লাই,For monitoring,neutral,Drama,train
আমি তোমাকে বেশি করে বলবো এখন থেকে,অ্যাঁই তোঁয়ারে বেশি গরে কইয়্যুম এহন তুন,I will tell you more from now on,positive,Social Media,test
কথা তো এতক্ষণ বলে মাথা পাগল করে দিয়েছ,হথা তো এতক্ষণ হইয়্যরে মাতা পল করে দিইয়ুছ,By talking for so long you have driven me crazy,negative,Social Media,train
জাত বংশ নাই তোমার এখন,জাত খান্দান নাই তোঁয়ার এহন,You have no lfamily now,negative,Conversation,train
আপু তোমার ভিডিওর জন্য সময় আছে,আফা তোঁয়ার ভিডিওর লাই টেম আছে,Sister do you have time for the video,neutral,Conversation,train
আজকে বিয়েতে আমি সেরা,আজিয়ের বিয়াত অ্যাঁই সেরা,Today I am the best at the wedding,positive,Conversation,train
দেখবো দেখবো কি একবারে দেখাবি,দেইক্ষুম দেইক্ষুম কি এব্বেরে দেহাবি,I will see I will see will you show it all at once,neutral,Drama,train
আমি যাবো না বিগ বসে এখন,অ্যাঁই ন যাইয়্যুম বিগ বসত এহন,I will not go to Bigg Boss now,neutral,Drama,val
আপুকে বেশি ভাল লাগে কারণ আমি ও টেইলারিং করি,আপারে বেশি গম লার হারণ অ্যাঁই ও টেইলারিং গরি,You like me more because I also do tailoring,positive,Social Media,train
কঠিন হয়েছে আজকের,জটিল হইয়্যে আজিয়ের,Today has been tough,negative,Social Media,train
তাহলে সে যদি বেঁচে না থাকে,তঁইলে ইতে যদি বাঁচি ন থাহে,Then if he is not alive,negative,Conversation,train
এটি আমাদের কাছে নতুন,ইবে অ্যাঁরার হাছে নয়া,This is new to us,neutral,Conversation,val
কারণ তারপর বন্ধ হয় না,হারণ তারপর ন অয়,Because it does not stop afterwards,negative,Conversation,train
আমরা অনেক করেছি কিন্তু,অ্যাঁরা বহুত গইজ্জি কিন্তু,We have done a lot but,neutral,Drama,train
কিছু পাই না এটি কে দেয়,কিসু ন ফাই ইবে কেডা দে,I get nothing who gives this,negative,Drama,train
প্রতিদিন ভোরে সামনে থাকে,ফত্তিন পইত্তে সামনে থাহে,Stays in front every morning,neutral,Social Media,train
একটা করে এখানে পড়ে থাকে,উজ্ঞো গরে ইয়েন ফড়ি থাহে,One stays here each time,neutral,Social Media,train
আর কিছু বলল না,আর কিসু ন হইলো,Did not say anything else,neutral,Conversation,train
চিন্তা করে কোন কিছু আছে,চিন্তা গরে হোন কিসু আছে,There is something after thinking,positive,Conversation,train
পরে দেখা যাবে এটি,ফরে দেহা যাইব্যু ইবে,This will be seen later,neutral,Conversation,train
কিনে বাড়িতে চলে আসে,কিনি বাড়িত চলি অ্যাইয়ে,Buys (it) and comes home,neutral,Conversation,val
বাড়ির ভিতরে দেখে একটা মেয়ে,ঘরোর বিতুরে চ্যাঁই উজ্ঞো মাইয়্যা,Saw a girl inside the house,neutral,Drama,train
মেয়ে দেখতে সুন্দরী,মাইয়্যা চ্যাঁইতে সুন্দরী,The girl looks beautiful,positive,Drama,train
তাকে কেমন যেন লাগছে,ইতারে ক্যান যেন ল্যার,She looks somewhat different,neutral,Social Media,test
এসব কি দেখাই আমি,এগিন কি দেহাই অ্যাঁই,Do I show these things,negative,Social Media,test
আপনাকে তো দেখি না,অনেরে তো ন দেহির,I do not see you.,neutral,Conversation,train
সুন্দরী মেয়ে মনে ধরে রাখিস,সুন্দরী মাইয়্যা মনত ধরি রাহিস,Keep the beautiful girl in mind,positive,Conversation,train
আমাকে আর দেখবে কি করে,অ্যাঁরে আর চ্যাঁইবে কি গরে,How will you see me again,negative,Conversation,train
কথা শুনে রাগ হয়,কথা শুনি গুসসা অয়,I get angry hearing the words,negative,Conversation,train
তখন বলল আরোহী আমার নাম,তহন হইলো আরোহী অ্যাঁর নাম,Then said Arohi is my name,neutral,Drama,train
এখন মনে পড়ে,এহন মনত ফড়ে,Now I remember,positive,Drama,val
তুই তাহলে ভাবির বোন,তুঁই তঁইলে ভাবির বইন,So you are sister of bhabi,neutral,Social Media,train
যে আমাকে দেখেছে,যে অ্যাঁরে দেইক্কে,The one who has seen me,neutral,Social Media,train
যাক দেখা যাবে তাহলে,যাক দেহা যাইব্যু তঁইলে,Well we will see then,neutral,Conversation,train
অনেক বড় হয়ে গেছে দেখি,বহুত ডঁর অই গেইয়্যে চ্যাঁই,I see grown up a lot,positive,Conversation,train
আমি নিজে তো একটা বাচ্চা,অ্যাঁই নিজে তো উজ্ঞো ছা,I myself am just a child,neutral,Conversation,val
বড় একটা মেয়ে নিজেকে বাচ্চা বলে,ডঁর উজ্ঞো মাইয়্যা নিজেরে ছা কইয়্যরে,A grown-up girl calls herself a child,neutral,Conversation,train
চুপ হয়ে গেল একবারে,চুপ অই গিল এব্বেরে,Suddenly became completely silent,negative,Drama,train
এটি আবার কি ধরনের মেয়ে,ইবে আবার কি ধরনর মাইয়্যা,What kind of girl is this again,negative,Drama,train
জানিস না আমি বড় মেয়ে,ন জানোস অ্যাঁই ডঁর মাইয়্যা,Don’t you know I’m a grown-up girl,neutral,Social Media,train
খারাপ কি বলল সে,হারাপ কি হইলো ইতে,What bad did she say,neutral,Social Media,train
আরোহী মাটিতে বসে পড়ে,আরোহী মেডিত বৈ ফড়ি,Arohi sits down on the ground,neutral,Conversation,val
এমন সময় মাইশা এসেছে,এন সমত মাইশা আইসসে,Just then Maisha arrived,neutral,Conversation,train
তারা একটা লাঠি দিয়ে দেয়,ইতারা উজ্ঞো লাডি দি দে,They give a stick,neutral,Conversation,train
তারপর রাগ করে সে অন্য দিকে চলে গেল,তারপর গুসসা গরে ইতে অন্য মিক্কে চলি গেইয়্যি,Then angrily he went to the other side,negative,Drama,train
নিজের ঘরে গিয়ে রাখে তার জিনিস,নিজর ঘরত গিয়্যি রাহে ইতার জিনিস,Goes to own room and keeps his things,neutral,Social Media,train
রাতে খাওয়া শেষ করে দেখাই,রাইতে হাওন শেষ গরে দেহাই,After finishing dinner I will show,neutral,Conversation,train
একটু পর সে এসে গেল,এক্কানা ফর ইতে আই গিল,After a little while he came,neutral,Conversation,test
এমন সময় কি যেন একটা হল,এন সমত কি যেন উজ্ঞো অইল,At that moment something happened,positive,Conversation,train
ভিতরে থাকা মেয়ে তার দিকে দেখে,বিতুরে থাওন মাইয়্যা ইতার মিক্কে চ্যাঁই,The girl inside looks towards him,neutral,Drama,train
তারা মেয়ের সামনে আছে,ইতারা মাইয়্যার সামনে আছে,They are in front of the girl,neutral,Social Media,train
এই মেয়ে তার নিজের,এই মাইয়্যা ইতার নিজর,This girl is his own,positive,Social Media,train
মেয়ের চোখ আছে খুব সুন্দর,মাইয়্যার চুখ আছে বহুত সুন্দর,The girl has very beautiful eyes,positive,Conversation,train
সারা মুখে ভয় তার,গুডা মুকে ডর ইতার,Fear is all over her face,negative,Conversation,train
ঠান্ডা পরিবেশ কিন্তু গরম লাগছে,টান্ডা পরিবেশ কিন্তু গরম ল্যার,The environment is cold but it feels hot,neutral,Conversation,train
সব দিকে কেমন ঘুরে দেখেছে,হক্কল মিক্কে ক্যান ঘুরি দেইক্কে,Looks around all directions somehow,neutral,Drama,train
নিজেকে এমন করে প্রশ্ন করল,নিজেরে এন গরে ফশ্ন গরিল,Asked oneself like this,neutral,Drama,val
আপনি আমার মত দেখতে,অনে অ্যাঁর নান চ্যাঁইতে,You look like me,positive,Social Media,train
কেমন করে কে আপনি,ক্যান গরে কেডা অনে,How come who are you,neutral,Social Media,train
কথা শুনে মেয়ে শব্দ করে বলল,হথা শুনি মাইয়্যা শব্দ গরে হইলো,Hearing the words the girl spoke out loud,neutral,Conversation,train
নিজে নিজেকে চিনো না,নিজে নিজেরে ন চিনোছ,You do not know yourself,negative,Conversation,train
কেমন মেয়ে তুই নিজের চেহারা দেখাবি,ক্যান মাইয়্যা তুঁই নিজর চিয়ারা দেহাবি,What kind of girl are you to show your face,negative,Conversation,test
ভুলে বসে আছে,ভুলে বৈ আছে,Sitting absentmindedly,neutral,Conversation,train
আমি তুই একটা মানুষ,অ্যাঁই তুঁই উজ্ঞো মানুষ,I am a human just like you,positive,Drama,train
বিশ্বাস করি না আমি,বিশ্বাস ন গরি অ্যাঁই,I do not believe it,positive,Drama,train
সবাই আমার সামনে থেকে চলে যাবেন,বেজ্ঞুনে অ্যাঁর সামনে তুন চলি যাইবেন,"""Everyone will leave from in front of me",negative,Social Media,train
আর আসবি না আমার সামনে,আর ন আবি অ্যাঁর সামনে,Do not come in front of me again,negative,Social Media,train
এসেছি কোথায় যে চলে যাবো,আইচ্ছি হডে যে চলি যাইয়্যুম,Where have I come from that I would leave,neutral,Conversation,val
আমি তো তোর মধ্যে ছিলাম,অ্যাঁই তো তুঁর মাজে আসসিলাম,I was within you,neutral,Conversation,train
আমার কি করতে হবে,অ্যাঁর কি গরিতে অইব্যু,What should I do,neutral,Conversation,test
কখনো তোকে বলেছিল,হনঅত্তে তুঁরে হইয়্যিল,Did I ever tell you,neutral,Conversation,train
চেষ্টা করছি হচ্ছে না,চেষ্টা গইজ্জি ন অইলদে,I am trying but it is not working,negative,Drama,train
সময় এসেছে সবকিছু জানলাম,সমত আইসসে বেক্কিছু জানিলাম,The time has come I have learned everything,positive,Drama,train
তোর জানতে মন চায় না তুই কে,তুঁর জানিত মন ন চায় তুঁই কেডা,You do not even care to know who you are,negative,Social Media,train
তোর বাবা মা কোথায়,তুঁর বাপ মা হডে,Where are your parents,neutral,Social Media,train
আমি কিছু জানতে চাই না,অ্যাঁই কিসু জানিত ন চাই,I do not want to know anything,negative,Conversation,train
আমার কাছে থেকে যাবি,অ্যাঁর হাছে তুন যাবি,Will you stay with me,neutral,Conversation,train
কোথায় আপনি আমাকে বলেন,হডে অনে অ্যাঁরে কন,Where are you Please tell me,neutral,Conversation,val
মেয়ে আমাকে মেরে ফেলবে,মাইয়্যা অ্যাঁরে মারি ফেলাইব্যু,The girl will kill me,negative,Conversation,train
চিৎকার করে কে ডাকে,চিৎকার গরে কেডা ডাহে,Who is calling out loudly,neutral,Drama,train
কি শুরু করল এসব,কি শুরু গরিল এগিন,What nonsense has started now,negative,Drama,train
তার চিৎকার শুনে তার সামনে থাকা মেয়ে,ইতার চিৎকার শুনি ইতার সামনে থাওন মাইয়্যা,Hearing his scream the girl in front of him,neutral,Social Media,train
একটু একটু করে তার দিকে আসতে থাকে,এক্কানা এক্কানা গরে ইতার মিক্কে আইত থাহে,slowly he keeps coming toward him,neutral,Conversation,train
সে পিছনে আসছে,ইতে ফিছে আইব্যু,He is coming from behind,neutral,Conversation,train
আর মেয়ে তার দিকে আসছে,আর মাইয়্যা ইতার মিক্কে আইত,And the girl is coming toward him,neutral,Drama,test
হঠাৎ পিছনে একটা গাছের সাথে,আতিক্কে ফিছে উজ্ঞো গাছর লগে,Suddenly at the back with a tree.,neutral,Social Media,train
যাওয়ার আর কোন সুযোগ নেই,যনঅর আর হোন সুজুগ নাই,There is no more chance to leave,negative,Social Media,val
একবারে চোখ বন্ধ করে ফেলে,এব্বেরে চুখ বন্ধ গরে ফেলায়,Suddenly closes eyes,neutral,Conversation,train
অনেক চিৎকার দিয়ে দেয়,বহুত চিৎকার দি দে,shouts a lot,negative,Conversation,test
মেয়ে তার মধ্যে শেষ হয়ে গেল,মাইয়্যা ইতার মাজে শেষ অই গিল,The girl was completely exhausted within herself.,negative,Conversation,train
হঠাৎ ভয়ে বলে দেয়,আতিক্কে ডরে কইয়্যরে দে,suddenly blurts out in fear,negative,Drama,train
আমাকে মেরে ফেলো না,অ্যাঁরে মারি ন ফেল,Does not kill me,negative,Drama,train
আমি তোর কি ক্ষতি করেছি,অ্যাঁই তুঁর কি ক্ষতি গইজ্জি,What harm have I done to you,negative,Social Media,train
আমাকে ছেড়ে দাও তোমরা,অ্যাঁরে ছাড়ি দ তোঁয়ারা,Let me go all of you,negative,Social Media,train
চোখ খুলে দেখি আমি,চুখ ফাখায় চ্যাঁই অ্যাঁই,I open my eyes and see,neutral,Conversation,val
তুই রাতে বাগানে কি করস,তুঁই রাইতে বাগানত কি গরস,What are you doing in the garden at night,negative,Conversation,train
চোখ খুলে সে আছে সামনে,চুখ খুলি ইতে আছে সামনে,open my eyes and she is standing in front of me,neutral,Conversation,val
মাথায় হাত রেখে চিন্তা করে কি হল,মাতাত আঁত রাহি চিন্তা গরে কি অইল,puts a hand on their head and thinks What happened,negative,Drama,train
অনেক চিন্তা হচ্ছে তার জন্য,বহুত চিন্তা অওদ্দে ইতের লাই,Worrying a lot about him,negative,Drama,train
তারা কিছু বলেছিল না,ইতারা কিসু ন হইয়্যিল,They did not say anything,positive,Social Media,train
চোখে পানি দেখে বলল,চুখত পানি চ্যাঁই হইলো,Seeing tears in eyes said,negative,Conversation,val
কি হয়েছে বললে না,কি হইয়্যে ন হইল্যে,You did not tell me what happened,negative,Conversation,test
আমি কেমন করে যাবো,অ্যাঁই কেমন গরে যাইয়্যুম,How am I supposed to leave,negative,Conversation,test
তুই এখানে কি করিস,তুঁই এডে কি গরিস,What are you doing here,negative,Conversation,train
সে কথা বলতে না বলতে,ইতে হথা হইতে ন হইতে,As someone was about to speak,neutral,Drama,train
এখন বলতে হবে ঘরে যাবি এখন,এহন হইতে অইব্যু ঘরত যাবি এহন,Now I have to say go to the room no,negative,Drama,train
সারাদিন অনেক কাজ হয়ে গেছে,গুডাদিন বহুত কাম অই গেইয়্যে,A lot of work got done all day,neutral,Social Media,train
কি যে কর না তোমরা,কি যে গর তোঁয়ারা,What are you all even doing,negative,Social Media,test
দাদি জব্দ করেছে,দাদি জব্দ গইজ্জে,Grandma has confiscated,negative,Conversation,train
ভাল করে জব্দ করা দরকার নেই মাকে,গম গরি জব্দ গরা দরহার নাই মারে,There is no need to scold Mom so harshl,negative,Conversation,test
মাকে বলে এক কথা দাদিকে বলে আর এক কথা,মারে হয় এক্কান হথা দাদিরে হয় আরেক্কান হথা,You say one thing to me and another to grandma,negative,Conversation,train
এই বুড়ো বয়সে আমাকে গুনার ভাগিদার করবি,এই ব্যুইড়া বয়সে অ্যাঁরে গুনার ভাগিদার গরিবি,You are making me bear the burden of your faults in this old age,negative,Conversation,train
মেয়ে এলাকায় থাকতে দিবে না বুঝলাম,মাইয়্যা এলাহাত থাইতে ন দিতি ন বুজিলাম,So you will not let your daughter live in the are i get it now,negative,Drama,train
একটা মেয়ে তাকে শাসন করতে পারে না,উজ্ঞো মাইয়্যা ইবেরে শাসন গরিত ন ফারে,A girl cannot control him,negative,Drama,val
বুড়ো বয়সে রোজা রমজান মাসে এসব ভাল লাগে না,ব্যুইড়া বয়সে রোজা রমজান মাসত এগিন গম ন লার,At this old age I do not enjoy these things during Ramadan,negative,Social Media,train
একটা সুন্দর ছেলে দেখলে ঘুর ঘুর করে,একান্না সুন্দর ফোয়া চ্যাঁইলে গুর গুর গরে,When I see a handsome boy I feel all fluttery inside,positive,Conversation,train
প্রিন্স মাহবুবেকে কি তোর ভাল লাগে,প্রিন্স মাহবুবেরে কি তুঁর গম লার,Do you like Prince Mahbub,neutral,Conversation,train
আমি কি দাদিকে বিচার দিব নাকি,অ্যাঁই কি দাদিরে বিসার দিয়্যুম নি,Should I seek justice against grandma,negative,Conversation,val
তোর মায়ের জ্বালায় তো থাকতে না পারি,তুঁর মার জ্বালাত ত থাইত ন ফারি,I can not stand your mothers nagging anymore,negative,Conversation,train
ও ছেলে কি বলবো তোকে,ও ফোয়া কি হইয়্যুম তোঁরে,Oh boy what should I even say to you,negative,Drama,val
আমার ছেলেকে বিয়ে করিয়ে আমার ছেলের জীবন শেষ,অ্যাঁর ফোয়ারে বিয়া গরাইয়্যেনে অ্যাঁর ফুয়ার জীবন শেষ,By forcing my son into marriage you have ruined his life,negative,Social Media,test
আমার জীবন শেষ হয়ে গেছে ভাই,অ্যাঁর জীবন শেষ অই গেইয়্যে বদ্দা,My life is ruined brother,negative,Social Media,train
ছোট থাকতে আমার মা আমাকে ধোলাই দিত না,ছোড থাইতে অ্যাঁর মা অ্যাঁরে ধুলাই ন দিত,When I was little my mother did not beat me,neutral,Conversation,train
বোন চিন্তা করিস না আমি আছি,বইন চিন্তা ন গরিস অ্যাঁই আছি,Sister do not worry I am here,positive,Conversation,train
স্টাইলে কাপড় সিলাই করার জন্য শিল্পী আপার সাথে যোগাযোগ করো,স্টাইলে হর সিলাই গরিবের লাই শিল্পী আফার লগে যোগাযোগ গরো,Contact Shipli Apa for stylish clothes stitching,neutral,Conversation,test
তোমার জন্য আপু কম রাখবো,তোঁয়ার লাই আফা হম রাইক্ষুম,Sister I will keep less for you,positive,Conversation,train
শিল্পী আপু তো চট্টগ্রামের বিগ বস,শিল্পী আফা ত চিটাংঅর বিগ বস,Shipli Apu is the big boss of Chittagong,positive,Drama,train
সেলাই করেন শিল্পী আপু,সেলাই গরে শিল্পী আফা,Shipli Apu stitches,neutral,Drama,train
আপু আপনি খুশি মনে যা দিবেন,আফা অনে খুশি মনত যা দিবেন,Sister whatever you give happily,positive,Social Media,train
দুই টাকা দিলে চলবে,দুই টিঁয়া দিলি চলিবু,Will two taka be enough,neutral,Social Media,train
দুঃখের কথা কি বলব অনেক ঝামেলায় ছিলাম,দুকের হথা কি হইতাম বহুত জামিলাত আসসিলাম,What can I say about my sorrows I was in a lot of trouble,negative,Conversation,train
কিন্তু আপু আমাকে টাকা বাড়িয়ে দিতে হবে,কিন্তু আফা অ্যাঁরে টিয়া বাড়াই দন ফরিব্যু,But sister you have to increase my money,negative,Conversation,train
টাকা বেশি বাড়িয়ে দিতে পারবো,টিঁয়া বেশি বাড়াই দিত পাইজ্জুম,I can increase the money a lot,positive,Conversation,train
আমার বোনের টাকা চুরি করতে যেয়ে ধরা খাই হাতেনাতে,অ্যাঁর বইনের টিঁয়া চুরি গরিত য্যাই ধরা হাঁই আতেনাতে,I was caught red-handed trying to steal my sister's money,negative,Conversation,train
তুই একদম শয়তানের বাচ্ছা,তুঁই একদম সতানের ছা,You are absolutely a devil's child,negative,Drama,train
মানুষকে সকালে রেখে সন্ধ্যায় কিনে নেবেন,মাইনসেরে বেইন্যে রাহি আজুইন্নে কিনি লইয়্যুন,You will leave people in the morning and buy them in the evening,negative,Drama,train
বোন আল্লাহ তোকে কি দিয়ে বানিয়েছে,বইন আল্লাহ তোঁরে কি দি বানাইয়্যে,Sister what has Allah made you with,neutral,Social Media,val
আল্লাহ তোকে হায়াত দেয়,আল্লাহ তোঁরে অয়াত দে,May Allah grant you a long life,positive,Social Media,train
আপু আমি তো তোমার থেকে বড় হয়ে গেছি,আফা অ্যাঁই ত তোঁয়ার তুন ডঁর অই গেয়্যি,Sister I have become older than you now,neutral,Conversation,train
ও মা আমি সাজেকে যাবো না,ও মা অ্যাঁই সাজেকঅত ন যাইয়্যুম,Oh mother I won't go to Sajek,negative,Conversation,train
আমাদেরকে আমাদের মা যেমন করে পড়াতো,অ্যাঁরারে অ্যাঁরার মা যেল্লে গরে ফরাইতু,Just like our mother used to teach us,neutral,Conversation,train
মেহমানের সামনে নাস্তা দিয়ে আসে,মেমানর সামনে নাস্তা দি অ্যাইয়ে,comes after serving snacks in front of the guest,neutral,Conversation,train
আমার মোবাইলে আছে,অ্যাঁর মোবাইলত আছে,It is on my mobile,neutral,Drama,val
ভাই কাপড় ভাল না নাকি,বদ্দা হর গম ন নি,Brother is the fabric not good,negative,Drama,train
কথা বলার জন্য আমি অন্য ঘরে যাই,হথা হইবের লাই অ্যাঁই অন্য ঘরত যাই,I go to another room to talk,neutral,Social Media,test
নিজের মেয়ে দোষ করে না,নিজের মাইয়্যা দোষ ন গরে,One's own daughter doesn't do wrong,neutral,Social Media,val
মা বেশি গেঞ্জাম করে না,মা বেশি গেঞ্জাম ন গরে,Mother doesn't create much trouble,positive,Conversation,train
টুম্পা দজ্জাল মেয়ে,টুম্পা দজ্জাল মাইয়্যা,Tumpa is a shrewish girl,negative,Conversation,train
গোলামের বাচ্চা গোলাম মেয়ে,গোলামোর ছা গোলাম মাইয়্যা,Slave's child slave girl,negative,Conversation,train
আমি চিন্তা করেছি এটি,অ্যাঁই চিন্তা গইজ্জি ইবে,I have thought about this,neutral,Conversation,train
শিল্পী আপুর আলাদা একটা এপিসোড,শিল্পী আফার জুদা উজ্ঞো এপিসোড,Shipli Apu has a separate episode,neutral,Drama,train
যারা দেখো নি এখন যেয়ে দেখে আসো,যারা ন দেহো এহন যায় চ্যাঁই আইয়্যু,Those who haven't seen it go and watch it now,neutral,Drama,train
মাথা গরম হলে নাক ফুলিয়ে ফেলে,মাতা গরম অইলে নাক ফুলই ফেলায়,When angry one flares their nostrils,neutral,Social Media,train
আমি বই নিয়ে আসি যাই,অ্যাঁই বই লই অ্যাই যাই,I will go and get the book,neutral,Social Media,train
আমি তোর চাচাতো বোন সালমা,অ্যাঁই তুঁর চাচতো বইন সালমা,I am your cousin Salma,neutral,Conversation,train
মোরগ অনেক মজা হয়েছে আজকে,লাতাকুরো বোত মজা অইয়্যে আজিয়েত,The chicken was very delicious today,positive,Conversation,train
সমুদ্রে গেছিস তুই নাকি,দইজ্জে গেইয়্যুস তুঁই নি,You have been to the sea right,neutral,Conversation,train
স্বাদের জন্য ছাড়তে পারি না,স্বাদের লাই ছাড়িত ন ফারি,I can't give it up for the taste,positive,Conversation,train
আমি কাঁটার জন্য গিলতে পারি না মাছ,অ্যাঁই কাডার লাই গিলিত ন ফারি মাছ,I can't swallow fish because of the bones,negative,Drama,train
পোড়া কপালি নাকি তুই,পোড়া হোয়ালি নি তুঁই,Are you ill-fated,negative,Social Media,test
সে রাগ হয় না,ইতে গুসসা ন হই,He doesn't get angry,positive,Social Media,val
লুঙ্গি পরে যেন পিলারে না ওঠে,লুঙ্গি ফরি যেন খাম্বাত ন উডে,Don't climb the pillar wearing a lungi,neutral,Conversation,train
বাবার গুনগান গাওয়ার জন্য যাবে,বাফের গুণগান গাইবার লাই যাইব্যু,Will go to sing praises of father,positive,Conversation,train
নিজের জন্য সময় পাই না,নিজের লাই সময় ন ফাই,I don't find time for myself,negative,Conversation,test
আমি বাড়িতে যেয়ে ফুর্তি করবো নাকি,অ্যাঁই বাড়িত য্যাই ফুত্তি গইজ্জুম নি,Will I go home and have fun or what,neutral,Drama,val
সামনে থাকা যেত না,সামনে থাওন ন যাইত্যু,It was not possible to stay in front,negative,Drama,train
এটি দেখে দাদিকে বেশি মনে পরে,এডি চ্যাঁই দাদিরে বেশি মনত ফরে,Seeing this reminds me of grandmother more,positive,Social Media,train
আল্লাহ আমাকে যেন জান্নাত নসিব করে,আল্লাহ অ্যাঁরে যেন জান্নাত নসিব গরে,May Allah grant me paradise,positive,Social Media,train
তোমার ভিডিও তার পেজে দেয়,তোঁয়ার ভিডিও ইতার পেইজত দে,He puts your video on his page,neutral,Conversation,train
ভাল হয়ে যা না হলে মাইর খেতে খেতে মরে যাবি,গম অই যা ন অইলে মাইর হাইতে হাইতে মরি যাবি,Behave yourself or you'll die from beatings,negative,Conversation,train
বাতাসে আমার চুল পাকে নি,বাতাসে অ্যাঁর চুল ন ফাকে,My hair didn't turn gray in the wind,neutral,Conversation,test
গাছের নিচে প্রেম করতে যায়,গাছর তলাত ফিরিত গরিতে যায়,Goes to make love under the tree,positive,Drama,train
গাছ লাগাতে বললে গা জ্বালা করে নাকি ভাই,গাছ লাগুন হইল্যে গা জ্বালা গরে নি বদ্দা,Does it bother you brother when asked to plant trees,negative,Drama,train
কাজের কথা বললে গায়ে জ্বর ওঠে,কামের হথা হইল্যে গাত জ্বর উডে,When work is mentioned one gets a fever,negative,Social Media,train
আষাঢ় মাসের ঝড় হবে,আষাঢ় মাইস্যা ঝড় অইব্যু,There will be a storm in the month of Ashar,neutral,Social Media,val
মরে যাচ্ছি ভয়ে নাকি,মরি যাইরগুই ডরে নি,Am I dying of fear,negative,Conversation,train
দেই তাকে কিল,দি ইতারে কিল,i gave her a punch,negative,Conversation,train
ঝড়ে কোথায় পাবো গাড়ি ঘোড়া,ঝড়ত হডে পাইয়্যুম গাড়ি ঘোড়া,In this storm where will I find a car or horse,negative,Conversation,train
বিলের মধ্যে দেখি,বিলর মাজে চ্যাঁই,I see in the marsh,neutral,Drama,val
বর্ষা কালে কোথায় যাবো,বর্ষা কাইল্যা হডে যাইয়্যুম,Where will I go in the monsoon season,neutral,Drama,train
এমন করে ঝড় হলে কেমন করে থাকবো,এন গরি ঝড় অইলে ক্যান গরি থাইক্কুম,If there's such a storm how will I stay,negative,Social Media,train
বউ ছেলেমেয়েকে কোথায় রাখবো,বউ ফোয়ামাইয়্যাগুন হডে রাইক্ষুম,Where will I keep my wife and children,neutral,Social Media,train
পানি ঢোকে ঘরে,পানি ঢুকের ঘরত,Water enters the house,negative,Conversation,train
ঘরে চাল ডাল নেই নাকি,ঘরত চইল ডাইল নাই নি,Is there no rice and lentils in the house,negative,Conversation,train
তোমার কি আছে পাকা ঘর নাকি,তোঁয়ার কি আছে পাক্কা ঘর নি,Do you have a permanent house,neutral,Conversation,train
ঝর হলে খিচুরি খাবো না,ঝর পইল্যে খেচুরি ন হাইয়্যুম,If there is a storm I won't eat Khichuri,negative,Conversation,train
মনে লাগে না ভয় তার,মনত ন লার ডর ইতার,doesn't feel fear in their mind,positive,Drama,train
আমরা গরিব মানুষ নাকি,অ্যাঁরা গরিব মানুষ নি,Are we poor people,neutral,Drama,train
চিন্তা করি কেন বললাম,চিন্তা গরি কিল্লাই হইলাম,I wonder why I said that,neutral,Social Media,train
যার তার সাথে করবি,যার তার লগে গরিবি,You will do it with anyone,negative,Social Media,val
হাসপাতালে রপ্তানী করে দিব নাকি,হাসপাতালত রপ্তানী গরে দিয়্যুম নি,Should I export you to the hospital,negative,Conversation,train
আমার মা মানা করেছে,অ্যাঁর মা মানা গইজ্জে,My mother has forbidden it,neutral,Conversation,train
আজকে কি তরকারি,আজিয়ে কি ছালন,What is the curry today,neutral,Conversation,train
আমি করেছি মুখ দিয়ে,অ্যাঁই গইজ্জি মুক দি,I did it with my mouth,neutral,Conversation,val
দেখি বান্দর হয়ে গেছিস,চ্যাঁই বান্দর অই গেইয়্যুস,Look you have become a monkey,negative,Drama,train
তোমাকে মাইর দেয়া দরকার,তোঁয়ারে মাইর দন দরহার,You need a beating,negative,Drama,train
দাও না আমি তোমাকে মানা করেছি,দ না অ্যাঁই তোঁয়ারে মানা গইজ্জি,give it have i forbidden you,neutral,Social Media,train
কালকে কি তোমার,হালিয়্যে কি তোঁয়ার,What about you tomorrow?,neutral,Social Media,train
কেন বলতে গেলাম,কিল্লাই হইতে গেলাম,Why did I go?,negative,Conversation,train
ভাল করে পড়েছ,গম গরে পইজ্জু,well read,positive,Conversation,train
বাংলা ভাল লাগে না,বাংলা গম ন লার,I don't like Bengali,negative,Conversation,train
বেশি নম্বর পাবে,বেশি লম্বর ফাইবে,Will get more numbers,positive,Conversation,val
তুমি তো অনেক কিছু জানো,তুঁই ত বোত কিসু জানো,You know a lot of things,positive,Drama,train
তোমার চোখ দুটো টানা টানা,তোঁয়ার চুখ দুয়ো টানা টানা,Your eyes are elongated,positive,Drama,train
সারাদিন দেখি না তোমাকে,গুডাদিন ন চ্যাঁই তোঁয়ারে,I don't see you all day,negative,Social Media,train
যাহ্ আমার শরম লাগছে,যাহ্ অ্যাঁর শরম ল্যার,Oh I feel shy,negative,Social Media,train
এটি না আরেকটা,ইয়েন ন আরেক্কান,Not this one another one,neutral,Conversation,train
তোমার মতামত কি,তোঁয়ার মথামথ কি,What is your opinion,neutral,Conversation,train
পরে কথা বলবো,ফরে হথা হইয়্যুম,I will talk later,neutral,Conversation,test
আজকে থেকে ফেসবুক রাখবো না,আজিয়ে তুন পেসবুক ন রাইক্ষুম,From today I will not keep Facebook,neutral,Conversation,train
ভাল খোদাহাফেজ,গম খোদাহাফেজ,Good goodbye,positive,Drama,train
তুই কি আমার প্রশ্নের জবাব দিবি,তুঁই কি অ্যাঁর ফশ্নর জোয়াব দিবি,Will you answer my question,neutral,Drama,val
বন্ধু গুলোকে মোবাইল দিলে,বন্ধু অক্কলরে মোবাইল দিলে,If you give mobile phones to the friends,neutral,Social Media,train
কত বড় মাছ ধরেছি,হতো ডঁর মাছ দয়্যজ্জি,How big of a fish I have caught,positive,Social Media,train
আপু কিরণ মালা নিবেন নাকি,আফা কিরণ মালা লইবেন নি,Sister will you take Kiran Mala,neutral,Conversation,val
ঘুষি মেরে দাঁত বত্রিশটা ফেলে দিব,ঘুষি মারি দাঁত বত্রিশ্যয়া ফেলায় দিয়্যুম,I will punch out all 32 of your teeth,negative,Conversation,train
কম্বল নিয়ে ঘুমিয়ে যাবে,হম্বল লই ঘুম যাইব্যু,Will go to sleep with a blanket,neutral,Conversation,train
যখন নতুন মোবাইল নিবি,যেত্তে নয়া মোবাইল লইব্যি,When you take a new mobile,neutral,Conversation,train
ধরবি কেউ নাকি না,দরিবি কেউ নি না,Will anyone catch it or not,neutral,Drama,train
আস্তে ছুড়ে মারি তাকে,আস্তে মেলা মারি ইতারে,I throw it at him slowly,neutral,Drama,train
লাথি দিয়ে লাথি দিয়ে ব্যবহার করি,লাথি দি লাথি দি ব্যবার গরি,I use it by kicking it repeatedly,negative,Social Media,train
কালকে তোর বিয়ে নাকি,হালিয়্যে তুঁর বিয়া নি,Is it your wedding tomorrow,neutral,Conversation,train
আর একটা বছর পরে করো,আর উজ্ঞো বছর বাদে গরো,Do it after one more year,neutral,Conversation,train
কেউ আমাকে বাচাও,কেউ অ্যাঁরে বাচাও,Someone save me,negative,Conversation,train
যার তার কথায় লাফ মারবি না,যার তার হথায় ফাল ন মারিবি,Don't jump to just anyone's words,negative,Conversation,test
ঘরের গরু ঘুলির খড় খায় না,ঘরর গরু ঘাডার খের ন হায়,The domestic cow doesn't eat the hay from the trough,neutral,Drama,train
ঘরের ভাত খেয়ে পরের মহিষ চরানো নাকি,ঘরর ভাত হায় ফরর মৈষ চরান নি,Eating one's own rice and then grazing another's buffalo is it,negative,Drama,train
ইঁদুর বেরা কাটে নাকি,উন্দুরে বেরা কাডে নি,Does a rat cut fences,neutral,Social Media,test
কেউ বুঝতে পারে না,কেউ বুঝিত ন পারে,No one understands,negative,Social Media,train
ঘাটে এসে নৌকা ডুবা,ঘাডত আই নাও ডুবন,The boat sank upon reaching the shore,negative,Conversation,train
মেজ ছেলে হাটে নাকি,মাইঝ্যা ফোয়া হাডত নি,Does the middle son walk,neutral,Conversation,test
ঘি কিসে পড়ল,ঘি কিওত পইজ্জে,What did the ghee fall on,neutral,Conversation,train
ডালে কি পড়ল,ডাইলঅত কি পইজ্জে,What fell into the lentils,neutral,Conversation,train
ঘুষের টাকা নেই আমার,ঘুষর টিঁয়া নাই অ্যাঁর,I don't have bribe money,neutral,Drama,train
সারারাত পুড়িয়ে মারে নাকি,গুডারাইত পোরাই মারে নি,Does it burn to death all night,negative,Drama,val
জামাই কি করেছে জানি,জামাই কি গইজ্জে জানি,I know what the son-in-law did,neutral,Social Media,train
চল স্বামী ঘরে যেয়ে কাথার ভিতরে,চল সোয়ামি ঘরত যাই কেথার বিতুরে,Come husband let's go inside the house under the quilt,neutral,Social Media,test
করতে পারে না একটা কাজ আবার কথা,গরিত ন ফারে উজ্ঞো কাম আবার হথা,Cannot do one task yet again talks,negative,Conversation,train
ঝড়ে কাক বক মরে কেন,ঝড়ত কাউয়া বগা মরে কিল্লাই,Why do crows and herons die in a storm,neutral,Conversation,train
কাক চিনে কাঁঠাল,কাউয়া চিনে কাট্টল,The crow recognizes the jackfruit,neutral,Conversation,train
সে বুঝে না তাদের দুঃখ,ইতে ন বুজে ইতারার দুক,She doesn't understand their sorrow,negative,Conversation,test
তুই কুকুরের লেজ যে বাঁকা সেই বাঁকা,তুঁই কুত্তার লেজ যে বেআ হেই বেআ,You are crooked like a dog's tail,negative,Drama,train
কলা চুরির জন্য ফাসি হয় না,কেলা চুরির লাই ফাসি ন অয়,One doesn't get hanged for stealing banana,neutral,Social Media,train
ঘরের সোনা কার ঘরে যে যাবে,ঘরর সোনা কার ঘরত যে যাইব্যু,Whose house will the gold of the house eventually go to,neutral,Social Media,train
কারিগরের ভাঙ্গা ঘর,কারিগরর ভাঙ্গা ঘর,The craftsman's broken house,negative,Conversation,train
চিকিৎসকের বউয়ের রোজ জ্বর হয় কেমন করে,বৈদ্যর বউয়ের নিত্তি জ্বর অয় ক্যান গরে,How does the doctor's wife get a fever every day,neutral,Conversation,val
কিসের মধ্যে কি পান্তা ভাতে ঘি,কিয়ের মাজে কি পানি ভাতোত ঘি,What's in what ghee in stale rice,neutral,Conversation,train
একটা লাথি পড়লে ঘাড়ে,উজ্ঞো লাথি পইল্লে ঘাড়ে,If one kick lands on the neck,negative,Conversation,train
কি করবে ছেলে,কি গরিবে ফোয়া,What will the boy do,neutral,Drama,train
ঘুষির চোটে বিলের মাছ খাবি,কিলের চোডে বিলর মাছ হাবি,You'll eat the marsh fish due to the force of a punch,negative,Drama,train
এই ছেলে এখানে ছড়ায় দুর্গতি,এই ফোয়া এডে ছড়ায় দুর্গতি,This boy spreads distress here,negative,Social Media,train
গরিব দেখলে থুতু ফেলে,গরিব চ্যাঁইলে ছেপ ফেলায়,Spits when seeing a poor person,negative,Social Media,train
আমি থাকতে তোমার কথা কিসের,অ্যাঁই থাইতে তোঁয়ার হথা কিয়ের,While I am here what's the point of your words,negative,Conversation,test
আপনার মেয়ে কি পালন করতে গেছে,অনের মাইয়্যা কি ফালন গরিত গেইয়্যে,Has your daughter gone to observe,neutral,Conversation,train
আমি বললাম আমার বাড়িতে আয়,অ্যাঁই হইলাম অ্যাঁর বাড়িত আয়,I said Come to my house,neutral,Conversation,train
আমরা দুই বান্ধবি আজকে গল্প করবো,অ্যাঁরা দুয়ো বান্ধবি আজিয়ে গফ গইজ্জুম,We two female friends will tell stories today,positive,Conversation,train
উনাকে তো রোজা ধরেছে আজকে,ইতেরে ত রোজা ধইজ্জে আজিয়ে,The fast has really gotten to him,negative,Drama,test
আমরা ঘরে আছি না সবাই,অ্যাঁরা ঘরত ন আছি বেজ্ঞুনে,We are at home aren't we,neutral,Drama,train
আমরাও দেখিয়ে দিব কালকে,অ্যাঁরাও দেহাই দিয়্যুম হালিয়্যে,We too will show,positive,Social Media,val
আজকে না আসার কথা ছিল তার,আজিয়ে ন আইব্যের হথা আইসসিল ইতার,He was not supposed to come today,neutral,Social Media,train
তোমরা বেঈমান সবাই জানি,তোঁয়ারা বেঈমান বেজ্ঞুনে জানি,All of you are traitors i know,negative,Conversation,train
তোমার অভ্যাস হয়ে গেছে এসব,তোঁয়ার অব্যাস অই গেইয়্যে এগিন,It has become your habit,neutral,Conversation,train
তুমি কি সেটা ভাল করে আর কেউ জানে না,তুঁই কি ইয়ান গম গরে আর কেউ ন জানে,what are you no one knows better than me,negative,Conversation,train
এটি মার থেকে নেয়া,ইবে মারতুন লইয়া,This is taken from mother,neutral,Drama,train
টাকা পয়সা সবকিছু দিয়ে রাখে ছেলেকে,টিঁয়া ফয়সা বেক্কিছু দি রাহে ফোয়ারে,He gives all the money and everything to the son,neutral,Drama,train
গরু চোরের ছেলে এখন মুরগি চোর হয়েছে,গরু চোরের ফোয়া এহন কুরো চোর হইয়্যে,The son of a cow thief is a chicken thief,negative,Social Media,test
তোমাকে শাসন করত আবার মোহাব্বত ও দেখাত,তোঁয়ারে শাসন গইত্তু আবার মোহাব্বত ও দেখাইত্যু,It feels good to discipline you,positive,Conversation,train
ঘুমে নাকি জেগে তুই দেখে আয়,ঘুমত নি চেতন তুঁই চ্যাঁই আয়,asleep or awake go and see,neutral,Conversation,train
মাইর একটাও মাটিতে পরবে না,মাইর এক্কানও মেডিত ফইত্ত ন,Not a single punch will land on the ground,negative,Conversation,train
আমি লাল বানিয়ে ফেলবো তোকে মেরে,অ্যাঁই লাল বানাই ফেলাইয়্যুম তোঁরে মারি,I will turn red by beating you,negative,Conversation,train
মেয়ে চালাক চতুর না হলে জামাইয়ের ঘরে ভাত খেতে পারবে না,মাইয়্যা চালাক চতুর ন অইলে জামাইয়ের ঘরত ভাত হাইতে ন ফাইত্ত,If a girl is not clever and shrewd she will not survive in her in laws house.,negative,Drama,train
নতুন প্রজন্মের এই ভাষা নাকি,নয়া ফ্রজন্মর এই ভাষা নি,So this is the language of the new generation,negative,Drama,train
এরজন্য আমরা এমন একটা মঞ্চ বানাতে চেয়েছি,এতোল্লাই অ্যাঁরা এন উজ্ঞো মনছ বানাইতু চাইলাম,That is why we wanted to create such a platform,positive,Social Media,train
এখানে সাবাই চট্টগ্রামের ভাষায় তাদের মন হৃদয় ঢেলে দিতে পারবে,ইয়েন বেজ্ঞুনে চিটাংঅর ভাষাত ইতারার পরাণ দিল ঢালি দন ফাইত্ত,Here everyone can pour out their hearts in Chattograms dialect,positive,Social Media,train
চট্টগ্রামের ভাষা অনেক রসালো,চিটাংঅর ভাষা বহুত রসাল্লো,Chattograms dialect is full of flavor,positive,Conversation,train
আমরা চট্টগ্রামের ভাষায় মজা করি,অ্যাঁরা চিটাংঅর ভাষাত মজা গরি,We have fun in Chattograms dialect,positive,Conversation,train
আর গুন গাইবার জন্য একত্র হই,আর গুণ গাইবের লাই একত্তর ওই,And we gather to sing songs together,positive,Conversation,test
চট্টগ্রামের সবার ব্যাপারে,চিটাংঅর বেজ্ঞুনের ব্যাফারে,about everyone from Chattogram,neutral,Drama,train
আর তাদের অনেক গুণাবলির ব্যাপারে জানতে পারবেন,আর ইতারার বহুত গুণাবুলির ব্যাফারেও জানিত ফারিবেন,And you will get to know about their many virtues,positive,Drama,train
তাকে সাহস দেবার জন্য ধন্যবাদ,ইতারে সাহস দিবেল লাই ধন্যবাদ,Thank you for encouraging him,positive,Social Media,train
তার উপরে আবার মিষ্টি মিষ্টি বাতাস,তার উদ্দি আবার মিডে মিডে বাতাস,Once again a sweet sweet breeze blows over them,positive,Conversation,train
তোরা রসের গল্প মারার জন্য,তুঁরা রসের গফ মারাইবেল লাই,you all are here to share juicy stories,positive,Conversation,train
তাকে বরফ লাগিয়ে দাও,ইতারে বরফ লাগাই দ,Give them the cold treatment,positive,Conversation,train
ঘরে না শান্তি লাগে না বাহিরে,ন ঘরত শান্তি লার ন বাইরে,There is no peace at home nor outside,negative,Drama,train
গরম পানি দিয়ে গোসল করে দেখতে,গরম পানি দি গোসল গরে চ্যাঁইতে,Try bathing with hot water and see,neutral,Drama,train
ভাল লাগবে যদি যাও,গম লাইব্যু যদি যো,You will like it if you go,positive,Social Media,train
গায়ে ছোট মরিচ ঢেলে দাও,গাত বাইট্টে মরিচ ঢালি দ,Pour small chilies on their body,negative,Social Media,val
ছোট খালুর কথা মনে করিয়ে দেয়,ছোড হালুর হথা মনত গরাইয়্যরে দে,It reminds me of little Khaloo,negative,Conversation,train
বাজারে গেলে ও দেখবে না গেলে ও,বাজারত গ্যিলে ও চ্যাঁইবে ন গ্যিলে ও,Whether you go to the market or not they will look,negative,Conversation,train
মা রে মা বউকে নিয়ে এমন প্রেম দেখা যায় না,মারেম্মা বউরে লইয়্যে এন ফিরিত দেহা ন যায়,Mom oh Mom you rarely see such love for a wife,positive,Conversation,train
জোড়া কলা এটি খেয়ো না,জইক্কা কলা ইবে ন হাইস,Do not eat the paired banana,negative,Drama,train
এটি তোমার দাদিকে দিয়ে দিও আজকে,ইবে তোঁয়ার দাদিরে দি দিও আজিয়েত,Give this to your grandmother today,neutral,Drama,val
তোমরা কি রোহিঙ্গা নাকি,তোঁয়ারা কি রোহিঙ্গা নি,Are you Rohingya or what,negative,Social Media,train
ফুলের সুগন্ধ ভাল,ফুলের হুশবত গম,The flowers fragrance is lovely,positive,Social Media,train
ছেলে তোর মত এমন বেয়াদপ না,ফোয়া তুঁর নান এইল্যা বিয়াদপ ন,A boy should not be as ill-mannered as you,negative,Conversation,val
তোর গলা টিপে মেরে ফেলতাম ভাল হত,তুঁর গলা চিবি মারি ফেলাইতাম গম অইত্যু,I wish I could strangle you to death it had be better,negative,Conversation,train
এসব ইন্ডিয়ার জাত তো ভাল না এর জন্য,এগিন হন্ডিয়ার জাত ত গম ন ইবার লাই,These Indian traits are not good this is because of that,negative,Conversation,test
আমার আইল যে দিক তোর আইল,অ্যাঁর আইল যে মিক্কে তুঁর আইল,My ancestors came from one direction yours from another,negative,Drama,train
আমার কানে বলেছিল জন্মের সময়,অ্যাঁর হানত শতানে হইয়্যিল জন্মর সমত,whispered in my ear at birth,positive,Drama,val
এটি তো শয়তান মেয়ে আমার ঘর,ইয়েন তো শতান মাইয়্যা অ্যাঁর ঘর,This girl is surely a devil in my home,negative,Social Media,train
ভাল মায়ের ছেলে তোরা,গম মার ফোয়া তুঁরা,You are the sons of good mothers,positive,Social Media,train
ছেলের মত ছেলে হলে তোমার জন্য ভাল,ফোয়ার মত ফোয়া অইলেতোঁয়ার লাই গম,If you were a responsible man it would be better for you,negative,Conversation,train
ভয় পেলে তোরা সবাই বলবি,ডর পাইলে তুঁরা বেজ্ঞুনে হবি,If you get scared all of you will speak up,negative,Conversation,train
তোকে কেন খেলায় নেবো না,তোঁরেকিল্লাই খেলাত ন লইইয়্যুম,Why should I let you play,negative,Conversation,train
আমার নানি টাকা দিলে তোর অর্ধেক,অ্যাঁর নানি টিঁয়া দিলে তুঁর আদ্ধান,f my maternal grandmother gives me money you will get half,positive,Drama,train
মহিলার লজ্জা নেই শরম নেই,ব্যুইড়া বেডির লাজ নাই শরম নাই,The woman has no shame no modesty,negative,Drama,train
বাটা মরিচ লাগিয়ে দিব গায়ে,বাইট্টে মরিচ লাগাই দিয়্যুম গাত,I will apply a paste of chilies on your skin,negative,Social Media,train
তুই ঘরের বাহিরে পা রেখে দেখিস,তুঁই ঘরর বাইরে ঠ্যাং রাহি চ্যাঁইস,Just try stepping outside the house,negative,Social Media,train
আমি তোর পায়ের হাড্ডি ভেঙ্গে ফেলবো,অ্যাঁই তুঁর ঠ্যাংঅর নলা ভাঙি ফেলাইয়্যুম,I will break the bones in your legs,negative,Conversation,train
মিওমিও করে কি পড়া ভাল করে পড়তে হবে,মিওমিও গরে কি ফড়া গম গরে ফরতে অইব্যু,Do you have to study properly by meow meow,negative,Conversation,train
বড় বড় করে শব্দ করে পড়,ডঁর ডঁর গরে শব্দ গরে ফড়,Read aloud loudly with magnified sounds,neutral,Conversation,train
তুই মরিচ একটা দৌড়ে ধরবি,তুঁই মরিচ উজ্ঞো দৌড়ে দরিবি,You will run and catch a chili,negative,Drama,val
বেয়াদব একবারে পায়খানা করেছে,বিয়াদব এব্বেরে আগি গইজ্জে,The insolent one has utterly messed up,negative,Drama,val
দরকার একটি মুরগির বাচ্চা,দরহার এক্কান কুরোর ছা,Need one chick,positive,Social Media,train
যাস কেন ঝাটার বাড়ি খাস লজ্জা নেই,যচ কিল্লাই ঝাড়ার বাড়ি হাস লাজ নাই,Why do you go to your in-laws' house so often Have you no shame,negative,Social Media,val
সে ফার্মের মুরগি খায় না কেন,ইতে ফার্মের কুরো ন হায় কিল্লাই,Why does not he eat farm-raised chicken,neutral,Conversation,test
তোর মারার ধান্দা আর কিছু না,তুঁর মারিবের ধান্দা আর কিসু ন,All you do is cause problems,negative,Conversation,train
কাজের মহিলার মত কাজ করে মা,হামের বেডির নান হাম গরে মা,Work like a proper working woman Mom,negative,Conversation,train
সে দেশি মুরগি নিজে কিনে খেতে পারবে,ইতে দেশি কুরো নিজে কিনি হাইতে ফাইত্ত,Can he afford to buy and eat desi chicken themselves,negative,Drama,train
মিথ্যা বলি নাকি ভাই আপনি বলেন,মিছা হই নাকি বদ্দা অনে কন,Am I lying brother You tell me,neutral,Social Media,train
তুই কেন চেতে গেছিস আগে বল,তুঁই কিল্লাই চেতি গেইয়্যুস আগে হ,Why did you go to beg without telling me first,negative,Social Media,train
ভাই আরেকটা কথা বলবেন না বলে,বদ্দা আরেক্কান হথা ন হইয়্যুন,Brother please d not say another word,negative,Conversation,test
দুঃখের জন্য কথা বলতে পারে না,দুকের লাই হথা হইতে ন ফারে,Someone is too sad to speak.,negative,Conversation,train
জামাই মুরগি নিজের টাকায় খায় কেন,জামাই কুরো নিজের টিঁয়াই হায় কিল্লাই,Why does the son-in-law eat chicken with his own money,negative,Conversation,train
দরকার নেই টাকা দিয়ে মুরগি খাওয়ার,দরহার নাই নিজর টিঁয়া দি কুরো হাওনর,No need to spend money on eating chicken,negative,Conversation,test
মুরগি খাওয়াতে না পাড়লে ছেলের ঘর করতে পরত নাকি,বাড়িত লই যাই দেশি কুরো হাবাইত ন পাইল্লে চিটাংঅর ফোয়ার ঘর গরন পইত্ত নি,If you could not even manage to serve chicken how could you expect to arrange your sons wedding,negative,Drama,train
পান্তা ভাত দিয়ে তারা মরিচ খেয়েছে,পানি ভাত দি ইতারা মরিচ খাইয়্যে,They ate chili with leftover soaked rice,negative,Drama,train
এটি আমিও বুঝলাম না তুই ও না,ইবে অ্যাঁইও ন বুজিলাম তুঁই ও ন,I did not understand this either and neither did you,negative,Social Media,train
আমার জামাইকে ধরে এনে বলবো এসব,অ্যাঁর জামাইরে ধরি আনি হইয়্যুম এগিন,I will drag my husband here and make him answer for this,negative,Social Media,train
আমি বউয়ের ভয়ে ভাত খাই,অ্যাঁই বউয়ের ডরে ভাত হাঁই,I eat out of fear of my wife,negative,Conversation,train
আমি দিলে জামাইয়ের বাবা দাদাও খাবে,অ্যাঁই দিলে জামাইর বাপ দাদাও হাইব্যু,If I give even myhusband father and grandfather will eat,negative,Conversation,train
তোমার মা বাবা কিপটে হয়েছে,তোঁয়ার মা বাপ কিপটে হইয়্যে,Your parents have become miserly,negative,Conversation,test
জামাই বলে খাবার খেতে পারে না,জামাই কইয়্যরে হানা হাইতে ন ফারে,Being a husband does not mean you get to freeload,negative,Conversation,train
জীবনে মুরগি খায় নি সে বিয়ে করবে মুরগি খাওয়ার জন্য,জীবনত কুরো ন হায় ইতে বিয়া গরিবে কুরো হাওনর লাই,He whoi s never eaten chicken in his life is getting married just to eat chicken,negative,Drama,val
কেউ জানলে বলুন আমাকে,কেউ জানিলে হন অ্যাঁরে,If anyone knows tell me,neutral,Drama,train
ঘাসফড়িং তুরুৎ তুরুৎ লাফ দেয়,ঘাসফড়িং তুরুৎ তুরুৎ ফাল দে,The grasshopper leaps turut turut,positive,Social Media,train
আমাকে ভোরে ডেকে দিও সবাই,অ্যাঁরে পইত্তে ডাহি দিও বেজ্ঞুনে,Wake me up early everyone,neutral,Social Media,train
শেষের লাইন তোমার জন্য না,শেষর লাইন তোঁয়ার লাই ন,The last line is not for you,negative,Conversation,val
বিদেশ থেকে টাকা পাঠাতে হবে,বদ্দা বিদেশত তুন টিঁয়া ফাঠাতে অইব্যু,Money needs to be sent from abroad,neutral,Conversation,test
ইঁদুর আমার সব জুতা কেটে ফেলে,উন্দুরে অ্যাঁর হক্কল জুতা হাডি ফেলায়,The rat has chewed up all my shoes,negative,Conversation,test
এসব আমি আগে শুনি নি,এগিন অ্যাঁই আগে ন ফুনি,I have never heard these things before,neutral,Drama,train
কালকে বাঁচি না মরি জানি না,হালিয়্যে বাঁচি ন মরি ন জানি,I do now know if I i will urvive or die tomorrow,negative,Drama,test
আমি প্রেম করেছি তোর কি বল,অ্যাঁই প্রেম গইজ্জি তুঁর কি হ,I have allen in love what do you say about that,negative,Social Media,train
মন পাগল হয়ে গেছে আমার,মন পল অই গেইয়্যে অ্যাঁর,My mind has gone mad,negative,Social Media,train
স্যালাইন খাবি বেশি করে,স্যালাইন হাবি বেশি গরে,Yo will drink saline,neutral,Conversation,train
স্যালাইন না খেলে শক্তি পাবি না বুঝেছিস,স্যালাইন ন হাইলে বল ন ফাবি বুইজ্জোস,If you do not take saline you will notregain strengt understand,negative,Conversation,val
বউকে ধরে ঘুষি দিতে হবে,বউরে ধরি কিলদন অইব্যু,must grab the wife and punch her,negative,Conversation,train
আজকে বাসায় যেয়ে পুতে ফেলবো লাশ,আজিয়ে বাসাত য্যাই গারি ফেলাইয়্যুম লাশ,Today I will go home and bury the corpse,negative,Conversation,train
তোর বাবার নাম আমরা জানি না,তুঁর বাপের নাম অ্যাঁরা ন জানি,We do not know your fathers name,negative,Drama,train
ইফতার খেয়ে পেট ফুলিয়ে ফেলি,ইস্তের হাই পেট ফুলাই ফেল্যাই,I have stuffed my belly full by eating Iftar,neutral,Drama,train
তুই আমার সাথে ঝগড়া করিস না,তুঁই অ্যাঁর লগে হইজ্যে ন গরিস,Don not argue with me.,negative,Social Media,train
আমার জীবন অর্ধেক শেষ তার সেবা করতে,অ্যাঁর জীবন আদ্ধান শেষ ইতার সেবা গরিতে,Half my life is over serving him,negative,Social Media,train
তাকে শান্তি দিলি না তোরা,ইতারে শান্তি ন দিলি তুঁরা,You all did nott let him rest in peace,negative,Conversation,train
মরে গেলেও কি শান্তি দিবি না,মরি গিলেও কি শান্তি দিতি ন,Will not you even let rest in death,negative,Conversation,train
আমি না থাকলে তোরা বুঝবি মা কি জিনিস,অ্যাঁই ন থায়লি তুঁরা বুঝিবি মা কি জিনিস,You will realize what a mother is when I am gone,negative,Drama,train
আর সে বুঝবে আমি কি জিনিস,আর ইতে বুঝিবো অ্যাঁই কি জিনিস,And they will realize what I truly am,negative,Drama,train
খাবারের সাথে কিসের রাগ আমাকে বল,হানার লগে কিয়ের গুসসা অ্যাঁরে হ,Tell me what is the anger about the food,negative,Social Media,val
তোর বউ চুরি করে,তুঁর বউ চুরি গরে,Your wife has been stolen,negative,Conversation,val
কি বানিয়েছিস এসব তোর দেখাদেখি ছোটও বরবাদ,কি বানাইয়্যুস এগিন তুঁর দেহাদেহি ছোডও বরবাদ,What have you made Your imitation is ruining everything even the younger ones,negative,Conversation,train
ডাকাডাকি শুরু করে আমার বাবা,ডাহাডাহি শুরু গরে অ্যাঁর বাপ,My father started arguing loudly,negative,Conversation,train
বেহুশ হয়ে তারা কেমন করে করবে,বেহুশ অই ইতারা ক্যান গরে গরিবে,How will they do it if they are unconscious,negative,Conversation,train
পার্লার বাদে মেয়ে আর কিছু বুঝে না,পার্লার বাদে মাইয়্যা আর কিসু ন বুজে,The girl understands nothing beyond the parlor,negative,Drama,train
আমার বাবা পেলে গুলি করবে,অ্যাঁর বাপ পাইলে গুলি গরিবে,If my father catches he will shoot,negative,Drama,train
আমার লেখাপড়া শেষ করে দিয়েছে,অ্যাঁর লেয়াপড়া শেষ গরে দিইয়্যি,The have ruined my studies,negative,Social Media,train
পেট ফেটে মরে যাবো আমি,ফেট ফাডি মরি যাইয়্যুম,I will die from my stomach bursting,negative,Social Media,train
ইফতার করার সময় দেখি আলুর চপ নেই,ইস্তের গরিবের সমত চ্যাঁই আলুর চপ নাই,During Iftar I noticed there is no potato chop,negative,Conversation,train
আমি যাবার পর আমার ভাই আসবে,অ্যাঁই যায়বের ফর অ্যাঁর বদ্দা আইব্যু,After I leave my brother will come,neutral,Conversation,train
আমাকে কোন সময় জিজ্ঞাসা করে না কি হয়েছে,অ্যাঁরে হোন সমত পুঁছার ন গরে কি হইয়্যে,No one ever asks me what iswrong,negative,Conversation,train
তুই তো ফকিরের ছেলে ফকির,তুঁই তো ফইরের ফোয়া ফইর,You are a beggars son a beggar yourself,negative,Conversation,train
সাতকানিয়া গরু চোর হয়,সাইতকাইন্না গরু চোর অয়,Cattle thieves are from Satkania,negative,Drama,train
মার্কেটিং করে আসার পর আমার ভাল লাগে,মার্কেডিং গরে আইসসিল ফর অ্যাঁর গম লার,I feel good after coming back from marketing,positive,Drama,train
তুই পুকুর থেকে উঠবি এখন,তুঁই পইরত তুন উডিবি এহন,You will get out of the pond now,neutral,Social Media,train
পিঠের চামড়া তুলে ফেলবো আমি তোর,পিডর চাম তুলি ফেলাইয়্যুম অ্যাঁই তুঁর,literally I will tear off the skin of your back,negative,Social Media,train
পিঠে বাটা মরিচ লাগিয়ে দিবো,পিডে বাইট্টা মরিচ লাগাই দিয়্যুম,I will apply ground chili powder on your back,negative,Conversation,train
তুই আমাকে বল মার কি ভাত খাওয়ার আগে খাবি,তুই অ্যাঁরে হ মাইর কি ভাত হাওনর আগে হাবি,You tell me will you eat before eating rice,neutral,Conversation,train
আমাকে দেখলে না মেরে থাকতে পারে না সে,অ্যাঁরে চ্যাঁইলে ন মারি তাহিত ন ফারে ইতে,If he sees me he cannot stay without hitting me,negative,Conversation,train
খায় না গায়ে দেয় আমি জানি না,হায় ন গাত দে অ্যাঁই য জানি,He does not eat but hits I do not know why,negative,Drama,train
আমি আমার মায়ের মেয়ে,অ্যাঁই অ্যাঁর মার মাইয়্যা,I am my mothers daughter,neutral,Social Media,train
আমার লেখাপড়া শেষ করতে এখন ও অনেক দিন বাকি,অ্যাঁর লেয়াপড়া শেষ গরিতে এহন ও বহুত দিন বাকি,I still have many days left to finish my studies,neutral,Social Media,train
আমার পড়তে ভাল লাগে না,অ্যাঁর ফরতে গম ন লার,I do not ike studying,negative,Conversation,train
তার রাগ একটু বেশি,ইতার গুসসা এক্কানা বেশি,He gets angry a bit too much,negative,Conversation,train
আমি বাড়িতে যেতে চাই না,অ্যাঁই বাড়িত যাইতাম ন চাই,I do not want to go home,negative,Conversation,val
কোভিডে সে কঠিন সময় পার করেছে,কোভিডত ইতে কোদিন সমত ফার গইজ্জে,He has gone through a hard time during COVID,negative,Drama,train
তোমরা দেশের ভবিষ্যৎ,তোঁয়ারা দেশর ভবিষ্যৎ,You are the future of the country,positive,Social Media,train
সিদ্ধান্ত নিতে হবে তোকে,সিদ্ধান্ত লইত অইব্যু তোঁরে,You have to make the decision,positive,Social Media,train
আমার মত বুদ্ধিমান লোক শক্তি দেখায় না,অ্যাঁর নান বুদ্ধিমান লোক বল ন দেহায়,A wise person like me doesn't show off strength,positive,Conversation,train
বোঝাপড়া থাকা ভাল তোর সাথে,বুজাপড়া থাওন গম তুঁর লগে,It is good to have an understanding with you,positive,Conversation,train
আমাদের হাসতে হবে মন খুলে,অ্যাঁরার আঁইশতে অইব্যু পরাণ খুলি,We should laugh wholeheartedly,positive,Conversation,train
মানুষ মানুষের জন্য,মানুষ মাইনসের লাই,I was feeling very sick at that time,negative,Conversation,train
আমার খুব শরীর খারাপ ছিল তখন,অ্যাঁর বহুত শরীর হারাপ আইসসিল তহন,I was very unwell at that time,negative,Drama,train
বাংলা আমার মায়ের ভাষা,বাংলা অ্যাঁর মার ভাষা,Bengali is my mother tongue,positive,Drama,train
আমি বাংলায় গান গাই তোমার ভাষা কি,অ্যাঁই বাংলত গান গাঁই তোঁয়ার ভাষা কি,I sing in Bengali what is your language,positive,Social Media,train
এখানে আমরা দুইটি ঘড়ি দেখতে পারছি,এডে অ্যাঁরা দুয়ো গড়ি চ্যাঁইতে ফারির,Here we can see two clocks,neutral,Social Media,train
এখন কয়টা বাজে বলেন তো আমি জানি না,এহন কয়ডা বাজে কন তো অ্যাঁই ন জানি,Can you tell me what time it is now I do not know,neutral,Conversation,train
বাজার থেকে টমেটো আনতে হবে,বাজারুত তুন খাট্টাবাইয়্যুন আনোন অইব্যু,Need to bring tomatoes from the market,neutral,Conversation,train
আশা করি তুমি ভাল আছো,আশা গরি তুঁই গম আছো,I hope you are well,positive,Conversation,train
তোমার জন্য চা করেছি,তোঁয়ার লাই চা গইজ্জি,I made tea for you,positive,Conversation,train
আমার জন্য ভাত রান্না কর,অ্যাঁর লাই ভাত রান্দো,Cook rice for me,neutral,Drama,train
আমি মাংস পছন্দ করি না,অ্যাঁই গোস্ত ফসন্দো ন গরি,I do nott like meat,neutral,Drama,train
মাছে ভাতে বাঙালি,মাছে ভাতোত বাঙালি,Fish and rice make a Bengali,positive,Social Media,train
তোমার বোনের বিয়ে এই জন্মে হবে না,তোঁয়ার বইনের বিয়া এই জন্মত ন অইব্যু,Your sister will not get married in this lifetime,negative,Social Media,train
তুই নাশতা করে নে,তুঁই নাস্তা গরে ল,Have your breakfast,neutral,Conversation,train
আজকে আমার অনেক কাজ,আজিয়ে অ্যাঁর বহুত কাম,I have a lot of work today,negative,Conversation,train
ক্লাস হবে নাকি সন্দেহ,ক্লাস অইব্যু নি সন্দেহ,I doubt whether the class will happen,negative,Conversation,train
আমার নতুন জামা চাই না,অ্যাঁর নয়া জামা ন চাই,I do not want new clothes,negative,Conversation,train
ঈদ মোবারাক ভাই,ঈদ মোবারাক বদ্দা,Eid Mubarak brother,positive,Drama,train
চা না আমার কফি দরকার,চা ন অ্যাঁর কফি দরহার,I did not want tea I need coffee,negative,Drama,train
ব তে বাংলাদেশ ঢ তে ঢাকা,ব ত বাংলাদেশ ঢ ত ঢাহা,B for Bangladesh Dh for Dhaka,neutral,Social Media,train
চট্টগ্রামের মেজবান সেরা,চিটাংঅর মেজ্জান সেরা,Chittagongs hospitality feast is the best,positive,Social Media,train
আমার জামাই ভাল রান্না করে,অ্যাঁর জামাই গম রান্না গরে,My husbands cookes well,positive,Conversation,train
মেয়েটির অনেক বুদ্ধি,মাইয়্যার বহুত বুদ্ধি,The girl is very intelligent,positive,Conversation,train
ছোট্ট আমি দুস্ট আমি,গুঁড়া অ্যাঁই দুস্ট অ্যাঁই,Little me naughty me,positive,Conversation,train
তোমার চোখ দুইটা সুন্দর,তোঁয়ার চুখ দুইয়্যান সুন্দর,Your eyes are beautiful,positive,Drama,train
তুই গেলে তো টাকা কম রাখবে,তুঁই গ্যিলে তো টিঁয়া কম রাইবো,If you go you will leave less money,negative,Drama,train
আগুন ধরেছে নাকি ঘরে,অইন ধইজ্জে নি ঘরত,Is there a fire in the house,negative,Social Media,val
সে কি মডেলিং এর ফটো তোলে নাকি,ইতে কি মডেলিং ইবার ফটো তুলে নি,Does he take modeling photos or not?,neutral,Social Media,val
আমি ভাল নাই,অ্যাঁই গম নাই,I am not well,negative,Conversation,test
আমি ক্রিকেট খেলব,অ্যাঁই কিরকেট খেইল্যুম,I will play cricket,positive,Conversation,test
আর খেতে ইচ্ছে করছে না পেট ভরে গেছে,আর হাইতে ইচ্ছা ন গরের ফেট ভরি গেইয়্যে,I do not feel like eating anymore I am full,neutral,Conversation,val
তুমি কোথায় যাবি না,তুঁই হডে ন যাবি,You will not go anywhere,negative,Drama,train
আমি তোমাকে ভালবাসি,অ্যাঁই তুঁয়ারে ভালাবাসি,I love you,positive,Drama,val
তুমি কোথায় থাক,তুঁই হডে থাহ,Where do you live,neutral,Social Media,test
আমার মন ভাল নেই,অ্যাঁর মনত গম নাই,My mind is not well,negative,Social Media,train
আমি আরো দূরে যাব,অ্যাঁই আরো দূরে যাইয়্যু,I will go even farther away,negative,Conversation,train
কিছু নতুন সংযোজন পেলে মনে একটু শান্তি লাগে,কিসু নয়া সংযোজন পাইলে মনত এক্কানা শান্তি লার,Getting something new brings a little peace to my mind,positive,Conversation,train
আমি রিক্সা করে আসবো,অ্যাঁই রিক্সা গরে আইসুম,I will come by rickshaw,positive,Conversation,train
আমাদের বাড়ি চট্টগ্রাম,অ্যাঁরার বাড়ি চিটাং,Our home is in Chittagong,neutral,Drama,train
তুই কোন স্কুলে পড়স,তুঁই হোন স্কুলত ফরস,Which school do you go to,neutral,Drama,train
আমাকে বিয়ে করিয়ে দাও না,অ্যাঁরে বিয়া গরাইয়্যরে দ না,Get me married off Will not you,positive,Social Media,train
চলো ছাদে উঠি,চলো সাদোত উডি,Let is go up to the terrace,neutral,Social Media,train
তোমাকে অনেক কথা বলার ছিল,তুঁয়ারে বহুত হথা হইবের আইসসিল,I had a lot to say to you,positive,Conversation,train
আমরা আসবো,অ্যাঁরা আইসুম,We will come,neutral,Conversation,train
ভালো থেকো,ভালা থাইক্যু,Stay well,positive,Conversation,val
আমি তোমাদের বাড়িতে যাবো,অ্যাঁই তোঁয়ারার বাড়িত যাইয়্যুম,I will come to your house,neutral,Conversation,test
কালকে সকালে এসো,হালিয়্যে বেইন্যা আইস্যু,Come tomorrow morning,neutral,Drama,train
আমি খেলতে যাবো,অ্যাঁই কেলা হেতু যাইয়্যুম,I will go to play,positive,Drama,train
তুই কোথায়,তুঁই হডে,Where are you,neutral,Social Media,train
আমার শার্ট খুঁজে পাচ্ছি না,অ্যাঁর শার্ট তোঁয়াইন ন পাইয়র,I can not find my shirt,negative,Social Media,test
পারবো না বলেছি তো,ন পাইজ্জুম হইদি তো,I already said I can not do it,negative,Conversation,train
তুই দাঁড়া আমি আসছি,তুঁই খারা অ্যাঁই আইর,You wait I am coming,neutral,Conversation,val
আমার কাছে তোমার নাটক ভাল লেগেছে,অ্যাঁর হাছে তোঁয়ার নাটক গম লাইগ্যি,I liked your drama at my place,positive,Conversation,train
আমার সাথে কথা বল না,অ্যাঁর লগে হথা ন হ,You do not talk to me,negative,Conversation,train
তোমার কথা শুনার পর,তোঁয়ার হথা পুনিবার ফর,After listening to you,neutral,Drama,val
আমার হৃদয় টুকরো টুকরো হয়ে গেছে,অ্যাঁর হৃদয় টুরো টুরো অই গেইয়্যে,My heart has been shattered into pieces,negative,Drama,train
তুই কি পাগল,তুঁই কি পল,Are you crazy,negative,Social Media,train
তুই ব্যাথা পেয়েছিস,তুঁই দুক পাইয়ুস,You have been hurt,negative,Social Media,train
হাসছো কেন,হাসো কিল্লাই,Why are you laughing,positive,Conversation,train
গরমে তো আমি সিদ্ধ হয়ে যাচ্ছি,গরমে তো অ্যাঁই সিদ্ধ অই যাইরগুই,I am practically boiling in this heat,negative,Conversation,train
একটু কি ভালবাসা দিতে পার না আমাকে,এক্কানা কি ভালোবাসা দন ন ফার অ্যাঁরে,Can not you give me a little love,negative,Conversation,train
আসিফ তো আমার বন্ধু,আসিফে তো অ্যাঁর বন্ধু,Asif is my friend,positive,Conversation,train
তুই এতদেরি করে ঘুমাচ্ছিস কেন,তুঁই এতদেরি গরে ঘুমযর কিল্লাই,Why are you sleeping so early,negative,Drama,train
এই তাড়াতাড়ি ঘুম থেকে উঠ,এই হারা ঘুমত তুন উড,Wake up so early,negative,Drama,train
এতক্ষন ঘুমাতে হয়,এতক্ষন গুমজন অয়,Need to sleep for so long,negative,Social Media,train
মুখ ধুয়ে নাস্তা করে নাও,মুক ধুই নাস্তা গরে ল,Wash your face and have breakfast,neutral,Social Media,val
আজকে কলেজে যাবে না,আজিয়ে কলেজত ন যাইব্যু,Will not go to college today,negative,Conversation,val
তোমার কলেজ কয়টা থেকে কয়টা পর্যন্ত,তোঁয়ার কলেজ কয়ডা তুন কয়ডা পইযুন্ত,From what time to what time is your college,neutral,Conversation,train
না আজকে যাবো না,ন আজিয়ে ন যাইয়্যুম,No I will not go today,negative,Conversation,train
কলেজে না গেলে পড়তে বস,কলেজত ন গ্যিলে ফরতে বঅ,If you do not go to college sit down to study,negative,Conversation,test
তাহলে এক কাজ কর,তঁইলে এক্কান কাম গর,Then do one thing,neutral,Drama,val
বাজার করে আসো,বাজার গরে আইয়্যু,Go do the shopping,neutral,Drama,train
বাজারে য়েয়ে কি কি আনবেন,বাজারত যাই কি কি আনিবেন,What all will you bring from the market,neutral,Social Media,train
বাজারে যাও,বাজারত যা,Go to the market,neutral,Social Media,train
কৈ মাছ আর যা যা পান আনবেন,হই মাছ আর যা যা পান আনিবেন,Bring Koi fish and whatever else you get,neutral,Conversation,train
তুই কালকে আমার সাথে দেখা কর,তুঁই হালিয়্যে অ্যাঁর লগে দেহা গর,You meet me tomorrow,neutral,Conversation,train
কিসের জন্য,কিয়ের লাই,For what,neutral,Conversation,train
কোন কাজে,হোন কামে,For what work,neutral,Conversation,train
তুই আগে আয় তারপর বলি,তুঁই আগে আয় তারপর হই,You come first then I will tell you,neutral,Drama,train
আমার তো কালকে কাজ আছে,অ্যাঁর তো হালিয়্যে কাম আছে,I have work tomorrow,neutral,Drama,train
তোর এত কি কাজ,তুঁর এত কি কাম,What kind of work do you have so much of,neutral,Social Media,train
তুই আমার সাথে দেখা করতে পারবি না,তুঁই অ্যাঁর লগে দেহা গরিতে ন ফারিবি,You cannot meet me,negative,Social Media,train
আমি এতকিছু বুঝি না,অ্যাঁই এতকিসু ন বুজি,I don't understand all this,neutral,Conversation,val
কালকে অবশ্যই আমার সাথে দেখা করবি,হালিয়্যে অবশ্যই অ্যাঁর লগে দেহা গরিবি,You must definitely meet me tomorrow,neutral,Conversation,train
ঠিক আছে আমি কাজ টাজ সেরে তোর সাথে দেখা করতে আসবো,ঠিক আছে অ্যাঁই কাম হাজ সারি তুঁর লগে দেহা গরিতে আইসুম,Okay I will finish my work and then come to meet you,neutral,Conversation,train
পড়ালেখা কেমন চলে,পড়ালেহা ক্যান চলে,How's your studies going,neutral,Conversation,train
না আমি যাবো না,ন অ্যাঁই ন যাইয়্যুম,No I will not go,negative,Drama,val
না দেখা হয় নি,ন দেহা ন অয়,No it has not been seen,neutral,Drama,train
ওর সাথে দেখা হলে বলিস,ইতের লগে দেহা অইলে হইস,If you meet him tell him,neutral,Social Media,train
আমার সাথে দেখা করতে,অ্যাঁর লগে দেহা গরিতে,To meet with me,neutral,Conversation,val
ঠিক আছে বলবো,ঠিক আছে হইয়্যুম,Okay I will tell,positive,Conversation,test
দোস্ত তোকে খুব মিস করি,দোস্ত তোঁরে বহুত মিস গরি,Friend I miss you a lot,positive,Conversation,train
তুই কি এখন জব খুঁজছিস,তুঁই কি এহন জব খোজরনে,Are you looking for a job now,neutral,Conversation,train
তুই কি জব করবি,তুঁই কি জব গরিবি,Will you do a job,neutral,Drama,train
এখনও বলতে পারছি না,এহনও হইতে ন ফারির,I still can't say,neutral,Drama,test
ভাল পেলে করবো,গম পাইলে গইজ্জুম,If I get a good one I will do it,positive,Social Media,test
হ্যাঁ আমি আসবো,হ অ্যাঁই আইসুম,Yes I will come,positive,Social Media,train
আজকে কোন কোন সাবজেক্টের ক্লাস আছে বলতে পারিস,আজিয়া হোন হোন সাবজেক্টের ক্লাস আছে হইতে ফাড়োস,Can you tell me which subjects have classes today,neutral,Conversation,train
না বলতে পারি না,না হইতে ন ফারি,No I can't say,negative,Conversation,train
তুই কয়টা বাজে আসবি,তুঁই কয়ডা বাজে আবি,What time will you come,neutral,Conversation,train
বাসা থেকে বের হলে আমাকে কল দিস,বাসাত তুন বের অইলে অ্যাঁরে কল দিস,Call me when you leave home,neutral,Conversation,train
তুই আজকে ক্লাস সব করবি,তুঁই আজিয়ে ক্লাস বেক গরিবি,Will you attend all classes today,neutral,Drama,train
হ্যাঁ আছে তো,হ আছে তো,Yes it exists,positive,Drama,test
উনি এখন কি করে,ইতে এহন কি গরে,What does he do now,neutral,Social Media,train
ও তো এখন জব করে না ঢাকা তে,ইতে এহন জব ন গরে ঢাহা,He doesn't do a job in Dhaka now,neutral,Conversation,train
ও এখন কিছু করে না,ইতে এহন কিসু ন গরে,He doesn't do anything now,negative,Conversation,train
এখন বিএসসি করছে,এহন বিএসসি গরের,He is currently doing BSc,neutral,Drama,train
ওখানে অনেক মজা করেছি,এডে বহুত মজা গইজ্জি,I had a lot of fun there,positive,Social Media,train
তুই যাস নি কেন,তুঁই ন যচ কিল্লাই,Why didn't you go,neutral,Social Media,train
আমার বাসায় একটু সমস্যা,অ্যাঁর বাসাত এক্কানা সমস্যা,I have a bit of a problem at my house,negative,Conversation,train
ঐজন্য আসতে পারিনি,ইতেল্লা আইত নফারি,That is why I couldn't come,neutral,Conversation,train
আমার বাসায় মেহমান এসেছিল,অ্যাঁর বাসাত মেমান আইচ্ছিল,Guests came to my house,neutral,Conversation,train
সময় পেলে দেখা করিস,সমত পাইলে দেহা গরিস,Meet me if you get time,positive,Conversation,test
জিনিসটার দাম কত,জিনিসইবের দাম হতো,How much does the item cost,neutral,Drama,train
ভাই ষাট টাকা,বদ্দা ষাট টিঁয়া,Brother sixty taka,neutral,Drama,train
মোবাইলটার দাম কত,মোবাইলইবের দাম হতো,How much does the mobile cost,neutral,Social Media,train
জিনিসটি কি একদাম,জিনিসইবে কি একদাম,Is the item a fixed price,neutral,Social Media,train
নাকি কিছু বলা যাবে,নাকি কিসু হোন যাইব্যু,Or can something be said,neutral,Conversation,train
আপনি কিছু বলতে পারবেন,অনে কিসু হইতে ফারিবেন,you can say something,neutral,Conversation,train
লাস্ট কত হলে পারবেন,লাস্ট হত অইলে ফারিবেন,What's the lowest price you can do,neutral,Conversation,val
আমার জিনিসটা পছন্দ হয়েছে,অ্যাঁর জিনিসইবে ফসন্দো হইয়্যে,I like the item,positive,Conversation,train
না ভাই পারবো না,ন বদ্দা ন পাইজ্জুম,No brother I won't be able to,negative,Drama,train
পারলে দিয়ে দিতাম,পারিলে দি দিতাম,If I could I would have given it,negative,Drama,train
চিনি না,ন চিনি,I don't recognize,negative,Social Media,train
এটি এখান থেকে কতদূর,ইয়ান এয়ান তুন হদ্দুর,How far is it from here,neutral,Social Media,train
কিছুদুর পরে জায়গাটা,এক্কানাদূর ফরে জাগাইয়ান,The place is some distance away,neutral,Conversation,test
আমিও সেখানে যাবো,অ্যাঁইও ওডে যাইয়্যুম,I will go there too,neutral,Conversation,train
আমি এর থেকে আরো দূরে যাবো,অ্যাঁই ইবার তুন আরো দূরে যাইয়্যুম,I will go even further from here,neutral,Conversation,train
জব করেন নাকি লেখাপড়া করেন,জব গরন নি লেয়াপড়া গরন,Do you work or study,neutral,Conversation,train
আমার চাচাতো ভাই কসাই,অ্যাঁর চাচতো বদ্দা হসাই,My cousin is a butcher,neutral,Drama,train
হ্যাঁ বেটা আর কি করবো,হ বেডা আর কি গইজ্জুম,Yes son what else will I do,neutral,Drama,train
আমিও পারি ভাই কসায়ের কাজ,অ্যাঁইও পারি বদ্দা হসাইর কাম,I can also do the butcher's work brother,neutral,Social Media,train
আমি রাজি আছি তবে আমার ভাড়া কিন্তু বেশি,অ্যাঁই রাজি আছি তয় অ্যাঁর ভাড়া কিন্তু বেশি,I agree but my fare is higher,neutral,Social Media,train
ফরম পূরণ করে ফেল,ফরম পূরণ গরে ফেলো,Fill out the form,neutral,Conversation,test
আগে আমার ফরম ঐটা নিয়ে রেজিস্ট্রেশন করে ফেল,আগে অ্যাঁর ফরম ঐয়ান লই রেজিস্ট্রেশন গরে ফেলো,First take my form and register,neutral,Conversation,val
এটি আমার কসাই প্রতিষ্ঠান,ইয়েন অ্যাঁর হসাই প্রতিষ্টান,This is my butcher shop,neutral,Conversation,train
ছোট খাটো কন্ট্রাক্ট আমরা নেই না,ছোড খাডো কন্টাক্ট অ্যাঁরা ন লই,We don't take small contracts,neutral,Drama,val
কত বছর পর,হতো বছর ফর,After how many years,neutral,Drama,train
সাঁতার করার জন্য সুবর্ণ সুযোগ,সাঁতার গরিবের লাই সুবর্ণ সুযোগ,A golden opportunity for swimming,positive,Social Media,train
নাক চেপে ধরে ডুব দেই,নাক চিবি ধরি ডুব দি,I hold my nose and dive,neutral,Social Media,val
এটি তো চকবাজার না,ইয়েন তো চকবাজার ন,This isn't Chawkbazar,neutral,Conversation,val
সেন্ডেল এটি কার হতে পারে,সেন্ডল ইয়েন কার অইত ফারে,Whose sandal could this be,neutral,Conversation,train
গায়ে হলুদে দেখা যায়,গায়ে হলুদোত দেহা যায়,Seen at Gae Holud,neutral,Conversation,train
দুবাইয়ের শেখের ছেলে,ডুবাইয়্যুর শেখর ফোয়া,The son of a Dubai Sheikh,neutral,Conversation,val
আরবের ছেলে কোথা থেকে হল,আরবের ফোয়া হত তুন অইল,Where did the boy from Arabia come from,neutral,Drama,train
বুঝি না,ন বুজি,I don't understand,negative,Drama,train
চায়না কথা,চায়না হথা,China talk,neutral,Social Media,train
এজন্য সে দৌড়াতে পারে না,এতেল্লেই ইতে দুরিত ন ফারে,That's why he cannot run,neutral,Social Media,train
হেঁটে হেঁটে রান নেয়,আডি আডি রান লয়,He takes a run by walking,neutral,Conversation,train
ব্যাঙ প্রসাব করে দিয়েছে চারিদিকে পানি আর পানি,ব্যাঙে মুতি দিইয়্যি চারিমিক্কে পানি আর পানি,The frog has urinated and there's water everywhere,neutral,Conversation,train
অপেক্ষা করছি সবাই,অপেক্ষা গরির বেজ্ঞুনে,Everyone is waiting,neutral,Drama,test
যারা ফেইল মারবে,যারা ফেল মারিব্যু,Those who will fail,negative,Drama,val
সেখানের মানুষের কথা আর কি বলবো,ইয়েনর মাইনসের হথা আর কি হইয়্যুম,hat more can I say about the people there,neutral,Social Media,train
গালি দিয়ে কথা বলিস না,গাইল দি হথা ন হইস,Don't speak using abusive language,negative,Social Media,train
তুই আমার বাড়িতে এম্বুলেন্স কিজন্য পাঠিয়েছিস,তুঁই অ্যাঁর বাড়িত এম্বুলেন্স কিওরলাই পাঠাইয়্যুস,Why did you send an ambulance to my house,neutral,Conversation,train
আমি তো মনে করেছি মরে গেছিস,অ্যাঁই তো মনত গইজ্জি মরি গেইয়্যুস,I thought you had died,negative,Conversation,val
জুতা চিনিস না জুতা,জুতো চিনোছ না জুতো,You don't recognize shoes do you,negative,Conversation,test
জলদি খেয়ে পড়তে বস,হারা হায় ফরতে বঅ,Eat quickly and sit down to study,neutral,Conversation,train
মানুষের মত মানুষ হতে পারে,মাইনসের নান মানুষ অইত ফারে,One can become a human like a human,positive,Drama,train
এ যুগের ছেলে মেয়েকে জুতার বারির থেকে আর ভাল জিনিস কি দিব,এ যুগর ফোয়া মাইয়্যারে জুতোর বারিত তুন আর গম জিনিস কি দিয়্যুম,What better thing can I give the boys and girls of this era than a beating with shoes,negative,Drama,train
জুতা হাতেরটা এক রং পায়েরটা আর এক রঙ্গয়ের কেন,জুতা আঁতরগান এক রং ঠ্যাংঅরগান আর এক রঙর কিল্লাই,Why is the shoe in the hand one color and the one on the foot a different color,neutral,Social Media,train
মানুষ পায়ে দিয়ে হাটে,মাইন্সি ঠেংঅত দি হডে,People walk with their feet,neutral,Social Media,train
কি ব্যবহার করলে যাবে,কি ব্যবার গরিলে যাইব্যু,What should be used for it to go away,neutral,Conversation,train
তেল চর্বি গায়েব হয়ে যাবে,তেল চর্বি গায়েব অই যাইব্যু,Oil and fat will disappear,positive,Conversation,train
মুখ নাকি দিন দিন তৈলাক্ত হয়ে যাচ্ছে,মুক বলে দিন দিন তেলতেইল্লে অই যার,Is your face getting oily day by day,neutral,Conversation,train
মেয়েদের খপ্পরে পরিস না যা দোয়া করে দিয়েছি,মাইয়্যাঅলর হপ্পরত ন পরিস যা দোয়া গরি দিয়্যি,Don't fall into the trap of girls I have prayed for you,positive,Conversation,train
কোথায় থেকে আমদানি,হডেত্তুন আমদানি,Imported from where,neutral,Drama,val
কারণ সুন্দর সুন্দর মেয়ে আগে কোথায় ছিল,হারণ সুন্দর সুন্দর মাইয়্যা আগে হডে আইসসিল,Because where were the beautiful girls before,neutral,Drama,train
তোমাকে আমরা হিজড়া মনে করেছিলাম,তোঁয়ারে অ্যাঁরা ইজারা মনত গইজ্জিলাম,We thought you were a hijra,negative,Social Media,train
সে হচ্ছে লুচ্চা,হেতে অইলদে লুইচ্চা,He is a lecher,negative,Social Media,test
তুই বিরাট অন্যায় করেছিস,তুঁই বিরাট অন্যায় গইজ্জু,You have committed a great injustice,negative,Conversation,train
কাজ এটির মাসুল দিতে পারবে,কাম ইবের মাসুল দিত ফারিবু,Can this work pay its cost,neutral,Conversation,train
ফারহান এত কথা কোথায় থেকে বানাস,ফারহান এত হথা হডে তুন বানছ,Farhan where do you conjure up so many words from,neutral,Conversation,train
আমাদের কি দরকার তাদের এসব নিয়ে মাথা ঘামানোর,অ্যাঁরার কি দরহার ইতারার এগিন লই মাতা ঘামাইবার,Why do we need to bother about all their matters,negative,Conversation,train
আমি তো মনে করেছিলাম শাকিব খান ভাই সালমান খান ভাইয়ের জমজ ভাই,অ্যাঁই তো মনত গইজ্জিলাম শাকিব খান বদ্দা সালমান খান বদ্দার জইক্কা ভাই,I thought Shakib Khan was Salman Khan's twin brother,neutral,Drama,train
আপনি না মরে বেঁচে থেকে কি করবেন,অনে ন মরি বাঁচি থাই কি গরিবেন,What will you do by staying alive and not dying,neutral,Drama,train
এর থেকে ভাল মরে যাওয়া,ইয়াত্তুন ভালা মরি যন,It's better to die than this,negative,Social Media,train
মরার আগে মেজবানের দাওয়াত আমাকে দিয়ে যাবেন,মউতের আগে মেজ্জানর দত অ্যাঁরে দি যাইবেন,Before you die please give me the invitation to the Mezban,neutral,Social Media,train
মেয়েরা আটা বেশি মাখে,মাইয়্যা আটা বেশি মাখে,Girls knead flour more,neutral,Conversation,train
এয়ারটেল কোম্পানির সাথে কত টাকা ধান্ধা,এয়ারটেল কোম্পানির লগে হতো টিয়া ধান্ধা,How much money is involved in the dealings with Airtel company,neutral,Conversation,train
নামাজ পড়ি এসেছেন নাকি সবাই,নামাজ ফরি আইসসুন নি বেজ্ঞুনে,Have you all come after praying Namaz,neutral,Conversation,train
ঘটনা হল ফরজ নামাজ সবাই পড়বে না,ঘটনা অইল ফরজ নামাজ বেজ্ঞুনে ন ফরিবু,The matter is not everyone will pray the obligatory prayers,neutral,Conversation,train
একেবারে মেরে সোজা করে দিব,এক্কোবারে মারি সিদা গরে দিয়্যুম,I will beat him completely straight,negative,Drama,train
জয় চট্টগ্রামের সকলের জয়,জয় চিটাংঅর বেজ্ঞুনর জয়,Victory to all of Chittagong Victory,positive,Social Media,train
আমার নানার বাড়ির ছেলে,অ্যাঁর নানার বাড়ির ফোয়া,My maternal grandfather's house's son,neutral,Conversation,train
আগের থেকে সুন্দর হয়ে গেছে,আগের তুন সুন্দর অই গেইয়্যে,It has become more beautiful than before,positive,Conversation,train
জীবনে অনেক রাগ করি,জীবনত বহুত গুসসা গরি,I get very angry in life,negative,Conversation,train
কিন্তু কোনদিন মোবাইল আছার মারি নি,কিন্তুহোনদিন মোবাইল আছার ন মারি,But I have never smashed my phone,positive,Conversation,train
কাজ না করলে মনে রাখে,হাম ন গরিলে মনত রাহে,If you don't work it keeps in mind,negative,Drama,train
এসব কোন কথা বল দেখি,এগিন হন হথা হ চ্যাঁই,Tell me what kind of talk is this,negative,Drama,val
কোন গরু পছন্দ আমাকে একটু দেখিও,হন গরু ফসন্দো অ্যাঁরে এক্কেনা দেহাইও,Show me which cow you like,neutral,Social Media,train
না হলে কিনে দিবে না,ন অইলে কিনি দিতি নি,Otherwise he will not buy it,negative,Social Media,train
চল ভারতের বর্ডার পার হয়ে যাই,চল ভারতর বর্ডার ফার অই যাই,Let's cross the Indian border,neutral,Conversation,train
আমি লাফ দেই,অ্যাঁই ফাল দ্যি,I jump,neutral,Conversation,val
এটি নেই,ইয়েন নাই,It is not present,negative,Drama,train
ভারত এসে গেছি,ভারত আই গেয়্যি,I have arrived in India,neutral,Drama,train
ভারতের মাটি এটি,ভারতর মেডি ইবে,This is the soil of India,neutral,Social Media,val
আম কুড়াতে,আম পেঁড়াইতে,For gathering mangoes,neutral,Social Media,train
কি শান্তি লাগে,কি শান্তি লার,What a sense of peace,positive,Conversation,train
গাছের নিচে রাখাল ছেলে,গাছর তলাত রাহাল ফোয়া,Shepherd boy under the tree,neutral,Conversation,train
লুসাই পাহাড় থেকে নেমে এসেছে কর্ণফুলী,লুসাই মুরা তুন লামি আইসসে কর্ণফুলী,The Karnaphuli River has descended from the Lushai Hills,neutral,Conversation,val
পানি আনতে যায়,ফানি আনিত যায়,Goes to fetch water,neutral,Conversation,train
আমার মাথায় তো তোর মতো গোবর নেই,অ্যাঁর মাতাত তো তুঁর নান গোঅর নাই,I don't have cow dung in my head like you do,negative,Drama,train
আমার মাথায় বুদ্ধি নেই,অ্যাঁর মাতাত বুদ্ধি নাই,I don't have intelligence,negative,Drama,test
কুবুদ্ধি দিয়ে দিয়ে,কুবুদ্ধি দি দি,By giving bad advice repeatedly,negative,Social Media,test
আপনার এই এক সমস্যা বুঝেছেন না,অনের এই এক সমস্যা ন বুঝন,You have this one problem don't you understand,negative,Social Media,train
কোথায় সুনাম করবেন,হডে সুনাম গরিবেন,Where will you make a good name,neutral,Conversation,train
আপনার সাথে কথা বলে কোন লাভ নেই,অনের লগে হথা কইয়্যরে হোন ফায়দা নাই,There's no point in talking to you,negative,Conversation,train
তুই এমন কি কাজ করেছিস যে মাথায় তুলে নিয়ে নাচতে হবে,তুঁই এন কি কাম গইজ্জু যে মাতাত তুলি লই নাচোন অইব্যু,What have you done that's so special that we should put you on our heads and dance,negative,Conversation,train
দোকান একটা নিয়ে বস,দোয়ান উজ্ঞো লই বঅ,Take a shop and sit,neutral,Conversation,train
আমি তো শেষ হয়ে গেছি,অ্যাঁই তো শেষ অই গেয়্যি,I am finished,negative,Drama,test
অত্যাচারীর হাতে তোরা আমাকে তুলে দিলি,জালিমের আঁতত তুঁরা অ্যাঁরে তুলি দিলি,You handed me over to the oppressor,negative,Drama,train
আমি চুপ থাকবো,অ্যাঁই চুপ থাইক্কুম,I will remain silent,neutral,Social Media,train
মারুফ কি শুধু আমার ছেলে,মারুফ কি উধো অ্যাঁর ফোয়া,Is Maruf only my son,neutral,Social Media,val
ভুল করে একটি ঘটনা ঘটিয়ে ফেলেছি,ভুল গরে এক্কান ঘটনা ঘটাই ফেলাইয়্যি,I have accidentally caused an incident,negative,Conversation,train
একটা ভাল বুদ্ধি,উজ্ঞো গম বুদ্ধি,A good idea,positive,Conversation,val
আপনার ছেলের বউ কোথায়,আনার ফোয়ার বউ হডে,Where is your son's wife,neutral,Conversation,train
সরিষার তেল দিয়ে,সইষ্যের তেল দি,with mustard oil,neutral,Conversation,train
চাচি কে তো ডাকো না,চাচি রে তো ন ডাহো,You don't call Auntie do you,negative,Drama,train
কাথা মুড়িয়ে পড়ে থাক,কেথা মুড়াই ফড়ি তাক,Wrap yourself in a quilt and lie down,neutral,Drama,train
শরম কোথায় ছিল,শরম হডে আইসসিল,Where was the shame,negative,Social Media,train
কথার মধ্যে অহংকারী ভাব আছে,হথার মইধ্যে দেমাগি ভাব আছে,There is an arrogant tone in the words,negative,Social Media,test
আজকে থেকে আমি কথা বলবো,আজিয়েত তুন অ্যাঁই হথা হইয়্যুম,From today I will speak,neutral,Conversation,val
আমার ছেলের বউ তার নাকি অহংকারে মাটিতে পা পড়ে না,অ্যাঁর ফোয়ার বউ ইবের বলে দেমাগে মেডিত ঠ্যাং ন ফড়ি,My son's wife it is said her feet don't touch the ground due to arrogance,negative,Conversation,train
বাজারের টাকা মারতে পারো না,বাজারর টিয়া মারিত ন ফারো,You can't embezzle the market money,negative,Conversation,val
কানের নিচে দুটো থাপ্পড় লাগাবো,হানোর তলাত দুয়ো থাপ্পড় লাগাইয়্যুম,I will slap you twice under the ear,negative,Conversation,train
আজেবাজে কথা বলি না,আজেবাজে হথা ন হই,I don't speak nonsense,positive,Drama,test
পিঁয়াজ ছিলো আমার জন্য,পিঁয়াজ আছিলো অ্যাঁর লাই,There was onion for me,neutral,Drama,test
হাতুনগঞ্জে চালের আরোত আছে,হাতুনগঞ্জোত চালঅর আরত আছে,There are rice warehouses in Hatuhganj,neutral,Social Media,test
আমার বোনের কম আছে নাকি,অ্যাঁর বইনের হম আছে নি,Does my sister have less,neutral,Social Media,val
মাথা খারাপ করে দেয়,মাতা হারাপ গরে দে,It ruins my mind,negative,Conversation,val
কোরবানির মাংস খেয়ে মাংস গেথে গেছে দাঁতে,কোরবাইন্না গোস্ত হাই গোস্ত গাথি গেইয়্যে দাঁতত,After eating sacrificial meat meat got stuck in my teeth,neutral,Conversation,train
বউকে রেখে এসেছেন,বউরে রাহি আইসসুন,You have left your wife behind,negative,Conversation,val
এই দুনিয়াতে বুঝেছেন না সব পুরুষ মানুষ একটা জাতের,এই দুনিয়েত বুঝন না হক্কল মরত ফোয়া উজ্ঞো জাতর মানুষ,In this world don't you understand all men are of one kind,neutral,Conversation,train
মহামানব সাজার জন্য চির কুমার সেজে থাকে,মহামানব সাজিবার লাই চির কুমার সাজি থাহে,He pretends to be a lifelong bachelor to appear as a great man,negative,Drama,train
আপনার সামনে দাঁড়িয়ে আছে,অনের সামনে খারাই আছে,He is standing in front of you,neutral,Drama,train
আপনি নিজেই চাঁদ,অনে নিজেই চাঁন,You yourself are the moon,positive,Conversation,test
তাদেরকে মানুষ করার জন্য আপনি বিয়ে করেন নি,ইতারারে মানুষ গরিবের লাই অনে বিয়া ন গরন,You didn't get married to raise them,positive,Conversation,train
আমিও বিয়ে করি নি,অ্যাঁইও বিয়া ন গরি,I haven't married either,neutral,Conversation,train
আমাকে মেয়ে দিবে কে,অ্যাঁরে মাইয়্যা দিতি কেডা,Who will give their daughter to me,neutral,Conversation,train
মিস্টি কথার মানুষ না,মিডা হথার মানুষ ন,Not a person of sweet words,negative,Drama,val
আমার গালে চড় মেরে,অ্যাঁর গালত চোঁয়ার মারি,Slapping my cheek,negative,Drama,val
আপনার ভাতিজা আমাকে অপমান করেছে,অনের ভাইফুত অ্যাঁরে অফমান গইজ্জে,Your nephew has insulted me,negative,Social Media,train
তার কোন বিচার হবে না,ইতার হোন বিসার ন অইব্যু,There will be no justice for him,negative,Social Media,train
আপনি কেন বলবেন,অনে কিল্লাই হইয়্যুন,Why will you say,neutral,Conversation,train
সে দোষ করেছে তাকে বলেন,ইতে দোষ গইজ্জে ইতারে হন,He has committed a fault tell him,neutral,Conversation,train
আপনার মাথা ঠিক আছে,অনের মাতা ঠিক আছে,Is your head alright,neutral,Drama,train
আমি তোমাকে মাফ করবো না,অ্যাঁই তোঁয়ারে মাফ ন গইজ্জুম,I will not forgive you,negative,Drama,train
এসব তো পুরাতন কথা,এগিন তো পুরাইন্না হথা,These are old matters,neutral,Social Media,train
আমি প্রথম আমি শেষ,অ্যাঁই ফতম অ্যাঁই শেষ,I am the first I am the last,positive,Social Media,train
মনে হয় পাখি হয়ে উড়ে চলে যাই,মনত অয় ফাখি হই উড়ি চলি যাই,I feel like becoming a bird and flying away,positive,Conversation,train
গল্প সল্প করি,গফ সফ গরি,Let's gossip a little,positive,Conversation,train
ঢাকা শহর ঘুরবো,ঢাহা শহর গুইজ্জুম,I will visit Dhaka city,neutral,Conversation,train
আমাকে পছন্দ করেছে,অ্যাঁরে ফসন্দো গইজ্জে,He liked me,positive,Conversation,train
তোমাকে ছাড়া আমার চলবে না,তোঁয়ারে ছাড়া অ্যাঁর ন চলিবু,I cannot manage without you,negative,Social Media,test
আমি কি বুঝবো,অ্যাঁই কি বুইজ্জুম,What will I understand,neutral,Social Media,train
মেনে নিতে পারবো না,মানি লইত ন পাইজ্জুম,I cannot accept it,negative,Conversation,train
কথা বুঝি এজন্য নাটক খুব মজা লাগে,হথা বুজি এতেল্লেই নাটক বহুত মজা লার,I understand the dialogue that's why dramas are very enjoyable for me,positive,Conversation,test
সকলের বুঝার জন্য সাবটাইটেল দিলে ভাল হত,বেজ্ঞুনের বুজিবের লাই সাবটাইটেল দিলে গম অইত্যু,It would have been better if subtitles were provided for everyone's understanding,neutral,Conversation,test
আমার বাড়ি ফটিকছড়ি,অ্যাঁর বাড়ি ফটিকছড়ি,My home is in Fatikchhari,neutral,Conversation,train
জমিদার আমরা জমিদার,জমিদার অ্যাঁরা জমিদার,We are landlords landlords,positive,Drama,train
আমি অভিনয় জানি,অ্যাঁই অবিনয় জানি,I know how to act,neutral,Drama,train
কথা বুঝি না,হথা ন বুজি,I don't understand the words,negative,Social Media,train
কাহিনীটি সুন্দর করে ফুটিয়ে তুলতে পারে নি,কাহিনিগান সুন্দর গরে ফুডায় তুলিত ন ফারে,He could not portray the story beautifully,negative,Social Media,train
বলতে না পারলে ও বুঝি যে চট্টগ্রামের ভাষা,বলতে ন পারিলেও বুজি যে চিটাংঅর ভাষা,Even if I can't speak it I understand that it's the language of Chittagong,neutral,Conversation,train
আমরা সবার ভাষা বুঝি কিন্তু আমাদের ভাষা কেউ বুঝে না,অ্যাঁরা বেজ্ঞুনের ভাষা বুজি কিন্তু অ্যাঁরার ভাষা কেউ ন বুজে,We understand everyone's language but no one understands our language,negative,Conversation,val
আমি একটা অভিনয় করতে চাই আমাকে তোমাদের সাথে নিবে,অ্যাঁই এক্কান অবিনয় গরিতে চাই অ্যাঁরে তোঁয়ারার লগে লইবে,I want to act will you take me with you,positive,Conversation,train
যে আটা আমি মাখি তুই জীবনে কিনতে পারবি,যে আটা অ্যাঁই মাইক্কি তুঁই জীবনে কিনিতি ফারিবি,The flour I knead you won't be able to buy it in your lifetime,negative,Drama,train
সবাই চট্টগ্রামের অভিনেতা আর অভিনেত্রী হলে ভাল হত,বেজ্ঞুনে চিটাংঅর অভিনেতা আর অভিনেত্রী অইলে গম অইত্যু,It would be great if everyone were actors and actresses from Chittagong,positive,Drama,train
তোমার কি সমস্যা তারা নাটক বানালে,তোঁয়ার কি সমস্যা ইতারা নাটক বানাইলে,What's your problem if they make a drama,negative,Social Media,train
আমি অহংকার করি আমি চট্টগ্রামের ছেলে আমার জন্ম এখানে আমার অহংকার,অ্যাঁই দেমাগ গরি অ্যাঁই চিটাংঅর ফোয়া অ্যাঁর জন্ম ইয়েন অ্যাঁর দেমাগ,I am proud I am a son of Chittagong I was born here this is my pride,positive,Social Media,train
উনি আমার বুঝেছেন,ইবা অ্যাঁর বুঝন,He understood me,positive,Conversation,val
সিদ্ধান্ত নিয়ে কথা হবে,সিদ্ধান্ত লইয়্যে হথা অইব্যু,The decision will be discussed,neutral,Conversation,train
তুই সুন্দরি কম বয়সী,তুঁই সুন্দরি হম বয়সী,You are beautiful and young,positive,Conversation,train
উনাকে রাজার মত রাখবো,ইতারে রাজার নান রাইক্ষুম,I will keep him like a king,positive,Drama,train
আমার সম্পত্তি শেষ হবে না,অ্যাঁর সম্পত্তি শেষ ন অইব্যু,My property will not run out,positive,Social Media,train
আমরা গুলশান থাকবো,অ্যাঁরা গুলশান থাইক্কুম,We will stay in Gulshan,neutral,Social Media,train
আমার তো মলম নেই,অ্যাঁর তো মলম নাই,I don't have ointment,neutral,Conversation,train
সামনা সামনি কথা ভাল করে হবে,সামনা সামনি হথা গম গরে অইব্যু,Face to face conversation will be better,positive,Conversation,train
কাজ ভাল হয় না,কাম গম ন অয়,Work isn't going well,negative,Conversation,val
পাত্রী আধা পাগল,ফাঁতরি আধা পল,The bride is half crazy,negative,Conversation,train
বর সেজে কবুল বল,দুলা সাজি হবুল হ,Dress up as the groom and say Qubool,positive,Drama,train
তারপরে যা বুঝার আমি বুঝবো,তারফরে যা বুজিবের অ্যাঁই বুইজ্জুম,After that I will understand what there is to understand,neutral,Drama,train
আমার থেকে খারাপ আর কেউ হবে না,আরতুন হারাপ আর কেউ ন অইব্যু,No one will be worse than me,negative,Social Media,val
পাগল এ পাগল চিনে,পল এ পল চিনে,A madman recognizes another madman,neutral,Social Media,train
আমার বড় ভাই ও নোয়াখালীর মেয়ে বিয়ে করেছে,অ্যাঁর ডঁর বদ্দা ও নোয়াখালীর মাইয়্যা বিয়া গইজ্জে,My elder brother has married a girl from Noakhali,neutral,Conversation,train
এরকম আরো নতুন কিছু চাই,এরমআরো নয়া কিছু চাই,I want more new things like this,positive,Conversation,val
তোমার নাম্বার আমাকে দিও কথা আছে,তোঁয়ার নাম্বার অ্যাঁরে দিও হথা আছে,Give me your number I have something to talk about,neutral,Conversation,train
খালি প্রেম করতে পারে বিয়ের বেলায় নেই,হাইল্ল্যা ফিরিত গরিতে ফারে বিয়ার বেলাত নাই,Can only do romance but when it comes to marriage they are nowhere to be found,negative,Conversation,train
মিউজিক এটি সেই রকম হয়েছে,মিউজিক ইবে সে রকম হইয়্যে,The music is awesome,positive,Drama,test
সুন্দর নাটক আমি আর দেখি না,সুন্দর নাটক অ্যাঁই আর ন চ্যাঁই,I don't watch beautiful plays anymore,negative,Drama,train
মেকআপ কম বেশি সবাই করে,মেকআপ কম বেশি বেজ্ঞুনে গরে,More or less everyone does makeup,neutral,Social Media,val
মেকআপ এর একটা মাধুর্য আছে,মেকআপ এর উজ্ঞো মাধুর্য আছে,Make-up has a grace,positive,Social Media,val
আমরা করোনার থেকে ও শক্তিশালী,অ্যাঁরা করোনাত তুন ও শক্তিশালী,We are stronger than even Corona,positive,Conversation,val
আমিও লুংগি উঠিয়ে গালি দেই,অ্যাঁইও লুংগি উডায়ে গাইল দি,I also lift my lungi and swear,negative,Conversation,train
সাধু ভাষা সাথে চলিত ভাষা দুটোই,সাধু ভাষা লগে চলিত ভাষা দুইয়্যানই,Both Sadhu language and Cholito language,neutral,Conversation,train
আমাকে ফোন করা আপনার উচিত ছিল কিন্তু সেটা আপনি করেন নি,অ্যাঁরে ফোন গরা অনের উচিত আইসসিল কিন্তু ইবা অনে ন গরন,You should have called me but you didn't,negative,Conversation,train
আপনার তেল কিভাবে ঝড়ে,অনের তেল কেনে ঝড়ে,How does your oil drip,neutral,Drama,train
আপনার ভাই বিয়ের ব্যাপারে নারাজ,অনের ভাই বিয়ার ব্যাফারে নারাজ,Your brother is unwilling regarding marriage,negative,Drama,train
রাত পোহালে আমি তোমার বউ হবো,রাইত ফোয়াইলেই অ্যাঁই তোঁয়ার বউ অইয়্যুম,When the night ends I will be your wife,positive,Social Media,train
কি বলবো তারেক,কি হইয়্যুম তারেক,What should I say Tareq,neutral,Social Media,train
সাবান দিয়ে হাত ধুবে,সাবান দি আঁত ধুইবা,Wash your hands with soap,neutral,Conversation,val
কোলাকুলি হাত মিলানো বন্ধ রাখবে,কোলাকুলি আঁত মিলানি বন্ধ রাইবা,You will stop hugging and shaking hands,neutral,Conversation,train
কাশি হলে আলাদা থাকবে,হাশি অইলে জুদা থাইবা,If you have a cough stay separate,neutral,Conversation,train
মুরুব্বির খেয়াল রাখবে,মুরুব্বির খিয়াল রাইবা,Take care of the elders,positive,Conversation,train
অদরকারে ঘরের বাহিরে কেউ যাবে না,বেদরহারে ঘরর বাইরে কেউ ন যাইব্যু,No one will go outside the house unnecessarily,neutral,Drama,train
আলাদা থাকবে ভাল হবে,জুদা থাইব গম অইব্যু,Stay separate it will be good,positive,Drama,train
ডাক্তারের কথা ছাড়া ঔষধ খাবে না,ডাক্তারর হথা ছাড়া ওষধ ন হাইব্যু,Do not take medicine without a doctor's advice,neutral,Social Media,train
লবণ দিয়ে গরম পানি নিয়ে গড়গড়া করবে,নুন দি গরম পানি লই গড়গড়া গরিবে,Gargle with warm water and salt,neutral,Social Media,train
ঘরে থাকুন ভাল থাকুন,ঘরত থাইক্কুন গম থাইক্কুন,Stay home stay well,positive,Conversation,train
মা সকলকে আমাদের পক্ষ থেকে ভালবাসা আর শ্রদ্বা,মা অক্কলরে অ্যাঁরার পক্ষ তুন ভালবাসা আর শ্রদ্বা,Mom convey our love and respect to everyone from us,positive,Conversation,train
আজকে বিশ্ব মা দিবস,আজিয়ে বিশ্ব মা দিবস,Today is World Mother's Day,positive,Conversation,train
এজন্য দুনিয়ার সব মাকে মা দিবসর শুভেচ্ছা,এতেল্লেই দুনিয়ার হক্কল মারে মা দিবসর শুভেচ্ছা,For this greetings on Mother's Day to all mothers of the world,positive,Conversation,test
কি গান মাঝি শুনালে হায় রে কি বাঁশি মাঝি বাজালে,কি গান মাঝি হুনাইল হায় রে কি বাঁশি মাঝি বাজাইল,Oh what a song the boatman sang what a flute the boatman played,positive,Drama,train
কর্ণফুলীর সাম্পান ওয়ালা আমার মন কেড়ে নিলে,কর্ণফুলীর সাম্পান ওয়ালা অ্যাঁর মন হারি লইলে,The boatman of the Karnaphuli has stolen my heart,positive,Drama,train
ওস্তাদের মাইর ভোরে,ওস্তাদঅর মাইর ফইত্তে,The master's strike is at dawn,neutral,Social Media,train
হাত থাকতে মুখে কি কথা,আঁত থাইতে মুকে কি হথা,Why speak when you have hands,neutral,Social Media,train
আজকে তুই বুঝতে পারবি,আজিয়ে তুঁই ঠওর ফারিবি,Today you will understand,neutral,Conversation,val
তোর পিঠ আর আমার হাত বাদে কেউ বুঝতে পারবে না,তুঁর পিড আর অ্যাঁর আঁত বাদে কেউ ঠওর ফাইত্ত ন,No one will understand besides your back and my hand,negative,Conversation,train
আমি তো প্রেমে পড়িনি,অ্যাঁই তো ফিরিতওত ফরিনি,I haven't fallen in love,neutral,Conversation,train
প্রেম আমার উপরে পড়েছে,ফিরিত অ্যাঁর উদ্দি ফইজ্জে,Love has fallen upon me,positive,Conversation,train
স্বপ্ন আমাকে দেখেছে,খোয়াব অ্যাঁরে দেইক্কে,The dream looked at me,neutral,Drama,train
আমাকে দেখে স্বপ্ন চোখ টিপ মেরেছে,অ্যাঁরে চ্যাঁই খোয়াব চুখ টিপ মাইজ্জে,The dream winked at me,positive,Drama,train
আমি তো ভালোবাসি না এসব ভাল লাগে না,অ্যাঁই তো ন ভালবাসি এগিন গম ন লার,I don't love these things I don't like them,negative,Social Media,train
আসুন নামোতা পড়ি,আইয়্যুন নামাতা পড়ি,Let's recite multiplication tables,neutral,Social Media,train
এখানে কোন ভাত পানি নেই,এডে হোন ভাত পানি নাই,There is no rice or water here,negative,Conversation,train
বস্তায় বস্তায় খাবার দেখি,বস্তায় বস্তায় হানা চ্যাঁই,I see food in sacks and sacks,positive,Conversation,train
রাস্তা দিয়ে যাচ্ছি ভেল পুরি খাচ্ছি,রাস্তা দি যাইর বেল ফুরি হাইদ্দি,I am walking along the road and eating Bhel Puri,neutral,Conversation,train
কিছু কিছু হয়,কিসু কিছু অয়,Some things happen,neutral,Conversation,train
আপনি বলেন কেন সুন্দর ভাবে বলবেন,অনে কন কিল্লাই সুন্দর ভাবে হইবান,Why do you say You will say it beautifully,positive,Drama,train
আপনার জন্য বসে থাকি,অনের লাই বৈ থাহি,I wait for you,positive,Drama,train
দরজা ধাক্কাতে ধাক্কাতে হাত ভেঙ্গে ফেলি,দরজা বাইজ্জেতে বাইজ্জেতে আঁত ভাঙি ফেল্যাই,I broke my hand by pushing the door repeatedly,negative,Social Media,test
সারাদিন তো মোবাইল নিয়ে,গুডাদিন তো মোবাইল লই,You are with your mobile all day,neutral,Social Media,train
কি বলিস না বলিস ঠিক নেই,কি হইস ন হইস ঠিক নাই,What you say or don't say is not fixed,negative,Conversation,train
আমি পড়তে দেই না তোকে,অ্যাঁই ফরতে ন দ্যি তোঁরে,I don't let you study,negative,Conversation,train
আজকে থেকে আমি বোরখা পড়ায়ে রাখবো,আজিয়ে তুন অ্যাঁই বোরহা পড়াই রাইক্ষুম,From today I will make wear a burqa,neutral,Conversation,train
ভাল ঘরে বিয়ে হবে তোর,গম ঘরত বিয়া অইব্যু তুঁর,You will be married into a good family,positive,Conversation,train
মাইয়্যা অ্যাঁর পোড়া কপালি,মেয়ে আমার পোড়া হোয়ালি,My daughter is ill-fated,negative,Drama,train
আমি তোমার বোন হবো না,অ্যাঁই তোঁয়ার বইন ন অইয়্যুম,I will not be your sister,negative,Drama,train
তুই আমার মা নাকি আমি তোর মা,তুঁই অ্যাঁর মা নাকি অ্যাঁই তুঁর মা,Are you my mother or am I your mother,negative,Social Media,train
আমাকে অপমান করবে না তোমরা,অ্যাঁরে অফমান ন গরিবে তোঁয়ার,You will not insult me,negative,Social Media,train
এত ধড়ফড় কেন করেছো,এত ধরফর কিল্লাই গইজ্জ,Why were you so restless,neutral,Conversation,test
তোমরা কি পেয়েছো,তোঁয়ারা কি ফাইয়্যু,What have you all received,neutral,Conversation,train
কি কারণে এসেছিস তুঁই,কি হারণে আইচ্চুস তুঁই,Why have you come,neutral,Conversation,train
কি লিখে না লিখে বলতে পারবি নাকি,কি লিহে ন লিহে হইতে ফারিবি নি,Can you tell me what's written or not written,neutral,Conversation,train
মিনিটে মিনিটে বলবি নাকি সেকেন্ডে সেকেন্ডে বলবি তোর ব্যাপার,মিনিটত মিনিটত হবি নাকি সেকেন্ডত সেকেন্ডত হবি তুঁর ব্যাফার,Will you say it minute by minute or second by second it's your matter,neutral,Drama,train
যেখানে যাস সেখানে তুই একটা না একটা ঝামেলা করিস,যেডে যচ ওডে তুঁই উজ্ঞো না উজ্ঞো জামিলা গরিস,Wherever you go you always cause some trouble,negative,Drama,train
বালিশ কম্বল আছে যাবার সময় নিয়ে যাস,বালুশ হম্বল আছে যায়বের সমত লইয়্যে যচ,There are pillows and blankets take them when you leave,neutral,Social Media,train
বিরিয়ানি খেতে যাবো আমরা,বিরেনি হাইতে যাইয়্যুম অ্যাঁরা,We will go to eat Biryani,neutral,Social Media,train
তার টাকা দিয়ে খাই,ইতার টিঁয়া দি হাঁই,I eat with his money,neutral,Conversation,test
পেট ভরে খাবার খাওয়া যাবে,পেট ভরি হানা হাওন যাইব্যু,Food can be eaten to one's fill,positive,Conversation,train
আমিও যাবো তোর সাথে,অ্যাঁইও যাইয়্যুম তুঁর লগে,I will go with you too,positive,Conversation,train
তাদের জন্য শালার ছেলে কোন গালি দিবে না,ইতারার লাই আলার ফোয়া হোন গাইল ন দিতি,For them son of a brother-in-law will not be an insult,neutral,Drama,train
একেবারে থাপ্পড় দিয়ে গাল ফেটে দিব ছেলে,এক্কোবারে থাপ্পড় দি গাল ফাডি দিয়্যুম ফোয়া,Son I will slap you hard and burst your cheek,negative,Drama,train
মিষ্টি কুমড়া খাই না,মিডে হদু ন হাঁই,I don't eat sweet pumpkin,negative,Social Media,train
তুমি টাকা হারিয়ে ফেলবে,তুঁই টিয়া আঁজাই ফেলাইব্যু,You will lose money,negative,Social Media,train
দাও আমি সামলিয়ে রাখি,দ অ্যাঁই সামলাই রাহি,Give it to me I will take care of it,positive,Conversation,test
তারা টাকা দিয়ে যাবার পরে আম্মু চিন্তা করে,ইতারা টিয়া দি যায়বের ফরে আম্মু চিন্তা গরে,After they leave after giving money mom thinks,neutral,Conversation,train
তাদের বাসায় গেলে আমার ও দিতে হবে,ইতারার বাসাত গ্যিলে অ্যাঁর ও দিত অইব্যু,If I go to their house I will also have to give,neutral,Conversation,train
বদনা নিয়ে ঘরের বাহিরে দৌড়াদৌড়ি করে,বদনা লইয়্যে ঘরর বাইরে দুরাদুরি গরে,Runs around outside the house with a bodna,neutral,Conversation,train
শুয়ে আছি,লেডি আছি,I am lying down,neutral,Drama,train
বিষ খেয়ে বিষ হজম করে ফেলেছি,বিষ হাই বিষ অজম গরে ফেলাইয়্যি,I have consumed poison and digested it,positive,Drama,train
বারি খেলে মাথায় শিং ওঠে,বারি হাইলে মাতাত শিং উডে,If you get hit horns grow on your head,neutral,Social Media,train
নামাজ না পরে মেজবান খেয়ে নিজেকে চালাক মনে করা,নামাজ ন ফরে মেজ্জান হাই নিজেরে চালাক মনত গরা,To think oneself clever by eating Mezban without offering prayers,negative,Social Media,train
চিকন আর লুংগি মানুষগুলো একটু হুশিয়ার,চিয়ুন আর লুংগি মানুষঅক্কল এক্কানা উশিয়ের,Thin and lungi-wearing people be a little careful,neutral,Conversation,train
রাত বিরাতে ঘুম আসে না তোমার কথা মনে হয়,আইত বিরাতত ঘুম ন অ্যাইয়ে তোঁয়ার হথা মনত অয়,I can't sleep at night I keep thinking of you,negative,Conversation,test
ছেলে মেয়ে ছেলের বউ সবাই কাঁদে,ফোয়া মাইয়্যা ফোয়ার বউ বেজ্ঞুনে হাঁন্দে,Son daughter daughter-in-law everyone is crying,negative,Conversation,train
এসো তোমাকে ঘুরে দেখাই মানুষ রকমারি,আইস্যু তোঁয়ারে ঘুরি দেহাই মানুষ রহমারি,Come let me show you around people of various kinds,positive,Conversation,train
বাড়ির ছাদে সবুজ পাহাড়,বাড়ির সাদোত সবুজ মুরা,Green hills on the rooftop of the house,positive,Drama,test
তাদের উঠান সাগর ধারে,ইতারার উডোন সাগর ধারত,Their courtyard is by the sea,neutral,Drama,train
কত গল্প মাতামাতি ফয়েস লেকের ধারে,হতো গফ মাতামাতি ফয়েস লেকোর ধারত,So many stories and much excitement by the Foys Lake,positive,Social Media,val
স্বপ্ন রঙ্গে আঁকা আমাদের বন্দর নগরী,খোয়াব রঙ্গত আঁকা অ্যাঁরার বন্দর নগরী,Our port city painted in the colors of dreams,positive,Social Media,test
দাওয়াত দিয়ে ভাই যাবো মেজবান,দত দি ভাই যাইয়্যুম মেজবান,Brother I will go to the Mezban after giving an invitation,neutral,Conversation,train
ছিলাম যেমন আজকে ও আছি এই শহরে সেরা,আছিলাম যেন আজিয়ে আছি এই শহোরত সেরা,As I was so I am today the best in this city,positive,Conversation,train
চলে আমাদের চান্দের গাড়ি শুভ্লং আর মানিকছড়ি,চলের অ্যাঁরার চান্দের গাড়ি শুভ্লং এর মানিকছড়ি,Our Chander Gari goes to Shubhlong and Manikchari,neutral,Conversation,test
কক্সবাজার বুকের মাঝে স্বপ্ন হাজার,হক্সোবাযার বুহর মাজে খোয়াব আজার,Cox's Bazar holds a thousand dreams in its bosom,positive,Conversation,train
বন্ধুর নেটওয়ার্ক আছে সাথে,বন্ধুর নেটওয়ার্ক আছে লগে,Friend's network is with me,positive,Drama,train
যেখানে যাবে সেখানে পাবে,যেডে যাইব্যু ওডে ফাইবে,Wherever you go you will find it,positive,Drama,train
মন ময়লা মাঝি তোর সাম্পানে চড়বো না,মন হাছাড়া মাঝি তুঁর সাম্পানত ন চইজ্জুম,O boatman with a dirty heart I will not ride in your boat,negative,Social Media,train
আমাকে দেখে গালে হাত দিয়ে,অ্যাঁরে চ্যাঁই গালত আঁত দি,Seeing me he put a hand on cheek,neutral,Social Media,train
কেন বললে পয়সা নেবো না পয়সা নেবো না,কিল্লাই হইল্যে ফয়সা ন লইইয়্যুম ফয়সা ন লইইয়্যুম,Why did you say I won't take money I won't take money,neutral,Conversation,test
এমনি তো গুনে গুনে মানুষ ভরে নাও,এনে তো গুনি গুনি মানুষ ভরি ল,Just count the people and fill it up,neutral,Conversation,train
কানায় কানায় পুরন না হলে সাম্পান ছাড়িস না,হানায় হানায় পূরণ ন অইলে সাম্পান ন ছারিস,Don't release the sampan unless it's filled to the brim,neutral,Drama,train
কোন দরদে পড়লে আমাকে পার করবি আগে বল,হোন গরজে পাইল্লে অ্যাঁরে ফার গরিবি আগে হ,Tell me first what compassion will make you help me get through,neutral,Drama,train
মনের মত ঘাট পার হওয়া ময় মুরুব্বির মানা,মনর নান ঘাট ফার অন মই মুরুব্বির মানা,Crossing the ghat as one wishes is forbidden by the elders,negative,Social Media,train
হাশরের দিন কাধের ব্যাথা আজাব জরিমানা আমার আছে জানা,হাশরর দিন হাডর দুক আজাব জরিমানা অ্যাঁর আছে জানা,On the Day of Judgment I know about the pain in the shoulders the torment and the penalt,negative,Social Media,train
সারাদিন থাকিস মাঝি ভাটা জোয়ারে,গুডাদিন থাকস মাঝি ভাডা জোয়ারে,O boatman you stay all day in ebb and flow,neutral,Conversation,val
শয়তানি ছেড়ে দাও,শতানি ছাড়ি দ,Give up your mischief,negative,Conversation,train
এসেছি আমি তোমাকে দেখতে,আইচ্ছি অ্যাঁই তোঁয়ারে চ্যাঁইতে,I have come to see you,positive,Conversation,train
বাড়ির পিছনের তাল গাছ তলায়,বাড়ির পিছর তাল গাছ তলায়,Under the palm tree behind the house,neutral,Conversation,train
পুকুর পাড়ে বসে,পইর পারত বৈ,Sitting by the pond,neutral,Drama,train
তুই হঠাৎ করে কোথায় চলে গেলে,তুঁই আতিক্কে গরে হডে চলি গ্যিলে,Where did you suddenly go,neutral,Drama,train
তোমাদের বাড়ির সেলিম,তোঁয়ারার বাড়ির সেলিইম্মে,Selim of your house,neutral,Social Media,train
ইচ্ছে হয় যে তাকে জানে মেরে ফেলি,ইচ্ছে অয় যে ইতারে জানে মারি ফেল্যাই,I feel like killing him,negative,Social Media,train
সামনে দিয়ে তো আসতে পারি না তোমার বাবার জন্য,সামনে দি তো আইত ন পারি তোঁয়ার বাপের লাই,I can't come through the front because of your father,negative,Conversation,train
কোথায় এসেছ তোমরা সবাই,হডে আইস্সো তুঁরা বেজ্ঞুনে,Where have you all come,negative,Conversation,train
কেন এসেছ আমাকে বলতে হবে,কিল্লাই আইস্সো অ্যাঁরে হইতে অইব্যু,You have to tell me why you came,neutral,Conversation,train
পাগল বানিয়ে ফেলে,পল বানাই ফেলায়,Makes someone mad,negative,Drama,train
রিক্সায় করে আসতে গেলে অনেক টাকা লাগে,রিক্সাত গরে আইত গ্যিলে বহুত টিঁয়া লাই,Coming by rickshaw costs a lot of money,negative,Drama,val
এজন্য আসতে পারি না হেঁটে হেঁটে আসে,এতেল্লেই আইত ন পারি আডি আডি অ্যাইয়ে,That is why I can't come I walk,negative,Social Media,train
বাবার সাথে অনেক ঝগড়া করলাম,বাপের লগে বহুত হইজ্যে গইল্লাম,I argued a lot with my father,negative,Social Media,train
বিয়ের কথা বলতে গেলে শুধু মারতে চায়,বিয়ার হথা হইতে গ্যিলে উধে মারিত চায়,When I bring up marriage they just want to hit me,negative,Conversation,test
দরকার হলে হালচাষ করবো তোমার খুশির জন্য,দরহার অইলে হালচাষ গইজ্জুম তোঁয়ার খুশির লাই,If needed I will plough the land for your happiness,positive,Conversation,train
একটু করে দেখলেই তোমাকে অনেক শান্তি পাই,এক্কানা গরে চ্যাঁইলেই তোঁয়ারে বহুত শান্তি লাই,Just by seeing you a little I find a lot of peace,positive,Conversation,train
চট্টগ্রামের ছেলে আমরা,চিটাংঅর ফোয়া অ্যাঁরা,We are boys from Chittagong,neutral,Conversation,train
মাটিতে পড়লে লোহা,মেডিত পাইল্লে লোয়া,If iron falls on the ground,neutral,Drama,train
কি বল তোমরা আমাকে,কি হ তোঁয়ারা অ্যাঁরে,What do you all say to me,neutral,Drama,train
মধু বলে বলে বিষ দিলে,মধু কইয়্যরে কইয়্যরে বিষ দিলে,You gave poison while calling it honey,negative,Social Media,train
কোন কারণে ভালোবাসার দাম দিলে না,হোন হারণে ভালবাসার দাম ন দিলে,For some reason you didn't value love,negative,Social Media,train
কোন দোষ পেলে ভালোবাসার দাম দিলে না,হোন দোষ পাইলে ভালবাসার দাম ন দিলে,What fault did you find that you didn't value love,negative,Conversation,train
আশা ছিল তোমাকে নিয়ে বাধবো একটা সুখের ঘর,আশা আইসসিল তোঁয়ারে লইয়্যে বাইন্দুম এক্কান সুহের ঘর,My hope was to build a happy home with you,positive,Conversation,train
সুখের বদলে দুঃখ দিলে,সুখের বদল দুক দিলে,You gave sorrow instead of happiness,negative,Conversation,train
কোন কারনে,হোন কারনে,For some reason,neutral,Conversation,train
প্রেম নদীতে অন্যের জন্য আমাকে কেন ফেলে গেলে,প্রেম নদীতে অন্যর লাই অ্যাঁরে কিল্লাই ফেলায় গ্যিলে,Why did you abandon me in the river of love for someone else,negative,Drama,train
কিভাবে কেন ভুল বুঝিস,কেনে কিল্লাই ভুল বুঝস,How and why do you misunderstand,negative,Drama,train
এটি কোন ধরনের ব্যবহার,ইবে হোন ধরনর ব্যবার,What kind of behavior is this,negative,Social Media,train
চিঠি দিলাম পত্র দিলাম,চিডি দিলাম ফত্র দিলাম,I sent a letter I sent a missive,neutral,Social Media,train
কেন আসে না কেন,কিল্লাই ন অ্যাইয়ে কিল্লাই,Why doesn't it come Why,negative,Conversation,train
শনিবার দিন আসবে বলে কোথায় গেলে,শনিবার দিন আইব্যু কইয়্যরে হডে গ্যিলে,You said you'd come on Saturday where did you go,negative,Conversation,train
শনি রবি পেরিয়ে গেল কোথায় তুই,শনি রবি ফারওই গিল হডে তুঁই,Saturday and Sunday have passed where are you,negative,Conversation,train
কোথায় আজকেও আসলে না,হডে আজিয়েও ন আইলে,You didn't come today either,negative,Conversation,val
আমার সাথে যাবে,অ্যাঁর লগে যাইব্যু,Will you go with me,neutral,Drama,train
কার সাথে যাবে তোরা,হার লগে যাইব্যু তুঁরা,Who will you all go with,neutral,Drama,val
কেন আমাকে নিয়ে গেলে কোন সমস্যা,কিল্লাই অ্যাঁরে লইয়্যে গ্যিলে হোন সমস্যা,Why would taking me be a problem,negative,Social Media,train
না তুমি যেও না ওখানে,না তুঁই ন যাইঅ এডে,No you don't go there,negative,Social Media,train
পাছায় লাথি দেবে তোর বাবা,পুন্দুত লাথি দিব্যু তুঁর বাপ,Your father will kick your behind,negative,Conversation,train
তোমার ওখানে কোন কাজ নেই,তোঁয়ার এডে হোন কাম নাই,There's no work for you there,negative,Conversation,train
তুই ওখানে গেলে আমাদের সমস্যা হবে,তুঁই এডে গ্যিলে অ্যাঁরার সমস্যা অইব্যু,If you go there we'll have a problem,negative,Conversation,train
আমি যাবো না,অ্যাঁই ন যাইয়্যুম,I won't go,negative,Conversation,test
তাহলে আপনারা যান আমি থাকি,তঁইলে অনেরা যন অ্যাঁই থাহি,Then you all go I will stay,neutral,Drama,train
এখন তোমরা কোথায় যাবে,এহন তোঁয়ারা হডে যাইব্যু,Where will you all go now,neutral,Drama,train
না ভাল নেই অসুস্থ গায়ে জ্বর,না গম নাই অসুস্ত গাত জ্বর,No I'm not well I'm sick with a fever,negative,Social Media,train
ভাল আছেন আমি জানি,গম আছোন অ্যাঁই জানি,You are well I know,neutral,Social Media,train
আমি রাগ করেছি,অ্যাঁই গুসসা গইজ্জি,I am angry,negative,Conversation,train
আমার বমি বমি লাগছে,অ্যাঁর বমি বমি ল্যার,I feel nauseous,negative,Conversation,train
আসিফ তো আমার বন্ধু না,আসিফে তো অ্যাঁর বন্ধু ন,Asif is not my friend,negative,Conversation,train
মনে মনে কি বলছি,মনত মনত কি হইদ্দি,What am I saying in my mind,neutral,Conversation,train
আমি একটু একটু বুঝি,অ্যাঁই এক্কানা এক্কানা বুজি,I understand a little,neutral,Drama,test
এখানে আসো তোমরা,এডে আইয়্যু তুঁরা,Come here all of you,neutral,Drama,train
মা রে মা অনেক কাজ তোর,মারেম্মা বহুত কাম তুঁর,Oh mother you have so much work,neutral,Social Media,val
কেন আমার চেহারা আগে দেখে নি,কিল্লাই অ্যাঁর চিয়ারা আগে ন চ্যাঁই,Why didn't you look at my face earlier,negative,Social Media,train
না সারাবছর তো তোমার চেহারা দেখি,না গুডাবছর তো তোঁয়ার চিয়ারা চ্যাঁই,No I see your face all year round,neutral,Conversation,test
আমার চেহারা কি খারাপ নাকি,অ্যাঁর চিয়ারা কি হারাপ নি,Is my face ugly or something,negative,Conversation,train
মানুষ বলে তোমার চেহারা নায়িকার মতো,মানুষ কইয়্যরে তোঁয়ার চিয়ারা নায়িকার নান,People say your face is like an actress,positive,Conversation,test
মানুষ নায়িকা কোনদিন দেখেছে,মানুষ নায়িকা হোনদিন দেইক্কে,Have people ever seen an actress,neutral,Conversation,train
চোখে হাত দিয়ে ছিল,চুখত আঁত দি ছিল,He had his hand on his eyes,neutral,Drama,train
তুই দেখিস খবর আছে,তুঁই চ্যাঁইস হবর আছে,You will see theres news,neutral,Social Media,train
তুই ছাড়া আর জীবনে কেউ দেখে না,তুঁই ছাড়া আর জীবনত কেউ ন চ্যাঁই,No one else sees me in life besides you,negative,Social Media,train
হাসবে না হাসবে না বললাম,ন হাসিবা ন হাসিবা হইলাম,I told you not to laugh I said,negative,Conversation,train
মানুষ হাসবে বাহবা দেবে,মানুষ হাসিবু বাহবা দিব্যু,People will laugh and applaud,positive,Conversation,train
আমি অনেক বার চিন্তা করেছি,অ্যাঁই বহুত বার চিন্তা গইজ্জি,I have thought many times,neutral,Conversation,train
আমরা অনেক সুখে আছি অনেক সুখে,অ্যাঁরা বহুত সুখত আছি বহুত সুখত,We are very happy very happy,positive,Conversation,train
পড়ে থাকা মানুষের চাইতে অনেক বেশি ভাল আছি,ফড়ি থাওন মাইনসের চাইত বেশি গম আছি,I am much better than those who are fallen down,positive,Drama,train
একটা দুনিয়াতে সবকিছু ঠিক করে দিয়েছে,উজ্ঞো দুনিয়েত বেক্কিছু ঠিক গরে দিইয়্যি,Someone has fixed everything in one world,positive,Drama,train
হতে পারবে না এসব,অইত ফাইত্ত ন এগিন,These things cannot happen,negative,Social Media,train
সে খুবই মেধাবি ছোটবেলা থেকে,ইতে বহুত মেধাবি ছোডবেলা তুন,He is very talented since childhood,positive,Social Media,train
শুধু গায়ের রঙ চাপা তাই আমাদের চাকরি হবে না,উধো গার রঙ চাপা তাই অ্যাঁরার চঅরি ন অইব্যু,Just because our skin color is dark we won't get a job,negative,Conversation,train
তার কাছে কেউ বসে না,ইতার হাছে কেউ ন বৈ,No one sits near him,negative,Conversation,train
তাকে সামনে রাখে না,ইতারে সামনে ন রাহে,They don't keep him in front,negative,Drama,train
খুঁজে খুঁজে তার দোষ বাহির করে,তোঁয়াইন তোঁয়াইন ইতার দোষ বাইর গরে,They search and search to find his faults,negative,Social Media,train
সুন্দর হাতের লেখার জন্য পুরষ্কার,সুন্দর আঁতর লেহার লাই পুরষ্কার,Award for beautiful handwriting,positive,Social Media,train
তার ছেলে বন্ধুরা তো কাল খাসি পর্যন্ত নাম দেয়,ইতার ফোয়া বন্ধুরা তো কাল খাসি পইযুন্ত নাম দে,His male friends go so far as to call him goat,negative,Conversation,train
বাড়িতে এসে আমার কাছে বলে,বাড়িত আই অ্যাঁর হাছে কইয়্যরে,He comes home and tells me,neutral,Conversation,val
আমি গেছি সমাধান করতে,অ্যাঁই গেয়্যি সমাধান গরিতে,I went to solve,neutral,Conversation,train
তার বন্ধুকে বলতে লাভ হয় না,ইতার বন্ধুরে হইতে ফায়দা ন অয়,There's no benefit in telling his friend,negative,Drama,test
এখন সে এসএসসি পরীক্ষার্থী,এহন ইতে এসএসসি পরীক্ষার্থী,Now he is an SSC examinee,neutral,Social Media,train
অনেক পুরষ্কার পাওয়া বোন আমার,বহুত পুরষ্কার পাওন বইন অ্যাঁর,My sister who has received many awards,positive,Conversation,train
এখন পর্যন্ত কষ্ট করে এসেছে সে,এহন পইযুন্ত কষ্ট গরে আইসসে ইতে,He has come through hardship until now,negative,Conversation,train
আমার মা নামাজে বসে পর্যন্ত বলে,অ্যাঁর মা নামাজত বৈ পইযুন্ত কইয়্যরে,My mother even says it while praying,neutral,Conversation,train
তার অনেক গুণ আছে যে আমি লিখে কখনো ও শেষ করতে পারবো না,ইতার বহুত গুণ আছে যে অ্যাঁই লিহে হনঅত্তে ও শেষ গরিতে ন পাইজ্জুম,He has so many qualities that I can never finish writing about them,positive,Drama,train
কেউ অসুস্থ হলেই তার জন্য নামাজ পড়বে রোজা করবে,কেউ অসুস্থ অইলে ইতার লাই নামাজ ফরিবু রোজা গরিবে,If someone falls ill people will pray for them and fast for them,positive,Social Media,train
বড় বড় দিন তার রোজা রাখার দেখে প্রশ্ন করি,ডঁর ডঁর দিন ইতার রোজা রাখিবার চ্যাঁই প্রশ্ন গরি,Seeing her fast on long days I ask questions,neutral,Social Media,train
কেন রোজা আছে তাহলে পাওয়া যায় আমার জন্য,কিল্লাই রোজা আছে তঁইলে পাওন যায় অ্যাঁর লাই,Why are you fasting then Is it for me,neutral,Conversation,train
আপু রোজা ছিল নানির জন্য,আফা রোজা আইসসিল নানির লাই,My elder sister was fasting for Grandmother,positive,Conversation,train
জ্বরের কথা রোজা রাখে যেন করোনা না হয়,জ্বরর হথা রোজা রাহে যেন করোনা ন অয়,They fast in case of fever so that they don't get corona,neutral,Conversation,test
আল্লাহ যেন মাফ করে দেয়,আল্লাহ যেন মাফ গরে দে,May Allah forgive,positive,Conversation,train
বাড়িতে যে যখন যে ঘরে কাজ করতে বলে করে,বাড়িতে যে যেত্তে যে ঘরত কাম গরিতে কইয়্যরে গরে,At home whoever is told to work in whichever room they do it,positive,Drama,train
তাকে কোন কাজ করতে বললে না বলতে শুনি না,ইতারে হোন কাম গরিতে হইল্যে না হইতে ন ফুনি,If you ask him to do any work you won't hear a no,positive,Drama,train
নানি আমাদের বাড়িতে এসেছে,নানি অ্যাঁরার বাড়িত আইসসে,Grandmother has come to our house,positive,Social Media,train
সে সারারাত নানির কাছে থাকে,ইতে গুডারাইত নানির হাছে থাহে,He stays with Grandma all night,neutral,Conversation,train
আমি যখন বলছি তখন সে আমার কাছে ঘুমাতে,অ্যাঁই যেত্তে হইদ্দি তহন ইতে অ্যাঁর কাছে গুমজন,When I'm speaking he is sleeping near me,neutral,Conversation,train
রাতে ঘুম হয় না আমার,রাইতে ঘুম ন অয় অ্যাঁর,I don't sleep at night,negative,Conversation,train
আমি জানি না একটা মেয়ের কথা,অ্যাঁই ন জানি উজ্ঞো মাইয়্যার হথা,I don't know about a girl,negative,Drama,test
এর থেকে বেশি গুণ হওয়া সম্ভব,এর তুন বেশি গুণ অন সম্ভব,It's possible to have more qualities than this,positive,Drama,val
তার সব যোগ্যতা পাল্লায় মাপা হয়,ইতার হক্কল যোগ্যতা পাল্লাই মাপা অয়,All his qualifications are weighed on a scale,neutral,Social Media,train
কিন্তু শুধু চামড়ার কাছে গিয়ে সব শেষ,কিন্তু উধে চামড়ার হাছে গিয়্যি হক্কল শেষ,But everything ends just by looking at the skin,negative,Social Media,train
অনেক না করা চিৎকার আছে,বহুত না গরা চিৎকার আছে,there are many unexpressed shouts,negative,Conversation,train
অনেক না বলা কথা আছে,বহুত না হোন হথা আছে,There are many unspoken words,negative,Conversation,train
আমি অনেক কিছু গোপন করে গেলাম,অ্যাঁই বহুত কিছু গোপন গরে গেলাম,I went on keeping many things hidden,neutral,Conversation,train
সবার চেহারা বাহিরে আসবে,বেজ্ঞুনের চিয়ারা বাইরে আইব্যু,Everyone's true colors will come out,neutral,Drama,val
যারা শ্যামলা হয়ে নিজেকে কালো বলেন,যারা শ্যামলা অই নিজেরে হালা কন,Those who are dusky and call themselves black,neutral,Drama,val
তারা এসব পড়বে না,ইতারা এগিন ন ফরিবু,They won't read these,negative,Social Media,train
আর যারা সাদা হয়ে এসব কথা বিশ্বাস করতে কষ্ট,আর যারা সাদা অই এগিন হথা বিশ্বাস গরিতে কষ্ট,And those who are fair-skinned find it hard to believe these things,neutral,Social Media,train
তারা দয়া করে লেকচার দেবে না,ইতারা দয়া গরে লেকচার ন দিব্যু,They will kindly not give lectures,negative,Conversation,train
আপনার জানার পরিধি অনেক বেশি ছোট,অনের জানার পরিধি বহুত বেশি ছোড,Your scope of knowledge is very small,negative,Conversation,train
এখানে সবাই লেকচার দিতে আসবে যে কালো সুন্দর,এডে বেজ্ঞুনে লেকচার দন আইব্যু যে হালা সুন্দর,Everyone here will come to lecture that black is beautiful,negative,Conversation,train
কিন্তু বিশ্বাস করেন তারা সবাই,কিন্তু বিশ্বাস গরন ইতারা বেজ্ঞুনে,But believe me all of them,neutral,Conversation,train
তারা জন্ম থেকে বর্ণান্ধ,ইতারা জন্ম তুন বর্ণান্ধ,They are colorblind from birth,neutral,Drama,train
আমি তাদের ঘৃণা করি,অ্যাঁই ইতারারে ঘৃণা গরি,I hate them,negative,Drama,train
বলতে যেয়ে অনেক কিছু মনে পড়েছে,হইতে যেয়ে বহুত কিছু মনত ফইজ্জে,বলতে যেয়ে অনেক কিছু মনে পড়েছে,neutral,Social Media,train
অক্ষর ঝাপসা হয়ে আসে,অক্ষর ঝাপসা অই অ্যাইয়ে,The letters become blurry,negative,Social Media,train
আমি সমাধান জানি না,অ্যাঁই সমাধান ন জানি,I don't know the solution,neutral,Conversation,train
যদি পারতাম আমার চামড়া সাদা করে,যদি ফ্যাইত্তাম অ্যাঁর চামড়া সাদা গরে,If only I could make my skin white,negative,Conversation,train
তারপর কিছু মানুষের চোখে এসিড ছুড়ে মারি,তারপর কিছু মাইনসের চুখত এসিড মেলা মারি,Then I'd throw acid in some people's eyes,negative,Conversation,train
তারা অন্ধ থাকলে মানুষ ভাল থাকবে,ইতারা অন্ধ থায়লি মানুষ গম থাইব,If they remain blind people will be fine,negative,Conversation,train
আমাদের বাড়িতে খুব ছোট ছোট কারণে উৎসব হয়,অ্যাঁরার বাড়িত বহুত ছোড হারণে উৎসব অয়,At our house celebrations happen for very small reasons,positive,Drama,train
বাবা নতুন পাঞ্জাবি বানিয়ে এনে একটা উৎসব হয়,বাপ নয়া পাঞ্জাবি বানাই আনি উজ্ঞো উৎসব অয়,When dad brings a new Panjabi he had made it becomes a celebration,positive,Drama,train
সবাইকে ডাকে দেখবে জন্য,অক্কলরে ডাহে চ্যাঁইবে লাই,He calls everyone to see,neutral,Social Media,train
আমরা দৌড়াদৌড়ি করে যাই,অ্যাঁরা দুরাদুরি গরে যাই,We go by running around,neutral,Conversation,test
বাবা একটা একটা করে পাঞ্জাবি রাহে,বাপ উজ্ঞো উজ্ঞো গরে পাঞ্জাবি রাখে,Father keeps one Panjabi after another,neutral,Conversation,train
টেবিলের সামনে দেখে,টেবিলর সামনে চ্যাঁই,He sees in front of the table,neutral,Conversation,train
মাকে জিজ্ঞাসা করেন কেমন লাগছে দেখতে,মারে পুঁছার গরন ক্যান ল্যার চ্যাঁইতে,He asks mother how it looks,neutral,Drama,train
আমাদেরকে বলেন যে কোন সমস্যা আছে,অ্যাঁরারে কন যে হোন সমস্যা আছে,tells us if there's any problem,neutral,Social Media,test
আমি দেখি আর হাসি,অ্যাঁই চ্যাঁই আর হাসি,I watch and smile,positive,Conversation,test
বাবা একটু করে লজ্জা পায়,বাপ এক্কানা গরে লজ্জা পায়,Father feels a little shy,neutral,Conversation,val
এটি আমাদের কাছে উৎসব,ইবে অ্যাঁরার হাছে উৎসব,This is a celebration for us,positive,Conversation,train
আমাদের বাড়িতে হয় আমরা খাই,অ্যাঁরার বাড়িত অয় অ্যাঁরা হাঁই,It happens at our house we eat,neutral,Conversation,train
কেউ ছেড়ে বসে না,কেউ ছাড়ি ন বৈ,No one just sits by,neutral,Drama,test
এটি হল আমাদের কাছে উৎসব,ইবে অইল অ্যাঁরার হাছে উৎসব,This is a celebration for us,positive,Drama,train
আমরা রাতে বসে খাই প্রতিদিন,অ্যাঁরা রাইতে বৈ হাঁই ফত্তিন,We sit and eat every night,neutral,Social Media,test
যখন একটা ভাল খবর আসে বাড়িতে,যেত্তে উজ্ঞো গম হবর অ্যাইয়ে বাড়িত,When good news comes to the house,positive,Social Media,train
আমরা একটা ফোনের কাছে সবাই ভিড় করে বসে,অ্যাঁরা উজ্ঞো ফোনর হাছে বেজ্ঞুনে ভিড় গরে বৈ,We all gather around a phone and sit,neutral,Conversation,train
প্রতিদিন অনেক ছোট ছোট উৎসব হয়,ফত্তিন বহুত ছোড ছোড উৎসব অয়,Many small celebrations happen every day,positive,Conversation,train
আমাদের নিজের মনে রাখার মত কেউ নেই,অ্যাঁরার নিজর মনত রাখিবার নান কেউ নাই,We have no one to remember us,negative,Conversation,train
দাওয়াত নেই কিন্তু উৎসব থাকে,দত নাই কিন্তু উৎসব থাহে,There's no invitation but there's a celebration,positive,Conversation,train
আজ বাবার পাঞ্জাবি উৎসব ছিল,আজিয়ে বাপের পাঞ্জাবি উৎসব আইসসিল,Today was Dad's Panjabi festival,positive,Drama,train
আমি কাছে যেয়ে বললাম ছবি তুলি,অ্যাঁই হাছে য্যাই হইলাম ছবি তুলে,I went closer and said Let's take a picture,neutral,Drama,train
সবাই সাথে সাথে হেসে উঠবে,বেজ্ঞুনে লগে লগে হেসে উডিব্যু,Everyone will immediately burst into laughter,positive,Social Media,train
কারণ আমি খুব সময় নিয়ে ছবি দেখি,হারণ অ্যাঁই বহুত সমত লইয়্যে ছবি চ্যাঁই,Because I take a lot of time to look at pictures,neutral,Social Media,train
আর যার ছবি তাকে সারা বাড়িতে ঘুরে বেড়ায়,আর যার ছবি ইতারে বাড়িত ঘুরি বেড়ায়,And the one whose picture it is he walks around the whole house,neutral,Conversation,train
বাবাকে একটু দৌড় দিলাম,বাপেরে এক্কানা দোর দিলাম,I made Dad run a little,neutral,Conversation,train
এই বলে বাবা এই দিকে ঘুরে,এই কইয়্যরে এই মিক্কে ঘুরি,Saying this Dad turned this way,neutral,Conversation,train
এই দিকে চল যাই,এই মিক্কে চল যাই,Let's go this way,neutral,Drama,train
এখানে খারাপ রঙ নেই,এডে হারাপ রঙ নাই,There are no bad colors here,positive,Drama,train
শুনে বাবা ক্লান্ত হয়ে বলেন,শুনি বাপ ক্লান্ত অই কন,Hearing Dad says tiredly,negative,Social Media,train
আমার আর সময় নেই তোর সাথে ঘুরে,অ্যাঁর আর সমত নাই তুঁর লগে ঘুরি,I don't have time to roam around with you anymore,negative,Social Media,train
এই কথা শুনে ও হাসে,এই হথা শুনি ও হাসে,Hearing this he laughs,positive,Conversation,train
আমাকে জিজ্ঞাসা করেছে,অ্যাঁরে পুঁছার গইজ্জে,He asked me,neutral,Conversation,train
তোমার প্রিয় ফুল কি আমি বলতে পারি না,তোঁয়ার প্রিয় ফুল কি অ্যাঁই হইতে ন পারি,I can't say what your favorite flower is,negative,Drama,train
অনেকক্ষণ মনে করার চেষ্টা করলাম,বহুতক্ষণ মনত গরিবের চেষ্টা গইল্লাম,I tried to remember for a long time,neutral,Drama,train
ফুলের কিছু ছবি দেখে বুঝতে পারি,ফুলের কিসু ছবি চ্যাঁই ঠওর পারি,I can understand by looking at some pictures of flowers,neutral,Social Media,train
ফুল আমার ভাল লাগে,ফুল অ্যাঁর গম লার,I like flowers,positive,Social Media,train
আমি ঠিক করতে পারি না,অ্যাঁই ঠিক গরিতে ন পারি,I can't fix it,negative,Conversation,train
আমার আসলে কোন ফুল ভাল লাগে,অ্যাঁর আসলে হোন ফুল গম লায়,Which flower do I actually like,neutral,Conversation,train
খাবার খাই নাম আমি জানি না,হানা হাঁই নাম অ্যাঁই ন জানি,I eat the food but I don't know the name,negative,Conversation,val
রঙ বলতে আমি কিছু বুঝি না,রঙ হইতে অ্যাঁই কিসু ন বুজি,I don't understand anything about color,negative,Conversation,train
আমার কাজ বলতে কিছু নেই,অ্যাঁর কাম হইতে কিসু নাই,I have nothing to call my work,negative,Drama,train
প্রিয় পেশা প্রিয় খেলা আমার কিছু নেই,প্রিয় পেশা প্রিয় খেলা অ্যাঁর কিসু নাই,I have no favorite profession no favorite game,negative,Drama,train
শখ বলে কিছু নেই আমার,শখ কইয়্যরে কিসু নাই অ্যাঁর,I have no hobbies to speak of,negative,Social Media,train
কি করতে ভাল লাগে আমি জানি না,কি গরিতে গম লার অ্যাঁই ন জানি,I don't know what I like to do,negative,Social Media,train
সবাই আমার ব্যর্থতা মনে করত পারে,বেজ্ঞুনে অ্যাঁর ব্যর্থতা মনত গরিত ফারে,Everyone might recall my failure,negative,Conversation,train
কিন্তু আমি উল্টো বুঝি,কিন্তু অ্যাঁই উলটো বুজি,But I understand the opposite,neutral,Conversation,train
আমি খুব ভাল একটা জীবন পার করি,অ্যাঁই বহুত গম উজ্ঞো জীবন ফার গরি।,I am living a very good life,positive,Conversation,test
যদি মনে হয় এসব আমার জীবনে নেই,যদি মনত অয় এগিন অ্যাঁর জীবনত নাই,If it seems like these things are not in my life,neutral,Conversation,test
তাহলে আমি মাথা ঘামানোর কথা না,তঁইলে অ্যাঁই মাতা ঘামাইবার হথা ন,Then I shouldn't bother worrying,neutral,Drama,train
কোন কিছু বলে আমার নেই,হোন কিসু কইয়্যরে অ্যাঁর নাই,I have nothing to say,neutral,Drama,train
এসব আছে সেটি আমার জন্য বেশি মনে হয়,এগিন আছে ইয়ান অ্যাঁর লাই বেশি মনত অয়,All this it seems like too much for me,negative,Social Media,test
তুই এটি আমার কাজ কর,তুঁই ইবে অ্যাঁর কাম গর,You do this work for me,neutral,Social Media,train
সে মুখের উপরে বলে দেয়,ইতে মুকর উদ্দি কইয়্যরে দে,He says it directly to the face,neutral,Conversation,test
আমি স্বপ্ন দেখতে ভয় পাবো,অ্যাঁই খোয়াব চ্যাঁইতে ডর পাইয়্যুম,I will be afraid to dream,negative,Conversation,test
আসল ব্যাপার কিন্তু এমন না,আসল ব্যাফার কিন্তু এন ন,But the real situation isn't like that,neutral,Conversation,train
ছোটবেলা থেকে জিনিসটি বাহিরে নেই না,ছোডবেলা তুন জিনিসইবে বাইরে ন লই।,haven't taken the thing outside since childhood,neutral,Conversation,train
মেয়ে আমার বাবা মানুষ করেছে,মাইয়্যা অ্যাঁর বাপ মানুষ গইজ্জে,My daughter Father raised her,positive,Drama,train
বুঝতে পারে না মেয়ের কিছু দরকার হয়,ঠওর ন ফায় মাইয়্যার কিসু দরহার অয়,doesn't understand that the daughter needs something,negative,Drama,train
পড়ালেখার বাহিরে কিছু করি না,পড়ালেহার বাইরে কিসু ন গরি,I don't do anything outside of my studies,neutral,Social Media,train
ভিতরে মানুষ হয়ে ছোট থেকে এসেছি,বিতুরে মানুষ অই ছোড তুন আইচ্ছি,I have grown up to be a person from within since childhood,neutral,Social Media,train
বাবার কত টাকা আছে তার সামর্থ্য,বাপের হতো টিঁয়া আছে ইতার সামর্থ্য,How much money does Dad have what's his capacity,neutral,Conversation,val
আমি বেশি টাকা চেয়েছি বাবা যদি কষ্ট পায়,অ্যাঁই বেশি টিঁয়া চাইলাম বাপ যদি কষ্ট পায়,I asked for too much money what if Dad feels bad,negative,Conversation,train
এসব কথা ছোটবেলা থেকে মগজে ঢোকে গেছে,এগিন হথা ছোডবেলা তুন মগজত ঢুকে গেইয়্যে,These words have entered my mind since childhood,neutral,Conversation,train
আমার ছোট বোনকে যখন বাবা সাথে করে নিয়ে যেত,অ্যাঁর ছোড বইনরে যেত্তে বাপ লগে গরে লইয়্যে যাইত্যু,When my father used to take my younger sister along with him,neutral,Conversation,test
তখন সে আগে লুকিয়ে দেখবে,তহন ইতে আগে লুয়োই চ্যাঁইব,Then he would first secretly watch,neutral,Drama,test
বেশি দাম থাকলে বাবাকে বলতাম,বেশি দাম থায়লি বাপেরে হইতাম,If it had been more expensive i would have told Dad,neutral,Drama,train
যে এসব তার ভাল লাগে না,যে এগিন ইতার গম ন লায়,He doesn't like these things,negative,Social Media,train
সেটি কেনার সামর্থ্য বাবার ছিল,ইয়ান কিনিবার সামর্থ্য বাপের আইসসিল,Father had the ability to buy it,neutral,Social Media,train
কিন্তু ছোট থেকে বাবার পরিশ্রম অনেক দেখি,কিন্তু ছোড তুন বাপের পরিশ্রম বহুত চ্যাঁই,But since childhood i have seen my father work very hard,positive,Conversation,test
আর আমাদের মনে দাগ থাকে,আর অ্যাঁরার মনত দাগ থাহে,And it leaves a mark on our minds,neutral,Conversation,train
কখনো মনে পড়ে না অতিরিক্ত বিলাসিতা করি,হনঅত্তে মনত ন ফড়ি অতিরিক্ত বিলাসিতা গরি,I never remember indulging in excessive luxury,neutral,Conversation,train
কখনো কোন কিছু প্রতিযোগিতায় করি না,হনঅত্তে হোন কিসু প্রতিযোগিতাত ন গরি,I never participate in any competition,neutral,Conversation,train
ঠেস মারবে না,ঠেস ন মারিব্যু,Don't mock,neutral,Drama,val
আমাকে দেখায় যাবি,অ্যাঁরে দেহায় যাবি,you will come to show me,neutral,Drama,train
তোমার দুঃখ,তোঁয়ার দুক,Your sorrow,negative,Social Media,train
আমার কথা শেষ তোমরা বলো,অ্যাঁর হথা শেষ তোঁয়ারা ক,My turn to speak is over you all speak now,neutral,Social Media,train
যা এখান থেকে,যা এয়ান তুন,Get out of here,negative,Conversation,train
সমস্যা কি বলো তো দেখি আমাকে,সমস্যা কি ক তো চ্যাঁই অ্যাঁরে,Tell me what's the problem,neutral,Conversation,train
পরিস্কার কথা বলে রাখি,সাফ হথা কইয়্যরে রাহি,Let me speak clearly,neutral,Conversation,train
আমি তোমাকে দেখাবো,অ্যাঁই তোঁয়ারে দেহাইয়ুম,I will show you,neutral,Conversation,train
তোমাকে পাগল বলে,তোঁয়ারে পল কইয়্যরে,They call you crazy,negative,Drama,train
আমার সারা জীবন শুধু চুলায়,অ্যাঁর গুডা জীবন উধে চুলোত,My whole life is just in the stove,negative,Drama,train
তোমার গা জ্বলে,তোঁয়ার গা জ্বলে,Your body burns,negative,Social Media,train
তোমার উদ্দেশ্য আমি জানি,তোঁয়ার উদ্দেশ্য অ্যাঁই জানি,I know your intention,neutral,Social Media,test
ভাল ভাল মানুষ বলেন,গম গম মানুষ কন,Good good people say,positive,Conversation,val
আমি বাজারে যাবো এখন,অ্যাঁই বাজারত যাইয়্যুম এহন,I will go to the market now,neutral,Conversation,train
কি সুন্দর ছেলে তোমার,কি সুন্দর ফোয়া তোঁয়ার,What a beautiful boy you have,positive,Conversation,train
আমি ভাল কথা বলি,অ্যাঁই গম হথা হই,I say good things,positive,Conversation,val
আমার দোষ না আমি ভাল মানুষ,অ্যাঁর দোষ ন অ্যাঁই গম মানুষ,It's not my fault I'm a good person,positive,Drama,test
তাকে বলো তো দেখি,ইতারে ক তো চ্যাঁই,Tell him let's see,neutral,Drama,train
একটা কাজ কর তোমরা,উজ্ঞো কাম গর তোঁয়ারা,You all do one thing,neutral,Social Media,test
আমি মাফ চাই তোমার কাছে,অ্যাঁই মাফ চাই তোঁয়ারা হাছে,I apologize to you,negative,Social Media,train
তোমাকে নিয়ে গল্প করি,তোঁয়ারে লইয়্যে গফ গরি,I tell stories about you,neutral,Conversation,train
তুই জানিস সে কে,তুঁই জানোস ইতে কে,Do you know who he is,neutral,Conversation,train
মুখে ফেনা তুলে ফেলে,মুকে ফেনা তুলি ফেলায়,He foams at the mouth,negative,Conversation,train
পা মাটিতে নেই তোমাদের,ঠ্যাং মেডিত নাই তোঁয়ারার,Your feet aren't on the ground,negative,Conversation,val
সমস্যা তোমার আপুর সে বড় সমস্যা,সমস্যা তোঁয়ার আফার ইতে ডঁর সমস্যা,The problem is with your elder sister she is a big problem,negative,Drama,test
তোমার মাথায় গোবর আছে আমার নেই,তোঁয়ার মাতাত গোঅর আছে অ্যাঁর নাই,You have cow dung in your head I don't,negative,Drama,test
তুই আর আমি মরে যাবো,তুঁই আর অ্যাঁই মরি যাইয়্যুম,You and I will die,negative,Social Media,train
মাথায় থেকে দৌড় দেবে,মাতাত তুন দোর দিব্যু,will run from mind,negative,Social Media,train
আমি দেখে নিবো সবাইকে,অ্যাঁই চ্যাঁই লইইয়্যুম অক্কলরে,I will take care of everyone,neutral,Conversation,train
তোকে আমি কোনদিন বিয়ে করবো না,তোঁরে অ্যাঁই হোনদিন বিয়া ন গইজ্জুম,I will never marry you,negative,Conversation,train
চট্টগ্রামের নাটক হল সেরা,চিটাংঅর নাটক অইল সেরা,Chittagong's dramas are the best,positive,Conversation,test
আপনার কেমন লেগেছে নাটক,অনের ক্যান লাইগ্যে নাটক,How did you find the play,neutral,Conversation,train
আমার সুন্দর লেগেছে তোমাকে,অ্যাঁর সুন্দর লাইগ্যে তোঁয়ারে,I found you beautiful,positive,Drama,train
আমরা চট্টগ্রামের সবাই,অ্যাঁরা চিটাংঅর বেজ্ঞুনে,We are all from Chittagong,neutral,Drama,train
খুব সুন্দর লেগেছে আমাদের চট্টগ্রামের নাটক,বহুত সুন্দর লাইগ্যে অ্যাঁরার চিটাংঅর নাটক,We really liked our Chittagong drama,positive,Social Media,train
আমি ভালবাসি চট্টগ্রামের ভাষা,অ্যাঁই ভালবাসি চিটাংঅর ভাষা,I love the Chittagong language,positive,Social Media,train
চুপ করে কেন আছেন,চুপ গরে কিল্লাই আছোন,Why are you silent,neutral,Conversation,val
আমি এখন আর কাঁদি না তোমার জন্য,অ্যাঁই এহন আর ন হাঁন্দি তোঁয়ার লাই,I don't cry for you anymore,negative,Conversation,train
আমি এখন সব বুঝি,অ্যাঁই এখন বেক বুজি,I understand everything now,positive,Conversation,val
কোনদিন আর দেখতে হবে না,হোনদিন আর চ্যাঁইতে ন অইব্যু,You won't have to see it anymore,positive,Conversation,train
কোনদিন আর কথা হবেনা,হোনদিন আর হথা ন অইব্যু,There will be no more talks ever,negative,Drama,train
তোমার ছোট বোন,তোঁয়ার ছোড বইন,Your younger sister,neutral,Drama,train
আমার থেকে চকলেট খেয়ে,অ্যাঁর তুন চকলেট হাই,By eating chocolates from me,neutral,Social Media,train
আমার টাকা সব শেষ,অ্যাঁর টিঁয়া বেক শেষ,My money is all gone,negative,Social Media,train
তোরা তো পাগলের গোষ্ঠী,তুঁরা তো পলের গুষ্টি,You all are a crazy bunch,negative,Conversation,val
এই তুই কার ছেলে,এই তুঁই হার ফোয়া,Hey whose son are you,neutral,Conversation,train
বসে আছি পানের বাটা নিয়ে,বৈ আছি ফানের বাটা লইয়্যে,I am sitting with a betel leaf box,neutral,Conversation,train
ভাগ্য ভাল চোখে কম দেখে,ভাইজ্ঞ গম চুখত হম চ্যাঁই,It's good luck that he sees less with the eyes.,neutral,Conversation,train
ছেলেকে দুবাই পাঠাতে চায়,ফোয়ারে ডুবাই ফাঠাতে চায়,He wants to send the son to Dubai,neutral,Drama,train
রাজি করাতে পারে না,রাজি গরাইতে ন ফারে,Cannot be convinced,negative,Drama,train
আমাকে তুই একবারে বল,অ্যাঁরে তুঁই এব্বেরে হ,Tell me at once,neutral,Social Media,train
চিঠির উত্তর পাই নি,চিডির উত্তর ন ফাই,I haven't received a reply to the letter,negative,Social Media,train
তুই আমার না,তুঁই অ্যাঁর ন,You are not mine,negative,Conversation,train
আমি আগে ব্যাটিং করবো,অ্যাঁই আগে ব্যাটিং গইজ্জুম,I will bat first,neutral,Conversation,train
মা রে মা যে ঠাণ্ডা পড়েছে,মারেম্মা যে টান্ডা ফইজ্জে,Oh my goodness it is so cold,negative,Conversation,train
নতুন ভিডিওর কাজ শেষ,নয়া ভিডিওর কাম শেষ,The new video's work is finished,positive,Conversation,train
মনের দুঃখে বনে ঝাপ দিতে মন চায়,মনর দুকে বনত ঝাপ দিত মন চায়,In my sorrow my heart wants to jump into the forest,negative,Drama,train
খোদার কসম আমি তোমাকে অনেক ভালবাসি,হুদার হচম অ্যাঁই তোঁয়ারে বহুত ভালবাসি,I swear to God i love you very much,positive,Drama,train
মিষ্টি কথা বলে বলে আর কতদিন ঘুরাবে,মিডা হথা কইয়্যরে আর হতোদিন ঘুরাইবা,How much longer will you string me along with sweet talk,negative,Social Media,train
এখন আমার দিন কিভাবে যায়,এহন অ্যাঁর দিন কেনে যায়,How do my days go now,neutral,Social Media,train
খাবার খাওয়া ঘুম আর ইন্টারনেট নিয়ে থাকা,হানা হাওন ঘুম আর ইন্টারনেট লইয়্যে থাওন,Eating sleeping and being on the internet,neutral,Conversation,train
তোমার বউ আমার বউ আমার বউ তোমার ভাবি,তোঁয়ার বউ অ্যাঁর বউ অ্যাঁর বউ তোঁয়ার ভাবি,Your wife is my wife my wife is your bhabi,neutral,Conversation,train
এটি কি বললে তোরা,ইবে কি হইল্যে তুঁরা,What did you all say,neutral,Conversation,train
আজকে থেকে তোর ঘরে ভাত খাওয়া বন্ধ,আজিয়ে তুন তুঁর ঘরত ভাত হাওন বন্ধ,From today eating rice at your house is stopped,negative,Conversation,train
কেউ আমাকে বলেন,কেউ অ্যাঁরে কন,Someone says to me,neutral,Drama,val
তুই গালে কত কেজি নিয়ে এসেছিস,তুঁই গালত হতো কেজি লইয়্যে আইচ্চুস,How many kilograms have you brought on your cheek,neutral,Drama,train
কারণ আজকে বিদ্যা আসে নি,হারণ আজিয়ে বিদ্যা ন অ্যাইয়ে,Because Bidya didn't come today,negative,Social Media,test
কি জন্য বলবো আমি,কিল্লাই হইতাম অ্যাঁই,Why should I say,neutral,Social Media,val
আজকে নতুন এসেছো,আজিয়ে নয়া আইস্সো,You have come new today,neutral,Conversation,train
নারিকেলের শাস খাওয়ার জন্য,নাইরকলর ফস্ হাওনর লাই,For eating coconut flesh,neutral,Conversation,train
এখন এসব স্মৃতি,এহন এগিন স্মৃতি,Now these are memories,neutral,Conversation,train
আমার ঘর ও অফিস পাড়া,অ্যাঁর ঘরও অপিশ পাড়া,My home and office area,neutral,Conversation,train
আমি আসলে দেখা হবে,অ্যাঁই আইলে দেহা অইব্যু,I will actually be seen,neutral,Drama,train
বড় ভাই ছোট ভাইকে মারে,ডঁর বদ্দা ছোড বদ্দারে মারে,The elder brother hits the younger brother,negative,Drama,train
আমাকে তোমার ছেলে মেরেছে,অ্যাঁরে তোঁয়ার ফোয়া মাইজ্জে,Your son hit me,negative,Social Media,train
তুমি কার ছেলে,তুঁই হার ফোয়া,Whose son are you,neutral,Social Media,test
আমরা বলতাম যে নারিকেলের ঠোঁয়াইশ,অ্যাঁরা হইতাম যে নাইরকলর ঠোঁয়াইশ,We used to say it was coconut 'thoyais',neutral,Conversation,train
আমরা অনলাইনে খয়রাত চাচ্ছি,অ্যাঁরা অনলাইনে হরাত মাংগতেছি,We are seeking charity online,neutral,Conversation,train
যে এরকম খায়,যে এরম হায়,Who eats like this,neutral,Conversation,train
গরমের জন্য থাকতে পারি না,গরমর লাই থাইত ন ফারি,I can't stay due to the heat,negative,Conversation,train
ইজ্জতের জন্য তুলতে না পারি,ইজ্জুতুর লাই তুলিত ন ফারি,I can't lift it for honor,negative,Drama,train
তার কাছে ফানা চাই,ইতার হাছে ফানা চাই,I want fana from him,neutral,Drama,test
গরম যেন কমে যায়,গরম যেন হমে যায়,May the heat decrease,negative,Social Media,train
আমার কোন গরম লাগে না,অ্যাঁর হোন গরম ন লার,I don't feel any heat,neutral,Social Media,train
আমার দুঃখে ভারত কাঁদে,অ্যাঁর দুকে ভারত হাঁন্দে,India cries in my sorrow,negative,Conversation,train
আমার বোন যখন আমার মা কে এটি ঐটা কিনে দেওয়ার জন্য বেশি জ্বালায়,অ্যাঁর বইনে যেত্তে অ্যাঁর মা রে ইবে ঐয়ান কিনি দিবের লাই বেশি জ্বালায়,When my sister bothers my mother a lot to buy her this and that,negative,Conversation,test
সময় আমার মা বলে যে,সমত অ্যাঁর মা কইয়্য যে,At times my mother says that,neutral,Conversation,train
তুই আছিস তোর রঙতাল নিয়ে,তুঁই আছোস তুঁর রঙতাল লইয়্যে,You are there with your rongtal,neutral,Conversation,train
গরম টরম বুঝি না,গরম টরম ন বুজি,I don't understand heat or anything,negative,Drama,train
সালাউদ্দিন ভাই আপনি কোথায়,সালাউদ্দিন বদ্দা অনে হডে,Salahuddin Bhai where are you,neutral,Drama,train
পূর্ণিমা আমাদের চট্টগ্রামের এটি আমি জানি না,পূর্ণিমা অ্যাঁরার চিটাংঅর ইবে অ্যাঁই ন জানি,I don't know that Purnima is from our Chittagong,neutral,Social Media,train
এই ঈদে আমরা সবাই,এই ঈদুত অ্যাঁরা বেজ্ঞুন,This Eid all of us,neutral,Social Media,val
ঈদের খুশি কোথায়,ঈদুর খুশি হডে,Where is the joy of Eid,negative,Conversation,train
পিটন খেতে খেতে লম্বা হয়ে গেলাম,ফিডানি হাইতে হাইতে লাম্বা অই গেলাম,I grew tall from repeatedly getting beaten,negative,Conversation,test
আরো আছে নাকি কোন,আরো আছেনি হোন,Is there more or what,neutral,Conversation,train
পুড়ে যাবে আবার আগুন কম করে দি,পুড়ি যাইব্যু আবার অইন হম গরে দেই,It will burn so I'm reducing the fire,neutral,Conversation,train
গ্যাসের চুলায় ধোয়াসা হয় না,গ্যাসর চুলোত ধুয়োইস্যে ন অয়,There is no smoke on a gas stove,positive,Drama,train
আমি জানি লাকড়ি চুলায় হয়,অ্যাঁই জানি লাকড়ির চুলোত অয়,I know it happens on a wood stove,neutral,Drama,train
বুদ্ধি ছাড়া নেতা হওয়া যায় না,বুদ্ধি ছাড়া নেতা অন ন যায়,One cannot become a leader without intelligence,neutral,Social Media,train
ন্যাকামো করছো না,আজল হোয়লদ্দে না,Don't act affected,negative,Social Media,test
কিছু বুঝি না আমি এটি কোন ভাষা,কিসু ন বুজি অ্যাঁই ইবে হোন ভাষা,I don't understand anything what language is this,negative,Conversation,train
মার্কেটে যেয়ে মারামারি করিস না,মার্কেডত য্যাই মারামারি ন গরিস,Don't go to the market and fight,negative,Conversation,train
দাদি সেরা কথা বলে,দাদী সেরা হথা কইয়্য,Grandma speaks the best words,positive,Conversation,train
নিউমার্কেটর মোড় তো খালি হয়ে গেছে,নিউমার্কেটর মুড় তো হাইল্ল্যা অই গেইয়্যে,New Market intersection has become empty,neutral,Conversation,train
গাড়িঘোড়া নেই মানুষজন নেই,গাড়িঘোড়া নাই মানুষজন নাই,There are no cars no people,negative,Drama,train
চিন্তিত চিন্তিত লাগছে,ফেরেশান ফেরেশান ল্যার,worried worried feeling,negative,Drama,train
এটি নেহা কাক্কারের গান,ইবে নেহা কাক্কারের গান,This is Neha Kakkar's song,neutral,Social Media,train
ভোর হয়ে গেছে সাবাইকে ডাকে দাও,পইত্তে অই গেইয়্যে বেজ্ঞুনেরে ডাহে দ,Dawn has broken wake everyone up,neutral,Social Media,train
নামাজ পড়ার সময় পাদ দিয়ে ফেলি,নামাজ ফরার সমত ফাদ দি ফেল্যাই,I accidentally fart while praying,negative,Conversation,train
ভোরে উঠতে পারবে তো,পইত্তে উডিত ফারিবি তো,Will you be able to wake up at dawn,neutral,Conversation,train
হানর পর্দা ফেটে গেছে,কানের পদ্দা ফাডি গেইয়্যে,The screen of the fan has torn,negative,Conversation,train
গান শুনে স্ট্রোক করলে কর্তৃপক্ষ দায়ী থাকবে না,গান শুনি স্ট্রোক গরিলে কর্তৃপক্ষ দায়ী ন থাইব,If you have a stroke from listening to music the authorities will not be responsible.,negative,Conversation,train
ভাবি বিশ্বসুন্দরী এজন্য বাহির হতে পারে না,ভাবি বিশ্বসুন্দরী এতেল্লেই বাইর অইত ন ফারে,My sister-in-law is a world beauty that's why she can't go outside,neutral,Drama,train
ভয় লাগে আস্তে চালাও,ডর লার আস্তে চলাও,I am scared drive slowly,negative,Drama,train
লকডাউন হচ্ছে বেড়ার নিচে দিয়ে ডাউন করে আসার,লকডাউন অইলদে বেড়ার তলাত দি ডাউন গরে আইসসিল,Lockdown means coming down from under the fence,neutral,Social Media,train
চিটাং এর মানুষ গত মাস মেজবান না খেয়ে ওয়ার্ল্ড রেকর্ড করে ফেলেছি,চিটাং এর মানুষ গত মাস মেজ্জান ন হাই ওয়ার্ল্ড রেকর্ড গরে ফেলাইয়্যি,The people of Chittagong set a world record last month by not having a Mezban,neutral,Social Media,train
বিউটি পার্লার করে করে জান দিয়ে ফেলে,বিউটি ফার্লার গরে গরে জান দি ফেলায়,She works herself to death doing beauty parlor work,negative,Conversation,train
কেউ বিউটি পার্লার খুলে দাও,কেউ বিউটি ফার্লার খুলি দ,Someone please open a beauty parlor,neutral,Conversation,train
মার্কেট খুলে ভাল কাজ হয়েছে,মার্কেড খুলেগম কাম হইয়্যে,It's a good thing the market opened,positive,Conversation,train
বাংলাদেশ করোনা থেকে শক্তিশালী,বাংলাদেশ করোনা তুন শক্তিশালী,Bangladesh is stronger than corona.,positive,Conversation,train
ছেলে জাত সবাই খারাপ,ফোয়া জাত বেজ্ঞুন হারাপ,All men are bad,negative,Drama,train
আমাকে মৌমাছি কামড় দিয়েছে,অ্যাঁরে মধুপুক হঅর দিইয়্যি,A bee stung me,negative,Drama,val
টাকা বাহির হবে না,টিঁয়া বাইর ন অইব্যু,Money will not come out,negative,Social Media,train
আম লিচু কত কেজি বিক্রি হবে,আম লিচু হতো কেজি বেচা অইব্যু,How much will mangoes and litchis be sold per kilogram,neutral,Social Media,train
আমার এখানে কেজি আম পাঠিয়ে দিয়েছে,অ্যাঁর এডে কেজি আম ফাটাই দিইয়্যে,Someone sent kilogram of mangoes to my place,neutral,Conversation,train
বখশীস বিউটির মা গায়েব করে ফেলে,বখশীস বিউটির মা গাইব গরে ফেলায়,Bakshish Beauty's mother makes disappear,negative,Conversation,train
কিছু হলে বিচার দিব,কিছু অইলে বিসার দিয়্যুম,If anything happens I will seek justice,negative,Conversation,val
লাট্টোর বউ পারে না দাদির সাথে,লাট্টোর বউ ন ফারে দাদির লাই,Lattu's wife can't manage with Grandma,negative,Conversation,test
দাদি একাই একশো বাদশার বউকে লাগে না,দাদি একলাই একশো বাদশার বউরে ন লার,Grandma alone is worth a hundred the King's wife is not even needed,positive,Drama,train
আমি ছাড়া আর কেউ লিপস্টিক পরেনা আমার এতো ঢং,অ্যাঁই ছাড়া আর কেউই লিপস্টিক ফরেনা অ্যাঁর এদ্দুর ঢং,No one else wears lipstick except me I am so pretentious,negative,Drama,train
বালিশের নিচে থেকে কত টাকা নিলে,বালুশোর তলাত তুন হতো টিঁয়া লইলে,How much money did you take from under the pillow,neutral,Social Media,test
এক হাজার টাকা ভাই দাদীকে বলবেন না,এক হাজার টিয়া বদ্দা দাদীরে ন হইয়্যুন,One thousand Taka brother don't tell Grandma,neutral,Social Media,val
বিউটির মায়ের কথা এসব,বিউটির মার হথা এগিন,These are Beauty's mother's words,neutral,Conversation,test
পর্দার পিছনের কারিগর কে দেখতাম,পদ্দার পিছর কারিগর রে চ্যাঁইতাম,I want to see the craftsman behind the curtain,neutral,Conversation,train
খাটি চট্টগ্রামের ভাষা ব্যবহার হয়,খাটি চাটগাইয়া ভাষা ব্যবার অয়,Pure Chittagong dialect is used,positive,Conversation,test
আপুর বাড়ি কোথায় জানি না,আফার বাড়ী হডে ন জানি,I don't know where my elder sister lives,negative,Conversation,train
এই শিল্পপতির কাছে তোর আসতে হবে,এই শিলফোপতির হাছে তুঁর আইত অইব্যু,You will have to come to this industrialist,neutral,Drama,train
সবার পোশাক থাকে আমার মত,বেজ্ঞুনের লেবাস থাহে অ্যাঁর নান,Everyone's clothes are like mine,neutral,Drama,train
প্রতিষ্ঠিত মানুষের কথা তুই জানিস না,প্রতিষ্টিত মাইনসের হথা তুঁই ন জানোস,You don't know about established people,negative,Social Media,train
মনে করেছিলাম পয়সা কামাবি তুই,মনে গইজ্জিলাম ফয়সা হামাবি তুঁই,I thought you would earn money,neutral,Social Media,test
আমার সাথে দরকারি কথা আছে,অ্যাঁর লগে দরাহারি হথা আছে,something important to talk with me,neutral,Conversation,train
আমি লাট বাহাদুর না হলেও লাট বাহাদুরের মেয়ে,অ্যাঁই লাট বাহাদুর ন অইলেও লাট বাহাদুরের মাইয়্যা,Even if I am not a Lat Bahadur myself i am a Lat Bahadur's daughter,neutral,Conversation,train
নিজের ভাল তো বুঝি না,নিজের গম তো ন বুজি,I don't understand my own good,negative,Conversation,train
আমি না থাকলে জানে তোমার কি হত,অ্যাঁই ন থায়লি জানে তোঁয়ার কি অইত্যু,If I wasn't there who knows what would have happened to you,neutral,Conversation,train
তোকে ছাড়া আমার চলে না,তোঁরে ছাড়া অ্যাঁর ন চলে,I can't manage without you,negative,Drama,test
আমাকে পাগল বানাতে এসেছিস তুঁই না,অ্যাঁরে পল বানাইতু আইচ্চুস ন তুঁই,You came to make me crazy didn't you,negative,Drama,val
তোমাকে আমি সুন্দর করে কথা বলছি,তোঁয়ারে অ্যাঁই সুন্দর গরে হথা হইদ্দি,I am speaking nicely to you,positive,Social Media,train
আমার কাজের থেকে তোর কাজ বেশি,অ্যাঁর হামের তুন তুঁর কাম বেশি,Your work is more than my work,neutral,Social Media,train
তোর দাদি তো প্রস্তুত আমার ভুল ধরার জন্য,তুঁর দাদি ত ফসতুত অ্যাঁর ভুল ধরিবার লাই,Your grandma is ready to find my mistakes,negative,Conversation,train
কি বলবি বল আর দূর হ,কি হবি হ আর দূর হ,Your grandma is ready to find my mistakes,negative,Conversation,train
আপাতত আমার ঘরই আমার অফিস,আফাততো অ্যাঁর ঘরই অ্যাঁর আপিস,For now my home is my office,neutral,Conversation,train
অর্ধেক আমার অফিস অর্ধেক আমার গোডাউন,আদ্ধান অ্যাঁর অপিস আদ্ধান অ্যাঁর গোডাউন,Half of it is my office half is my warehouse,neutral,Drama,train
ব্যবসায়ীর সব কথা গোপন,ব্যবসায়ীর হক্কল হথা গোফন,All of a businessman's words are secret,neutral,Drama,train
তুই আমার অফিসে করতে,তুঁই অ্যাঁর অপিসত গরিতে,You to do at my office,neutral,Social Media,train
আফসোস করতে আমার ভাল্লাগে,আপসোস গরিতে অ্যাঁর ভাল্লাগে,I like to regret,negative,Social Media,train
সুযোগ নিয়ে ফেলবে,সুজুগ লইয়্যে ফেলাইব্যু,He will seize the chance,positive,Conversation,train
রাজশাহী থেকে লিচু এনে বেচবো,রাজশাহী তুন লেচু আনি বেইচ্চুম,I will bring litchis from Rajshahi and sell them,neutral,Conversation,train
আপাতত আমাকে হাজার টাকা,আফাতত অ্যাঁরে হাজার টিঁয়া,For now give me one thousand Taka,neutral,Drama,test
তোমাকে নিয়ে বড় কিছু চিন্তা করবো,তোঁয়ারে লইয়্যে ডঁর কিছু চিন্তা গইজ্জুম,I will have big thoughts involving you,positive,Drama,train
আমার মনোযোগ নষ্ট হলে আমার ব্যবসার ক্ষতি হবে,অ্যাঁর মনোযোগ নষ্ট অইলে অ্যাঁর ব্যবসার ক্ষতি অইব্যু,If my focus is lost my business will be harmed,negative,Conversation,test
ঘরে বসে বসে খাবার খেয়ে আমি,ঘরত বৈ বৈ হানা হাই অ্যাঁই,I by sitting at home and eating,neutral,Conversation,val
তার আগে তুই আমাকে বল আমি কি করবো,তার আগে তুঁই অ্যাঁরে হ অ্যাঁই কি গইজ্জুম,Before that you tell me what I should do,neutral,Conversation,train
মানুষ পুকুরে না নেমে পারে না,মানুষ পইরত ন লামি ন ফারে,People cannot but get into the pond,neutral,Conversation,train
আমি আপনার জন্য কি করতে পারি,অ্যাঁই অনের লাই কি গরিতে ফারি,What can I do for you,positive,Drama,train
আমরা বাবা দাদার আমল থেকে ব্যবসা করি,অ্যাঁরা বাপ দাদার আমল তুন ব্যবসা গরি,We have been doing business since the time of our father and grandfather,neutral,Drama,train
আমরা নতুন ব্যবসায়ী না,অ্যাঁরা নয়া ব্যবসায়ী ন,We are not new businessmen,neutral,Social Media,train
আপনি তো একেবারে রাগ হয়ে যেতে লাগলেন,অনে তো এক্কোবারে গুসসা ওই যাইতাম লাইজ্ঞুন,You started getting completely angry,negative,Social Media,train
আমি তো আপনাকে সম্মান দিয়ে বললাম,অ্যাঁই তো অনেরে সম্মান দি হইলাম,I spoke to you with respect,positive,Conversation,train
তুই আমার থেকে শিখ কিছু,তুঁই অ্যাঁর তুন শিক কিসু,You learn something from me,neutral,Conversation,train
তুই তো সারাজীবন আমার সাথে বেয়াদবি করে গেছিস,তুঁই তো গুডাজীবন অ্যাঁর লগে বেয়াদবি গরে গেইয়্যুস,You have been disrespectful to me your whole life,negative,Conversation,train
আপনি আমাকে তুই করে বলেন,অনে অ্যাঁরে তুঁই করে কন,You call me tui,neutral,Drama,train
আমি চুরি করতে দিব না,অ্যাঁই চুরি গরিতে ন দিয়্যুম,I won't allow stealing,positive,Drama,train
আমি খান বাড়ির মেয়ে,অ্যাঁই খান বাড়ির মাইয়্যা,I am a girl from the Khan household,neutral,Social Media,val
এখন মূল কথা বল দেখি,এহন মূল হথা হ চ্যাঁই,Now tell me the main point,neutral,Conversation,train
যাকে তাকে আমি সুযোগ দিব না,যারে তারে অ্যাঁই সুজুগ ন দিয়্যুম,I will not give just anyone a chance,negative,Conversation,test
আমি দিলে তোকে হাজার টাকা দিব,অ্যাঁই দিলে তোঁরে হাজার টিঁয়া দিয়্যুম,If I give i will give you a thousand Taka,neutral,Conversation,val
আমি তোর ব্যবসা আস্তে আস্তে বাড়াবো,অ্যাঁই তুঁর ব্যবসা আস্তে আস্তে বাড়াইয়্যুম,I will slowly expand your business,positive,Conversation,val
আমি যাবো তোমার সাথে,অ্যাঁই যাইয়্যুম তোঁয়ার লগে,I will go with you,positive,Drama,train
তুই কি মনে করেছিস আমি জানি না,তুঁই কি মনে গইজ্জু অ্যাঁই ন জানি,What did you think i don't know,negative,Social Media,test
আমি কার সাথে কি কথা বলি না বলি,অ্যাঁই হার লগে কি হথা হই ন হই,Who I talk to and what I talk about,neutral,Social Media,train
তুই আছিস লুকিয়ে লুকিয়ে রোজা ভাঙ্গার তালে,তুঁই আছস লুয়োই লুয়োই রোজা ভাঙ্গার তালোত,You are secretly trying to break your fast,negative,Conversation,train
আসুক বিউটি তোর তেল আমি বাহির করবো,আইয়্যুক বিউটি তুঁর তেল অ্যাঁই বাইর গইজ্জুম,Let Beauty come i will extract your oi,negative,Conversation,test
আমাকে যদি সাথে নিয়ে না যাও,অ্যাঁরে যদি লগে লইয়্যে ন যো,If you don't take me with you,neutral,Conversation,val
কি উজ্ঞো আশ্চর্য কারবার,কি একটা আসচাইজ্জ হারবার,What a surprising matter,positive,Conversation,val
তোমার টাকা নেবো না আমার টাকা আছে,তোঁয়ার টিঁয়া ন লইইয়্যুম অ্যাঁর টিঁয়া আছে,I won't take your money i have my own money,neutral,Drama,train
কি মনে করেছ আমি যাবো না,কি মনে গইজ্জো অ্যাঁই ন যাইয়্যুম,What did you think I would not go,negative,Social Media,train
তোকে যদি আমার সাথে নিয়ে যাই তো তোর দাদি কে কে দেখবে,তোঁরে যদি অ্যাঁর লগে লইয়্যে যাই তো তুঁর দাদি রে কে চ্যাঁইবে,If I take you with me then who will look after your grandmother,neutral,Social Media,train
তোর দাদি কে আমি দেখবো,তুঁর দাদিরে অ্যাঁই দেইক্ষুম,I will look after your grandma,positive,Conversation,train
মেয়ে খালি টাকা টাকা করে,মাইয়্যা হাইল্ল্যা টিঁয়া টিঁয়া গরে,The girl just keeps asking for money,negative,Conversation,train
তুই কি মনে করেছিস তোর দাদিকে আমি ভয় পাই,তুঁই কি মনে গইজ্জু তুঁর দাদিরে অ্যাঁই ডরাই,Did you think I'm scared of your grandmother,negative,Conversation,val
তোকে যদি আমি জীবনে আমার লগে কোথাও নিয়ে যাই,তোঁরে যদি অ্যাঁই জীবনত অ্যাঁর লগে কোনমিক্কে লইয়্যে যাই,If I ever take you anywhere with me in life,neutral,Drama,train
বাহিরে যাওয়া দরকার নেই,বাইরে যন দরাহার নাই,There's no need to go outside,neutral,Drama,test
কিরে রোজা ধরেছে তোকে,কিরে রোজা ধইজ্জে তোঁরে,Hey have you caught the fast,neutral,Social Media,test
আমার সামনে বল দেখি,অ্যাঁর সামনে হ চ্যাঁই,Tell me to my face,neutral,Social Media,train
বানান পারিস তুই বানান কর দেখি,বানান ফাড়োস তুঁই বানান হর চ্যাঁই,You can spell go on and spell it,neutral,Conversation,test
আমি তোর দিনের বড় বুঝেছিস না,অ্যাঁই তুঁর দিনর ডঁর বুইজ্জোস না,I am day older than you older understood,neutral,Conversation,train
বয়স গেল বসে বসে আমার,বয়স গিল বৈ বৈ অ্যাঁর,My age passed by just sitting,negative,Conversation,train
এটি আমার মেয়ে তুই আমার মেয়ে না,ইবে অ্যাঁর মাইয়্যা তুঁই অ্যাঁর মাইয়্যা ন,This is my daughter you are not my daughter,negative,Conversation,train
আমি টুম্পার সাথে দরকারি কথা বলি,অ্যাঁই টুম্পার লগে দরাহারি হথা হই,I talk important matters with Tumpa,neutral,Drama,train
আবার দরজায় কান লাগিয়ে রাখিস না,আবার দরজাত হান লাগাই ন রাহিস,Don't put your ear to the door again,negative,Drama,train
বল দেখি তোর কি হয়েছে,হ চ্যাঁই তুঁর কি হইয়্যে,Tell me what happened to you,neutral,Social Media,test
আমি ভাত ও বেশি খেতে পারি না,অ্যাঁই ভাত ও বেশি হাইত ন পারি,I ca not eat much rice either,negative,Social Media,val
আজকে বাহিরে রোদ মা রে মা,আজিয়ে বাইরে রোদ মারেম্মা,Today the sun outside mother o mother,negative,Conversation,train
আমি ভুলে পানি খেয়ে ফেলি রোজা আমার হবে না,অ্যাঁই ভুলে পানি হাই ফেল্যাই রোজা অ্যাঁর ন অইব্যু,I accidentally drank water so my fast won't count,negative,Conversation,test
এখন আমার ক্ষুধা লেগেছে,এহন অ্যাঁর ভুগ লাইগ্যে,I am hungry now,neutral,Conversation,train
কালকে থেকে নানার বাড়ির গল্প আর শুনি না,হালিয়্যে তুন নানার বাড়ির গফ আর ন ফুনি,Since yesterday i haven't heard stories about my maternal grandparents house anymore,negative,Conversation,train
সে আমাকে ধরেছে তুই কেন এসেছিস,ইতে অ্যাঁরে ধইজ্জ্যে তুঁই কিল্লাই আইচ্চুস,He grabbed me why did you come,neutral,Drama,train
হিটলার থেকে কোন অংশে কম না আমার বাবা,হিটলার তুন হোন অংশে হম ন অ্যাঁর বাপ,My father is in no way less than Hitler,negative,Drama,train
নিয়ম কানুনের কথা বলতে ভাল,নিয়ম কানুনের হথা হইতে গম,It's good to speak about norms and laws,positive,Social Media,train
আমি কিন্তু আগে থেকে একটা কথা বলে দেই,অ্যাঁই কিন্তু আগে তুন এক্কান হথা কইয়্যরে দি,But let me say one thing beforehand,neutral,Conversation,train
তোর বিয়েতে কি করতে না করতে আমি জানি,তুঁর কি গরিতে ন গরিতে অ্যাঁই জানি,I know what to do what not to do at your wedding,neutral,Conversation,train
তোকে কি করবো আমি মেয়ে,তুঁরে কি গইজ্জুম অ্যাঁই মাইয়্যা,What will I do with you girl,negative,Conversation,val
ছেলের বাবা মানা করেছে তোক,ফোয়ার বাপ মানা গইজ্জে তোঁরে,The boy's father has forbidden you,negative,Conversation,train
বল দেখি কি বলবি তুই,হ চ্যাঁই কি হবি তুঁই,Tell me what will you say,neutral,Drama,train
ও মা আমি বিয়ে করবো,ও মা অ্যাঁই বিয়া গইজ্জুম,Oh Mother i will get married,positive,Drama,train
আমি তোর পিঠের চামড়া তুলে ফেলবো,অ্যাঁই তুঁর পিডের চামড়া তুলি ফেলবো,I will peel the skin off your back,negative,Social Media,train
পিঠের চামড়া একবারে না হাজার বার তুলে ও হবে না,পিডের চামড়া এব্বেরে ন আজার বার তুলি ও ন অইব্যু,Even if you peel the skin off my back not once but a thousand times it won't be enough,negative,Social Media,train
তোরা মা মেয়ে কে আমি দেখে নেবো,তুঁরা মা মাইয়্যা রে অ্যাঁই চ্যাঁই লইইয়্যুম,I will deal with you mother and daughter,negative,Conversation,train
আমার নাম ও টুম্পা মনি,অ্যাঁর নাম ও টুম্পনি,My name is Tumpa Moni too,neutral,Conversation,test
ফজরের আজানের পর থেকে শুরু করে সবাই,ফজরের আজানের ফর তুন শুরু গরে বেজ্ঞুনে,Starting from after the Fajr azan everyone,neutral,Conversation,train
মাটির দলা হবে না,মেডির দলা ন অইব্যু,It won't become a lump of clay,neutral,Conversation,train
আমার তো মানুষ লাগিয়ে পরিস্কার করতে হয়,অ্যাঁর তো মানুষ লাগাই সাফ গরিতে অয়,I have to get people to clean,neutral,Drama,train
তোরা সবাই তো লাটসাহেব,তুঁরা বেজ্ঞনে তো লাটসাহেব,You all are like big lords,neutral,Drama,train
তোর দাঁতে টক লেগেছে যাক,তুঁর দাঁতত হাট্টা লাইগ্যে যাক,You got a sour taste in your teeth good,positive,Social Media,train
যেন কিছু খেলে শিরশির করে,যেন কিসু হাইলে শিশশির গরে,It feels like something causes a shiver when eaten,neutral,Social Media,train
মা মা করিস না কাজের সময়,মা মা ন গরিস কামের সমত,Don't keep saying Mom mom during work,neutral,Conversation,train
আমার এই সময় নেই,অ্যাঁর এই সমত নাই,I don't have this time,negative,Conversation,train
তোরা আমার কাজে সেরা,তুঁরা অ্যাঁর কামে সেরা,ou all are excellent at what I do,positive,Conversation,train
বললে আমাকে গত বছর পাস করলে,হইল্যে অ্যাঁরে গত বছর ফাশ গরিলে,You told me you passed last year,neutral,Drama,train
আর আমরা কোথাও যাবো না,আর অ্যাঁরা কোনমিক্কে ন যাইয়্যুম,And we won't go anywhere anymore,negative,Drama,test
টাকা দিব চটফটি খেয়ে চলে আসবি,টিঁয়া দিয়্যুম চটফটি হাই চলে আবি,I will give you money; you eat chatpati and come back,neutral,Social Media,test
এখানে তোর বাবার জমিদারি না,এডে তুঁর বাপের জমিদারি ন,This is not your father's estate here,negative,Social Media,train
টাকা তুই না তোর বাবা দেবে,টিঁয়া তুঁই ন তুঁর বাপ দিব্যু,Not you your father will give the money,neutral,Conversation,train
আমার বাবা সে তোর কি,অ্যাঁর বাপ ইতে তুঁর কি,My father what is he to you,neutral,Conversation,train
আমার নানা আমাকে টাকা দেবে,অ্যাঁর নানা অ্যাঁরে টিঁয়া দিব্যু,My maternal grandfather will give me money,neutral,Conversation,train
কি বলতে ভাল করে শুনে নাও,কি হইতে গম গরে শুনি ল,Listen carefully to what I am saying,neutral,Conversation,train
ছোট থেকে আমার বকশিস সব তুই নিয়ে রাখিস,ছোড তুন অ্যাঁর বকশিত হক্কল তুঁই লইয়্যে রাহিস,You have been taking all my tips since childhood,neutral,Drama,train
তুই খেয়ে ঘুমাতে শুরু কর,তুঁই হাই গুমজন শুরু গর,You start eating and then go to sleep,neutral,Drama,train
আমাকে এখন টাকা দাও,অ্যাঁরে এহন টিঁয়া দ,Give me money now,neutral,Social Media,train
তুই না দিলে আমি আমার নানার কাছে যাবো,তুঁই ন দিলে অ্যাঁই অ্যাঁর নানার হাছে যাইয়্যুম,If you don't give it I will go to my maternal grandfather,negative,Social Media,train
যা টাকা তোর নানার কাছে থেকে নিয়ে আয়,যা টিঁয়া তুঁর নানার হাছে তুন লইয়্যে আয়,If you don't give it I will go to my maternal grandfather,negative,Conversation,train
নিবি নে আমি টাকা দিব না,লইব্যি ল অ্যাঁই টিঁয়া ন দিয়্যুম,Take it or not I won't give money,negative,Conversation,train
তুই তো আপোস এর মানুষ না,তুঁই ত আফস এর মানুষ ন,You are not a person who compromises,neutral,Conversation,train
কেমন করে দেখি বল আমি শুনি,ক্যান করি চাই হ অ্যাঁই ফুনি,Tell me how to see it I will listen,neutral,Conversation,train
আমি কি খবর রাখি না,অ্যাঁই কি হবর ন রাহি,Don't I keep up with the news,negative,Drama,train
তোমার ভাই হাজার টাকা দেবে,তোঁয়ার বদ্দা হাজার টিঁয়া দিব্যু,Your brother will give a thousand Taka,neutral,Drama,train
সেটি কি আমি জানি না মনে করেছ,ইয়ান কি অ্যাঁই ন জানি মনে গইজ্জো,Did you think I don't know that,negative,Social Media,train
এই কথা যদি আমি আব্বুর কানে তুলে দেই,এই হথা যদি অ্যাঁই আব্বুর হনত তুলি দি,lift this word to Dad's ear,neutral,Social Media,test
তাহলে কি হবে তুই ভাল করে জানিস,তঁইলে কি অইব্যু তুঁই গম গরে জানোস,Then what will happen you know very well,neutral,Conversation,train
এখন তুই বল আমি তোর মেয়ে হয়ে থাকবো না আব্বুর মেয়ে হয়ে থাকবো,এহন তুঁই হ অ্যাঁই তুঁর মাইয়্যা অই থাইক্কুম ন আব্বুর মাইয়্যা অই থাইক্কুম,Now you tell me will I remain your daughter or Dad's daughter,negative,Conversation,train
আমি টাকা ও কম নিবো না,অ্যাঁই টিঁয়া ও হম ন লইইয়্যুম,I won't take less money either,negative,Conversation,train
কালকে দিব তোকে টাকা,হালিয়্যে দিয়্যুম তোঁরে টিঁয়া,I will give you the money tomorrow,neutral,Conversation,train
তুই জানিস না,তুঁই ন জানোস,You don't know,negative,Drama,train
আমাকে তো সবাই টানাটানি করে,অ্যাঁরে তো বেজ্ঞুনে টানাটানি গরে,Everyone pulls me,negative,Drama,test
কিন্তু আমি তোমার সাথে যাবো,কিন্তু অ্যাঁই তোঁয়ার লগে যাইয়্যুম,But I will go with you,positive,Social Media,val
আমরা বান্ধবি সবাই যাবো,অ্যাঁরা বান্ধবি বেজ্ঞুনে যাইয়্যুম,All of us girlfriends will go,positive,Social Media,test
মা রে মা বাহিরের মানুষ কি আমি তোর বোন,মারেম্মা বাইরের মানুষ কি অ্যাঁই তুঁর বইন,Mother o mother am I an outsider your sister,neutral,Conversation,train
আমি গেলে তোর আরো সুবিধা,অ্যাঁই গ্যিলে তুঁর আরো সুবিদা,If I go it will be more convenient for you,positive,Conversation,train
তোর সুবিধা অসুবিধা সব আমি দেখতাম,তুঁর সুবিদা অসুবিদা হক্কল অ্যাঁই চ্যাঁইতাম,I used to look after all your conveniences and inconveniences,positive,Drama,train
তুই থাকলে আমার যে কত ভাল হবে সবাই জানে,তুঁই থায়লি অ্যাঁর যে হতো গম অইব্যু বেজ্ঞুনে জানে,Everyone knows how much better off I'll be if you're there,positive,Social Media,train
আমাকে ছাড়া তুই কেমন করে যাস আমি দেখে নেবো,অ্যাঁরে ছাড়া তুঁই ক্যান গরে যচ অ্যাঁই চ্যাঁই লইইয়্যুম,I will see how you go without me,negative,Conversation,train
যেতে না দিলে আর কি করার আছে,যাইত ন দিলে আর কি গরার আছে,If not allowed to go what else is there to do,negative,Conversation,train
মিনিটে মিনিটে সে কি করে আমাকে খবর দিবি,মিনিটত মিনিটত ইতে কি গরে অ্যাঁরে হবর দিতি,You will inform me minute by minute what she is doing,neutral,Conversation,train
তোকে কেমন করে নিয়ে যায় না সেটি আমি দেখি,তোঁরে ক্যান গরে লইয়্যে ন যায় ইয়ান অ্যাঁই চ্যাঁই,I will see how he doesn't take you,negative,Drama,train
আমি বলতে পারি না তুই না বললে আমি বলতে পারতাম না,অ্যাঁই হইতে ন পারি তুঁই ন হইল্যে অ্যাঁই হইতে ন ফ্যাইত্তাম,I can't say if you hadn't told me I wouldn't have been able to say,neutral,Social Media,test
ভাবি এটি কোথায় পেয়েছ,ভাবি ইবে হডে পেয়ো,Sister-in-law where did you get this,neutral,Conversation,train
এটি কালকে আমি কিনে আনবো,ইবে হালিয়্যে অ্যাঁই কিনি আইন্নুম,I will buy this tomorrow,neutral,Conversation,train
সেটি কখনো চিন্তা করতে পারি না,ইবে হনঅত্তে চিন্তা গরিতে ন পারি,I can never think of that,negative,Drama,train
আমি অনেক সুন্দর কিছু দেখি না আর,অ্যাঁই বহুত সুন্দর কিসু ন চ্যাঁই আর,I don't see anything beautiful anymore,negative,Drama,train
কালকে দেখে খুব সুন্দর মনে হল,হালিয়্যে চ্যাঁই বহুত সুন্দর মনত অইল,Yesterday it seemed very beautiful,positive,Social Media,val
তাই কিনে ফেলল,তাই কিনি ফেলাইল,Therefore it was bought,neutral,Conversation,train
কোথায় থেকে আসছে এটি,হডে তুন আইব্যু ইবে,Where is it coming from,neutral,Conversation,train
তারা মনে মনে ভাবে লাগে,ইতারা মনত মনত ভাবে,They think to themselves,neutral,Conversation,train
কে এমন সুন্দর হতে পারে,কেডা এন সুন্দর অইত ফারে,Who can be this beautiful,positive,Conversation,train
জানতে সে দেখতে কত সুন্দর হবে,জানিতা ইতে চ্যাঁইতে হতো সুন্দর অইব্যু,জানতে সে দেখতে কত সুন্দর হবে,neutral,Drama,train
দেখতে হবে তাকে আমার,চ্যাঁইতে অইব্যু ইতারে অ্যাঁর,I have to see him,neutral,Social Media,train
খেয়ে সে চলে গেল কিন্তু,হাই ইতে চলি গিল কিন্তু,After eating he left however,neutral,Conversation,train
কোন কিছু আসছে না তার,হোন কিসু আইব্যু ন ইতার,Nothing is coming to her,negative,Conversation,val
তাই সে না খেয়ে বাহিরে গেল,তাই ইতে না হাই বাইরে গিল,So he went outside without eating,negative,Drama,val
বাহিরে বৃষ্টি হচ্ছে তখন,বাইরে বৃষ্টি অইলদে তহন,It was raining outside then,neutral,Drama,train
অল্প বাতাস হচ্ছে তখন,অল্প বাতাস অইলদে তহন,There was a light breeze then,neutral,Social Media,train
পরিবেশ অনেক সুন্দর লাগছে,পরিবেশ বহুত সুন্দর ল্যার,The surroundings feel very pleasant,positive,Social Media,val
সে সবকিছু বাহির করল আর সেখানে গেল,ইতে বেক্কিছু বাইর গরিল আর ওডে গিল,He took everything out and went there,neutral,Conversation,train
ভিতরে ঢোকে দেখে সেখানে অনেক কিছু আছে,বিতুরে ঢুকের চ্যাঁই ওডে বহুত কিসু আছে,Entering inside he saw that there were many things there,neutral,Conversation,test
সব দেখে চোখ ঠাণ্ডা হয়ে যাচ্ছে,হক্কল চ্যাঁই চুখ টান্ডা অই যার,Seeing everything is making my eyes feel cool,positive,Drama,train
একটা পরে একটা দেখতে লাগলেন,উজ্ঞো ফরে উজ্ঞো চ্যাঁইতে লাইজ্ঞুন,He started looking at them one after another,neutral,Conversation,train
একটা দেখে তার চোখ আটকে গেল,উজ্ঞো চ্যাঁই ইতার চুখ আটকে গিল,His eyes got stuck on one after seeing it,neutral,Conversation,train
সবকিছুর মধ্যে এটি ছিল বেশি সুন্দর,বেক্কিছুর মাজে ইবে আইসসিল বেশি সুন্দর,Among everything this was the most beautiful,positive,Drama,train
এরকম চা বাগানের ভিতরে বসে,এরম চা বাগানর বিতুরে বৈ,Sitting inside such a tea garden,positive,Social Media,train
কে করছে সেটি,কেডা গরের ইবে,Who is doing that,neutral,Conversation,train
সেটি ভাল মনে হচ্ছে আমার,ইয়ান গম মনত অর অ্যাঁর,I think that's good,positive,Conversation,test
এমন সময় কাছে একটা লোক বলল,এন সমত হাছে উজ্ঞো লোক হইলো,At that moment a person nearby said,neutral,Conversation,train
আপনার কিছু পছন্দ হয়েছে,অনের কিসু ফসন্দো হইয়্যে,Did you like something,neutral,Drama,test
হাত দিয়ে দেখিয়ে বলল,আঁত দি দেহাই হইলো,He said pointing with a hand,neutral,Drama,train
এটি আমার পছন্দ হয়েছে,ইবে অ্যাঁর ফসন্দো হইয়্যে,I liked this,positive,Social Media,train
এটির দাম কত পড়বে মনে হয়,ইবের দাম হতো ফরিবু মনত অয়,How much do you think it will cost,neutral,Conversation,val
বেশি না অল্প টাকা,বেশি ন অল্প টিঁয়া,Not much a small amount of money,neutral,Conversation,train
আজকে এটি নতুন এসেছে,আজিয়ে ইবে নয়া আইসসে,This has just arrived today,neutral,Conversation,train
একটা কথা কে করে এসব,উজ্ঞো হথা কেডা গরে এগিন,One thing who does all this,neutral,Drama,test
তাহলে তার নামে করা হয়েছে এসব,তঁইলে ইতার নামে গরা হইয়্যে এগিন,Then all this has been done in his name,neutral,Drama,train
আমি তাকে কোথায় পাবো,অ্যাঁই ইতারে হডে পাইয়্যুম,Where will I find her,neutral,Social Media,train
তাকে তো আর পাবে না,ইতারে তো আর ন ফাইবে,You won't find her anymore,negative,Conversation,train
সে তো আজকে থেকে অনেক আগে গেছে,ইতে তো আজিয়ে তুন বহুত আগে গেইয়্যে,He left a long time ago from today,neutral,Conversation,test
কি বলছি এসব,কি হইদ্দি এগিন,What am I saying,neutral,Drama,train
তাহলে কোথায় থেকে আসছে,তঁইলে হডে তুন আইব্যু,Then where is it coming from,neutral,Social Media,train
আপনি তো এটি আজকে এসেছে,অনে তো ইবে আজিয়ে আইসসে,You just got this today didn't you,neutral,Social Media,train
সেটি একেবারে খুব ভাল হবে,ইবে এক্কোবারে বহুত গম অইব্যু,That will be excellent,positive,Conversation,val
তোর সাথে টুম্পা মনিকে নিয়ে যাবি,তুঁর লগে টুম্পনিরে লইয়্যে যাবি,You will take Tumpa Moni with you,neutral,Conversation,train
তোকে নিয়ে পাহাড় ঘুরবো,তোঁরে লইয়্যে মুরা গুইজ্জুম,I will roam the hills with you,neutral,Conversation,train
এখানে বিয়ে দিয়ে মেয়ের কপাল খাবো আমি,এডে বিয়া দি মাইয়্যার হপাল হাইয়্যুম অ্যাঁই,If I marry my daughter here I will ruin her fate,negative,Drama,train
ছেলের বাড়ি যে দূরে,ফোয়ার বাড়ি যে দূরে,The boy's house is far away,neutral,Social Media,train
ছেলের মা বেশি কথা বলে আমার ভাল লাগে না,ফোয়ার মায়ে বেশি হথা কইয়্যরে অ্যাঁর গম ন লার,I don't like that the boy's mother talks too much,negative,Conversation,train
আমার টুম্পা মনি খুব সহজ সরল মেয়ে,অ্যাঁর টুম্পনি বহুত সহজ সরল মাইয়্যা,My Tumpa Moni is a very simple and innocent girl,positive,Conversation,val
ছেলে দেখতে আসলে জন আসবে,ফোয়া চ্যাঁইতে আইলে জন আইব্যু,If the boy comes to see then John will come,neutral,Conversation,train
আমার মেয়ের জন্য পয়সা কড়িওয়ালা লাগবে,অ্যাঁর মাইয়্যার লাই ফয়সা হরিআলা লাইব্যু,For my daughter I need a wealthy person,neutral,Drama,train
তারা বিদেশ থেকে আসতে চায় না,ইতেরা বিদেশেত তুন আইত ন চায়,They don't want to come from abroad,negative,Drama,test
আগা থেকে গোড়া জুতা দিয়ে মারবি,আগা তুন গুরা জুতা দি মারিবি,They don't want to come back from overseas,negative,Social Media,train
খবরদার বাহির হবে না,হবরধার বাইর ন অইব্যু,Beware don't go out,negative,Social Media,val
কথা এটি বলার পাঁচ মিনিট আগে,হথা ইয়েন হইবের পাঁচ মিনিট আগে,Warning do not go outside,negative,Conversation,train
ঝড়ত ভিজে ঘরে আসে,ঝড়ত ভিজি ঘরত অ্যাইয়ে,He comes home drenched in the storm,negative,Conversation,val
চালাক না হলে বোন বেঁচে থাকবো কেমন করে,চালাক ন অইলে বইন বাঁচি থাইক্কুম ক্যানে গরে,If I am not clever sister how will I survive,negative,Conversation,train
আমি চালাক না এই দুনিয়াতে আমার টেকা মুশকিল,অ্যাঁই চালাক ন এই দুনিয়েত অ্যাঁর টিগন মুশকিল,If I am not clever it is difficult for me to survive in this world,negative,Drama,train
আমি শুনি নি কোনদিন এসব,অ্যাঁই ন ফুনি হোনদিন এগিন,I have not heard these things ever,neutral,Drama,train
আপনার কপাল তাহলে খুব ভাল,অনের হপাল তঁইলে বহুত গম,Then you are very fortunate,positive,Social Media,val
চট্টগ্রামের মা সবার সারাক্ষনের ডায়লগ,চিটাংঅর মা বেজ্ঞুনের আমিশখনর ডায়লগ,Chittagong's mother is everyone's constant dialogue,neutral,Conversation,train
এ কখনো হতে পারে না,এ হনঅত্তে হতে ন ফারে,This can never happen,negative,Conversation,train
ভিজলে আমার অসুখ হবে না,ভিজিলে অ্যাঁর অসুখ ন অইব্যু,If I get wet I won't get sick,neutral,Conversation,train
আগা হতে গোড়া ছেঁচি ফেলবো,আগা ওইতে গোড়া ছেঁচি ফেলাইয়্যুম,I will uproot it completely,negative,Conversation,train
আম্মু তোকে কি বলেছিল আমি জানি,আম্মু তোঁরে কি হইয়্যিল অ্যাঁই জানি,I know what Mom told you,neutral,Drama,train
তুই সারাদিন যে মিথ্যা কথা বলিস,তুঁই গুডাদিন যে মিছা হথা হইস,You tell lies all day long,negative,Drama,train
আমার ঘর থেকে বাহির হয়ে যা তুই,অ্যাঁর ঘরত তুন বাইর অই যা তুঁই,Get out of my house,negative,Social Media,train
একবারো ইফতারি দেই নি তোকে,একবারো ইস্তেরি ন দ্যি তোঁরে,I didn't give you iftari even once,negative,Social Media,train
আমি মরার পর সে কি যে করে,অ্যাঁই মরনর ফর ইতে কি যে গরে,What will he do after I die,negative,Conversation,train
আমার তো একটা গ্লাস পানি ঢেলে খেতে হয় নি,অ্যাঁর তো উজ্ঞো গেলাস ফানি ঢালি হাইতে ন অয়,I haven't had to pour a single glass of water to drink,positive,Conversation,train
টাকা থাকলে কি হবে,টিঁয়া থায়লি কি অইব্যু,What will happen if there is money,neutral,Conversation,train
ছেলের মাথায় তো চুল কম,ফোয়ার মাতাত তো চুল হম,The boy has less hair on his head,negative,Conversation,train
বন্ধু যে বেশি জোরে চালায়,বন্ধু যে বহুত জোরে চালাই,Friend drives too fast,negative,Drama,train
রাস্তায় গাড়ি চালানো দেখে বুঝা যায় না,রাস্তাত গাড়ি চলান্যি চ্যাঁই বুজা ন যায়,It's hard to tell by looking at the driving on the road,neutral,Drama,val
আমাদের ছাত্র সমাজে সবাই ছাত্রী,অ্যাঁরার ছাত্র সমাজত বেজ্ঞুনে ছাত্রী,In our student community everyone is a female student,neutral,Social Media,train
কালকে রাতে চোর এসেছিল,হালিয়্যে রাইতে চোর আইচ্ছিল,A thief came last night,negative,Social Media,test
সে বলল অন্য একদিন আসবে,ইবে হইলো অন্য একদিন আইব্যু,He said he will come another day,neutral,Conversation,train
যারা শুদ্ধ ভাষায় কথা বলে তাদেরকে আমার নৌকাতে নেবো না,যারা শুদ্ধ ভাষাত হথা কইয়্য ইতারারে অ্যাঁর নাওত ন লইইয়্যুম,I will not take those who speak pure language on my boat,negative,Conversation,train
তোকে বললাম তোকে না পেলে আমি পাগল,তোঁরে হইলাম তোঁরে ন পাইলে অ্যাঁই পল,I told you if I don't get you I will go crazy,negative,Conversation,train
আমার নাতি হলে চুল যাবে,অ্যাঁর নাতি অইলে চুল যাইব্যু,If I have a grandson my hair will fall out,neutral,Drama,train
ছেলে টাকার অহংকার দেখায়,ফোয়া টিঁয়ার দেমাগ দেহায়,The boy shows off his money,negative,Drama,train
কুকুর পালে বিড়াল পালে,কুত্তা ফালে বিলাই ফালে,raises dogs raises cats,neutral,Social Media,train
তোর মেয়ে কি কুকুর পালবে,তুঁর মাইয়্যা কি কুত্তা ফালিব্যু,Will your daughter keep a dog,neutral,Social Media,train
আমার মেয়ে কি কুকুর পালবে সংসার করবে,অ্যাঁর মাইয়্যা কি কুত্তা ফালিব্যু সংসার গরিব,Will my daughter keep a dog or manage a household,neutral,Conversation,train
আমি তো মনে করেছি সে ছেলের চাচা,অ্যাঁই তো মনে গইজ্জি ইতে ফোয়ার চাচা,I thought he was the boy's uncle,neutral,Conversation,train
আনতে পাড়লে আনবি না পড়লে আমাকে না বল,আনোন পাইল্লে আনিবি ন পাইল্লে অ্যাঁরে ন হ,If you can bring it bring it if not just tell me no,neutral,Conversation,test
ছেলের মা উকিল নাকি,ফোয়ার মা উকিল নি,Is the boy's mother a lawyer or what,neutral,Conversation,train
আমার মেয়েকে কেস দিয়ে ফেলবে,অ্যাঁর মাইয়্যারে কেস দি ফেলাইব্যু,He will file a case against my daughter,negative,Drama,train
ছেলে তো দেখলাম মায়ের কথায় ওঠে বসে,ফোয়া তো দেইক্কি মার হথাত উডে বৈ,I saw that the boy obeys his mother,neutral,Social Media,val
খাবার চাবিয়ে মার দিকে দেখে,হানা চাবাইয়্যেনে মার মিক্কে চ্যাঁই,Chewing food he looked towards the mother,neutral,Conversation,train
তুঁই গিলবি না গিলবি না,তুঁই গিলিব্যু না ন গিলিব্যু,You won't swallow you won't swallow,negative,Conversation,train
কি বলবো আপু আপনি তো আমার আপন মানুষ,কি হইয়্যুম আফা অনে তো অ্যাঁর আফন মানুষ,What can I say elder sister you are my own person,positive,Conversation,train
সব সময় আমাদের ভাল চান,হক্কল সমত অ্যাঁরার গম চন,He always wish us well,positive,Conversation,train
আসুবিধা হল ছেলের বাড়ি,অসুবিদা অইল ফোয়ার বাড়ি,The problem is the boy's house,negative,Social Media,train
আজকাল বাড়ির মধ্যে গরু পালে,আইজকাল বাড়ির মাজে গরু ফালে,Nowadays people keep cows inside their homes,neutral,Social Media,train
জিনিসটি খারাপ লাগে,জিনিসইবে হারাপ লার,The thing feels bad,negative,Conversation,test
বিউটির মা জানে না এমন কোন কথা নেই,বিউটির মা ন জানে এন হোন হথা নাই,There is no word that Beauty's mother doesn't know,neutral,Conversation,train
এই কাজ আজকে করেছ,এই কাম আজিয়ে গইজ্জো,You did this work today,neutral,Conversation,train
আর কোনদিন দেখি না,আর হোনদিন ন চ্যাঁই,I don't see it ever again,negative,Drama,train
আমি তুই ছেলের মা হাসাহাসি করি,অ্যাঁই তুঁই ফোয়ার মা হাসাহাসি গরি,You and I the boy's mothers laugh together,positive,Drama,train
অন্যদিকে ছেলে দেখি,অন্যমিক্কে ফোয়া চ্যাঁই,Lets see otherside boys,neutral,Social Media,train
আমি তো জানি তুই বলবি,অ্যাঁই তো জানি তুঁই হবি,I knew you would say it,neutral,Conversation,train
তুই কি মনে করেছিস,তুঁই কি মনে গইজ্জু,What did you think,neutral,Conversation,train
আমি আরো উকিল লাগিয়ে,অ্যাঁই আরো উকিল লাগাই,I even appointed lawyer,neutral,Conversation,train
অহংকারে তোর পা মাটিতে পড়েছে না,দেমাগে তুঁর ঠ্যাং মেডিত ন ফইজ্জে,Your feet aren't touching the ground due to arrogance,negative,Conversation,train
আমাকে যে বাঁকা বাঁকা কথা বলে,অ্যাঁরে যে বেহা বেহা হথা কইয়্য,He speaks crooked words to me,negative,Drama,train
মা মেয়ের কানের পর্দা ফেটে যাবে,মা মাইয়্যার হানর পদ্দা ফাডি যাইব্যু,The eardrums of the mother and daughter will burst,negative,Conversation,train
আমি পরে কথা বলবো,অ্যাঁই ফরে হথা হইয়্যুম,I will talk later,neutral,Conversation,train
আমি কি জানি তোমার জিনিস কোথায়,অ্যাঁই কি জানি তোঁয়ার জিনিস হডে,How would I know where your things are,neutral,Conversation,train
আমার জিনিসের পা হয়েছে,অ্যাঁর জিনিসের ঠ্যাং হইয়্যে,My things have grown legs,negative,Conversation,train
আমার টাকা কম কেন,অ্যাঁর টিঁয়া হম কিল্লাই,Why is my money less,negative,Drama,train
কি বল এসব তোমরা,কি হ এগিন তোঁয়ারা,What are you all saying,negative,Drama,train
তোমার খবর নিবো আমি,তোঁয়ার হবর লইইয়্যুম অ্যাঁই,I will take your news,neutral,Social Media,train
তোমরা তো আমার খবর রাখো না,তোঁয়ারা তো অ্যাঁর হবর ন রাহ,You all don't keep track of me,negative,Social Media,test
ও লাটসাহেবর মেয়ে তুই,ও লাটসাহেবের মাইয়্যা তুঁই,Oh you are the daughter of a Lat Saheb,neutral,Conversation,train
কত পাখি গাছের আগায়,হতো ফাখি গাছর আগাত,How many birds are at the top of the tree,neutral,Conversation,train
আমাকে গান শুনালে টাকা দেবে,অ্যাঁরে গান হুনাইল টিঁয়া দিব্যু,If you make me listen to a song you will be given money,neutral,Conversation,test
পাই না খুঁজে মনের মানুষ,ন ফাই তোঁয়াই মনর মানুষ,I can't find the person of my mind,negative,Conversation,train
আমি সুন্দরি আমিনা আমার নাম জানলে ভাল,অ্যাঁই সুন্দরি আমিনা অ্যাঁর নাম জানিলে গম,I am beautiful Amina It is good if you know my name,positive,Drama,train
কচি ডাবের পানি খেয়ে,হচি ডাবোর পানি হাই,Drunk tender coconut water,neutral,Social Media,train
মালকা বানুর দেশে রে বিয়ের বাদ্য বাজেরে,মালহা বানুর দেশে রে বিয়ার বাইদ্য বাজেরে,In the country of Malka Banu wedding music resonates,positive,Social Media,train
নাতি বরই খাবে হাতে নিয়ে লবণ,নাতি বরই হাইব্যু আঁতত লইয়্যে নুন,The grandson will eat jujube fruit with salt in hand,neutral,Conversation,train
ভেঙ্গে পড়েছে নাতি বরই গাছ থেকে,ভাঙি ফইজ্জে নাতি বরই গাছ তুন,The grandson fell from the jujube tree,negative,Conversation,val
কেউ বলে যে আছে নাতি কেউ বলে নেই,কেউ কইয়্যরে যে আছে নাতি কেউ কইয়্যরে নাই,Some say there is a grandson some say there isn't,neutral,Conversation,train
চোখ পাকিয়ে রয়েছে লাল বরই এর মত,চুখ পাকায় রইয়্যে লাল বরই এর নান,His eyes are wide and red like red jujubes,neutral,Drama,val
ছোট নাতি গাছের নিচে যায়,ছোড নাতি গাছর তলাত যায়,The little grandson goes under the tree,neutral,Social Media,train
নানি বলে গাছের বরই পারিস না,নানি কইয়্য গাছর বরই ন ফাড়িস,Grandma says don't pick the jujube fruit from the tree,negative,Social Media,train
পাড়ার ছেলে সবাই আসে বরই খাবার জন্য,পাড়ার ফোয়া বেজ্ঞুনে অ্যাইয়ে বরই হাওনর লাই,All the boys from the neighborhood come to eat jujube fruit,neutral,Conversation,test
গাছ থেকে পড়ে নাতি হাত ভেঙ্গে,গাছ তুন ফড়ি নাতি আঁত ভাঙি,The grandson fell from the tree and broke his hand,negative,Conversation,train
নানির কথা না মেনে বিপদ ডাকে,নানির হথা ন মানি বিপদ ডাহে,Not listening to Grandma calls for trouble,negative,Conversation,train
এতো করে বললাম নাতি শুনলে না কথা,এদ্দুর গরে হইলাম নাতি ন হুনিলে হথা,I told him so many times but the grandson didn't listen,negative,Conversation,train
গাছ থেকে পড়ে ফাটালি তোর মাথা,গাছ তুন ফড়ি ফাডাইল্যি তুঁর মাতা,You fell from the tree and split your head open,negative,Drama,test
আমার বাড়ি আর তোমার ফটিকছড়ি,অ্যাঁর বাড়ি আর তোঁয়ার ফটিকছড়ি,Oure home fatikchhari,neutral,Drama,train
তোমার কাছে আমার মনের কথা পাঠাতে কেমন করে,তোঁয়ার হাছে অ্যাঁর মনর হথা ফাঠাতে ক্যান গরে,How do I send my heartfelt thoughts to you,neutral,Social Media,train
তোমার ভাই নিল মোবাইল,তোঁয়ার বদ্দা লইল মোবাইল,Your brother took the mobile,neutral,Social Media,train
প্রথম দেখায় মন দিয়ে ফেলি,ফতম দেহায় মন দি ফেল্যাই,I give my heart away at first sight,positive,Conversation,val
অনেক কষ্টে মন পেয়েছে,বহুত কষ্টে মন পাইয়্যে,He gained someone's heart after much difficulty,neutral,Conversation,train
তোমার খালা আমি দেখি নি,তোঁয়ার খালা অ্যাঁই ন চ্যাঁই,I have not seen your aunt,neutral,Conversation,train
লুকিয়ে লুকিয়ে দেখা করেছে তারা,লুয়োই লুয়োই দেহা গইজ্জো গইজ্জে ইতারা,They met secretly,neutral,Conversation,val
জলদি দেখা কর,জলদি দেহা গর,Meet quickly,neutral,Drama,train
দেখা করে খবর শুনে,দেহা গরে হবর শুনি,After meeting they heard the news,neutral,Drama,train
আমার বাড়ি নিয়ে যাবো,অ্যাঁর বাড়ি লইয়্যে যাইয়্যুম,I will take you to my home,neutral,Social Media,train
যাবো না আমি তোমার সাথে,ন যাইয়্যুম অ্যাঁই তোঁয়ার লগে,I would not go with you,negative,Social Media,train
আমি তোমাকে নতুন কথা বলি,অ্যাঁই তোঁয়ারে নয়া হথা হই,I tell you new things,neutral,Conversation,train
আজকে কালকে করবে আমার ঘর,আজিয়ে হালিয়্যে গরিবে অ্যাঁর ঘর,I tell you new things,neutral,Conversation,train
জীবনে মরণে আমি তোমার হলাম,জীবনত মরণত অ্যাঁই তোঁয়ার অইলাম,In life and death I became yours,positive,Conversation,train
পানি ছাড়া মাছ বাঁচে না শিকড় ছাড়া গাছ,পানি ছাড়া মাছ ন বাঁচি শিকড় ছাড়া গাছ,Fish cannot survive without water and a tree without roots,neutral,Conversation,train
তোমার আমার মিলন সামনে ফাল্গুন মাস,তোঁয়ার অ্যাঁর মিলন সামনে ফাল্গুন মাস,Our union is next Falgun month,positive,Drama,train
নতুন বউ দেখাবি জন্য,নয়া বউ দেহাবি লাই,For showing the new bride,neutral,Drama,train
লাল টুকটুকে শাড়ি পড়েছ,লাল টুইটুইক্কা শাড়ি পইজ্জু,You are wearing a bright red sari,neutral,Social Media,train
কত জন কত ঢঙের কথা বলে,হতো জন হতো ঢঙর হথা কইয়্যরে,So many people speak in so many different ways,neutral,Social Media,train
কেউ বলেছে কত সুন্দর মুখ,হনে হদ্দে হতো সুন্দর মুক,Someone said what a beautiful face,positive,Conversation,test
একটা হাত লম্বা ঘোমটা দিয়ে,উজ্ঞো আঁত লম্বা ঘোমটা দি,With a long veil covering one hand,neutral,Conversation,train
একজন একজন আসছি,একজন একজন আইর,One by one I am coming,neutral,Conversation,train
কেউ বলছে কত সুন্দর বাঁশির মত নাক,হনে হদ্দে হতো সুন্দর বাঁশির নান নাক,Someone said What a beautiful flute like nose,positive,Conversation,train
কত সুন্দর কোঁকড়া কোঁকড়া চুল,হতো সুন্দর খোডা খোডা চুল,How beautiful curly hair,positive,Drama,test
এমন সুন্দর বউ কয়জনের,এন সুন্দর বউ হজনের,How many people have such a beautiful wife,positive,Drama,train
এমন সুন্দর ফুটফুটে বউ আমাদের নেই,এন সুন্দর ফুইটফুইট্টা বউ অ্যাঁরার নাই,We do not have such a beautiful radiant wife,negative,Social Media,train
আমার আম্মু আমাকে নিয়ে সন্তুষ্ট,অ্যাঁর আম্মু অ্যাঁরে লইয়্যে সন্তুষ্ট,My mother is satisfied with me,positive,Social Media,train
বাটিক প্রিন্টের কামিজ ত্যানা ত্যানা,বাটিক ফ্রিন্টর খামিস ত্যানা ত্যানা,The batik print kameez is torn to rags,negative,Conversation,train
আমাকে একবারে ফতুর করে দিয়েছে,অ্যাঁরে এব্বেরে ফতুর গরে দিইয়্যি,They have completely ruined me,negative,Conversation,train
আমার ছেলে কোথায় দেখি না,অ্যাঁর ফোয়া হডে ন দেহির,I do not see my son anywhere,negative,Conversation,train
আমার নতুন রুগি এসেছে,অ্যাঁর নয়া রুগি আইসসে,My new patient has arrived,neutral,Conversation,test
আমি বাহিরে যাবো আজকে,অ্যাঁই বাইরে যাইয়্যুম আজিয়ে,I will go outside today,neutral,Drama,val
আমাদের দেশের মধ্যে পাওয়া যায়,অ্যাঁরার দেশের মাজে পাওন যায়,It is found within our country,neutral,Drama,train
আমাদের দেশের জিনিস সেরা হবে,অ্যাঁরার দেশর জিনিস সেরা অইব্যু,Our countrys products will be the bes,neutral,Social Media,train
আম্মু পেলে মেরে এমন লাল করে ফেলবে,আম্মু পাইলে মারি এন লাল গরে ফেলাইব্যু,Mom will beat me so much that i will turn red,negative,Social Media,train
মারার সময় দেখে না,মারাইবের সমত ন চ্যাঁই,They do not look when they hit,negative,Conversation,train
পরে রাতে এসে,ফরে রাইতে আই,Later come at night,neutral,Conversation,train
একটা পাল্লায় ওজন বেশি,উজ্ঞো পালাত আলায় বওত,One side of the scale has more weight,neutral,Conversation,train
আপু আপনার নাম বলেন,আফা অনের নাম হন,Sister tell me your name,neutral,Conversation,train
আপু জন্ম সনদের নাম বলেন,আফা জন্ম সনদর নাম হন,Sister please tell me the name on the birth certificate,neutral,Drama,train
আপনার পেট খারাপ হয়েছে আজকে,অনের পেট হারাপ হইয়্যে আজিয়ে,You have an upset stomach today,negative,Drama,train
তুই রাতে কি খেয়েছে,তুঁই রাইতে কি খাইয়্যে,What did you eat tonight,neutral,Social Media,train
আমি তো শুধু শাক খাই,অ্যাঁই তো উধে শাক হাঁই,I only eat vegetables,neutral,Social Media,train
তুই খুব খারাপ মানুষ আমি জানি,তুঁই বহুত হারাপ মানুষ অ্যাঁই জানি,You are a very bad person I know,negative,Conversation,train
তোর নানা তো মাউলানা,তুঁর নানা ত মুলিছাফ,Your grandfather is a Maulana,neutral,Conversation,train
এমন ড্রাইভার আমি আর দেখি নি,এন ড্রাইভার অ্যাঁই আর ন চ্যাঁই,I have never seen such a driver,positive,Conversation,train
পুরো গাড়ি খালি পুরো গাড়ি খালি করে,ফুরো গাড়ি হাইল্ল্যা ফুরো গাড়ি হাইল্ল্যা গরে,The whole car is empty empty the whole car,neutral,Conversation,train
মানুষ শেষ তো সারাদিন হবে,মানুষ শেষ তো গুডাদিন অইব্যু,If people finish it will be the whole day,neutral,Drama,train
তোমার বাড়িতে ছাদে উঠবে,তোঁয়ার বাড়িত সাদোত উডিব্যু,You will go up to the roof of your house,neutral,Drama,train
আপনি একটা ঘন্টা পরে যেতে পারবেন না,অনে উজ্ঞো ঘন্টা ফরে যাইতাম ন ফারিবেন,Can not you go an hour later,negative,Social Media,train
আমি একটা মিনিটের ভিতরে আসবো,অ্যাঁই এক্কান মিনিটর বিতুরে আইসুম,I will be back within a minute,neutral,Social Media,train
তোকে দেবে ভাড়া,তোঁরে দিব্যু ভাড়া,They will give you rent,neutral,Conversation,train
বাজার করার জন্য বাজারে যেতে পড়বে না,বাজার গরিবের লাই বাজারত যাইতাম ন ফরিবু,You would not have to go to the market for shopping,positive,Conversation,train
তোমাকে তোঁ আসল কথা বলি নি,তোঁয়ারে তোঁ আসল হথা ন হই,I have not told you the main thing,neutral,Conversation,train
আমি পাগল আমার ঘর বাড়ি নেই,অ্যাঁই পল অ্যাঁর ঘর বাড়ি নাই,I am mad have no home,negative,Conversation,train
তোর কষ্ট হবে আমি সহ্য করতে,তুঁর কষ্ট অইব্যু অ্যাঁই সইজ্জো গরিতে,It will be difficult for you and I can bear that,positive,Drama,test
আমরা কি সত্য সত্য ব্যাংকে যাবো,অ্যাঁরা কি আচা আচা ব্যাংকওত যাইয়্যুম,Will we truly go to the bank,neutral,Drama,train
কালকে সকালে আমি চলে যাবো,হালিয়্যে বেইন্যে অ্যাঁই চলি যাইয়্যুম,I will leave tomorrow morning,neutral,Social Media,train
টাকা পয়সা পাঠাতে আসে না,টিঁয়া ফয়সা ফাঠাতে ন অ্যাইয়ে,They do not come to send money,negative,Social Media,train
আমার দেরি হলে আপনি খেয়ে নেবেন,অ্যাঁর দেরি অইলে অনে হাই লইয়্যুন,If I am late you can eat.,neutral,Conversation,test
এতো খাই তারপর বলে আর কি খাবে আজকে,এদ্দুর হাঁই তারপর কইয়্যরে আর কি হাইব্যু আজিয়ে,After eating so much they then ask what else will you eat today,neutral,Conversation,train
তোমার কথা আমার মনে থাকবে না,তোঁয়ার হথা অ্যাঁর মনত ন থাইব,Your words will not stay in my memory,negative,Conversation,train
তোমরা কালকে যেয়ে দেখাবি,তোঁয়ারা হালিয়্যে য্যাই দেহাবি,You all will go and show tomorrow,neutral,Conversation,train
আপনার ছেলে ফোন করলে আমি বলবো,অনের ফোয়া ফোন গরিলে অ্যাঁই হইয়্যুম,If your son calls I will tell him,neutral,Drama,train
তোরা বস আমি চা করি,তুঁরা বঅ অ্যাঁই চা গরি,You all sit I will make tea,positive,Drama,train
আমার সাথে বাটপারি করেছে,অ্যাঁর লগে বাটপারি গইজ্জে,They cheated me,negative,Social Media,train
ব্যবসা করবো কিন্তু ব্যবসা করতে অনেক টাকা লাগে,ব্যবসা গইজ্ঞুম কিন্তু ব্যবসা গরিতে বহুত টিঁয়া লার,I want to do business but it requires a lot of money,neutral,Social Media,train
এতো টাকা কোথায় পাবে,এদ্দুর টিঁয়া হডে ফাইবে,Where will you get so much money,neutral,Conversation,train
টাকার হিসাব কিভাবে দিব আমি,টিঁয়ার হিসাব কেনে দিয়্যুম অ্যাঁই,How will I give an account of the money,neutral,Conversation,train
আমি আছি তোমার চিন্তা কিসের,অ্যাঁই আছি তোঁয়ার চিন্তা কিয়ের,I am here why are you worried,positive,Conversation,test
তুই তো আমাকে ভাল কথা বলে,তুঁই তো অ্যাঁরে গম হথা হইয়্যরে,You always say good things to me,positive,Conversation,train
আমার বাবার টাকা কুকুরে খায়,অ্যাঁর বাপের টিঁয়া কুত্তা হায়,My fathers money is eaten by dogs,negative,Drama,train
তোমার টাকা দিয়ে আমি কি করবো,তোঁয়ার টিঁয়া দি অ্যাঁই কি গইজ্জুম,What will I do with your money,neutral,Drama,train
এখন তো কেউ আসার কথা না,এহন তো কেউ আইসসিল হথা ন,No one is supposed to come now,neutral,Social Media,train
আজকে কার কাছে তুই,আজিয়্যে হার হাছে তুঁই,Who are you with today,neutral,Social Media,val
আমার চুল দাড়ি এমন করে পাকে নি,অ্যাঁর চুল দাড়ি এন গরে ন ফাকে,My hair and beard have not turned gray like this,positive,Conversation,train
আপনি শান্ত হয়ে বলেন,অনে শান্ত হন অই কন,Please speak calmly,neutral,Conversation,train
আমার ছেলে আসুক তারপর তোর সাথে বুঝবো,অ্যাঁর ফোয়া আইয়্যুক তারপর তুঁর লগে বুইজ্জুম,Let my son come then I will deal with you,negative,Conversation,train
তোর তো চুলা ঠেলায় হবে,তুঁর তো চুলা ঠেলাত অইব্যু,You will be troubled by the stove,negative,Drama,train
ভেজালের কথায় মন বেজার,ভেজাইল্যা হথাত মন বেজার,My mind is upset by talk of adulteration,negative,Drama,train
চাকরি হবে না আমার,চঅরি ন অইব্যু অ্যাঁর,I would not get a job,negative,Social Media,train
তোর বাড়ি সবাই কেমন আছে,তুঁর বাড়ি বেজ্ঞুন ক্যান আছে,How is everyone at your home,positive,Social Media,test
আমার মা বাবা কেমন আছে,অ্যাঁর মা বাপ ক্যান আছে,How are my mother and father,positive,Conversation,val
তিন মাথা যার কথা শুনি তার,তিন মাতা যার হথা ফুনি ইতার,One who has three heads i listen to their words,neutral,Conversation,train
জুতা মাথায় চড়ানো,জুতা মাতাত চড়ান,To put shoes on ones head,negative,Conversation,train
জামাইয়ের দেখা নেই শুক্রবার বিয়ে,জামাইয়ের দেহা নাই শুক্কুরবার বিয়া,The groom is nowhere to be seen and the wedding is on Friday,negative,Conversation,train
ঝড়ে বন্যায় বক মরে,ঝড়ত বানত বোগা মরে,The heron dies in the storm and flood.,negative,Drama,test
আমি ফালতু কথার উত্তর দেই না,অ্যাঁই ফালতু হথার উত্তর ন দ্যি,I don't answer nonsense talk,negative,Drama,train
ভালো হয়েছে ঘরের মানুষ আমরা,গম হইয়্যে ঘরর মানুষ অ্যাঁরা,It’s good that we are family of the household,positive,Social Media,train
তুঁই এখন শুদ্ধ ছাড়া চলতে পারিস না,তুঁই এহন শুদ্ধ ছাড়া চল্যিত ন ফাড়োস,You can not function without me now,negative,Conversation,train
ও বোন তুই সম্মান দিলে নিজেও পাবি,ও বইন তুঁই সম্মান দিলে নিজেও ফাবি,Oh sister if you give respect you wiil receive it too,positive,Conversation,train
৩ দিনের জন্য এসেছিস সবাই,৩ দিনর লাই আইচ্চুস বেজ্ঞুন,You hae come only for three days everyone,neutral,Conversation,train
তার বাবা টিকটকে নাচে,ইতার বাপ টিকটকওত নাচে,Her father dances on TikTok,negative,Conversation,train
পাপ বাবাকেও ছাড়ে না,পাপ বাপেরেও ন ছাড়ে,Not even fathers are exempt from sin,negative,Drama,train
তার বাবা বিয়ে বাড়িতে নাচে,ইতার বাপ বিয়া বাড়িত নাচে,Her father dances at wedding functions.,neutral,Social Media,train
কথা ভাল বলুন ভাই,হথা গম হন বদ্দা,Talk politely brother,positive,Conversation,train
ওর বাবা ভিডিও বানাতো,ইতার বাপ ভিডিও বানাইত্যু,Her father used to make videos,neutral,Conversation,train
দুনিয়ার কাজের চাপ আমার আজকে,দুনিয়ার হামের চাপ অ্যাঁর আজিয়ে,Today the pressure of the worlds work is on me,negative,Conversation,train
মাকে বললাম চা দিয়ে যেতে,মারে হইলাম চ্যাঁ দি যেতু,I told mom to bring tea,neutral,Conversation,test
এখনো আসে না,এহন ও ন অ্যাইয়ে,Still has notcome yet,negative,Drama,train
এই মেয়ে আমাকে পাগল করতে আসে,এই মাইয়্যা পোঁউয়া অ্যাঁরে পল গরতু আইয়্যে,This girl comes to drive me crazy,negative,Drama,train
তোর কি আসুবিধা আমি বুঝলাম না,তুঁর কি অসুবিদা অ্যাঁই ন বুজিলাম,I didn not understand what your problem is,negative,Social Media,train
কিরে তুই কি তামাশা শুরু করলি,কিরে তুঁই কি ঠ্বসা শুরু গরলি,Hey did you start joking around,negative,Social Media,train
আমি তোর কাজ করবো না,অ্যাঁই তুঁর কাম ন গইজ্জুম,I will not do your work,negative,Conversation,train
আমি ঘরের কাজ করবো,অ্যাঁই ঘরর কাম গইজ্জুম,I will do the housework,neutral,Conversation,train
আমাকে কেন কথা বলতে হবে,অ্যাঁরে কিল্লাই হথা হইতে অইব্যু,Why should I have to speak,negative,Conversation,train
তুই আমার উপর মানসিক চাপ সৃষ্টি করতে এসেছিস,তুঁই অ্যাঁর উর মানসিক চাপ সৃষ্টি গরিত আইচ্চুস,You have come to create mental pressure,negative,Conversation,val
একটা কাপ চা আমি ঠিক করে পাই না,উজ্ঞো কাপ চা অ্যাঁই ঠিক গরে ন ফাই,I can not get a proper cup of tea,negative,Drama,train
ব্যবসায়ী সবার মাথায় নানা চিন্তা থাকে,ব্যবসায়ী বেজ্ঞুনের মাতাত নানা চিন্তা থাহে,Businesspeople have various worries on their minds,neutral,Drama,train
তোর আযথা কথা আমার ভাল লাগে না,তুঁর বাইক্কে হথা অ্যাঁর গম ন লার,I do not like your pointless talk,negative,Social Media,train
তোর কোথায় আমি দেখি,তুঁর চুয়াদি হডে অ্যাঁই চ্যাঁই,Where can I find you,neutral,Conversation,train
তাকে জিজ্ঞাসা করেন আমি জানি না,ইতারে পুঁছর গরন অ্যাঁই ন জানি,Ask him I do not know,negative,Conversation,train
আমার কতক্ষণ পরে পরে চা খেতে হয়,অ্যাঁর হতোক্ষন ফরে ফরে চা হাইতে অয়,often I have to drink tea,neutral,Conversation,train
তোকে আমাকে তুই চিনাস না,তোঁরে অ্যাঁরে তুঁই ন চিনাস,You do not know me,negative,Drama,train
আমি সবকিছু বানাবো বানাতে চাই,অ্যাঁই বেক্কিছু বানাইতু চাই,I want to make everything,positive,Drama,train
আমার এতো কাজ ভাল লাগে না,অ্যাঁর এদ্দুর কাম গম ন লার,I do not like so much work,negative,Social Media,train
কাজ শেষ করে নাও তোমরা,কাম শেষ গরে ল তোঁয়ারা,Finish your work,neutral,Social Media,train
যেমন মনে হয় তেমন করে বল,যেন মনত অয় ইল্লে গরে হ,Say it as you feel,neutral,Conversation,train
এই বুড়ি তুই আমাদের আপু কেন ডাকো,এই বুড়ি তুঁই অ্যাঁরারে আফা কিল্লাই ডাহো,Hey old woman why do you call us elder sister,negative,Conversation,train
তোমার জন্য আমাকে প্রজাতি ডাকে,তোঁয়ার লাই অ্যাঁরে ফজাতি ডাহে,For you the species calls me,neutral,Conversation,train
এটি কোন গোলামের বাচ্চা গোলাম বলে দেখি,ইবে হোন গোলামোর ছা গোলাম কইয়্যরে চ্যাঁই,Let us see who calls this a slaves child slave,negative,Conversation,train
তার নাম পড় তো দেখি,ইতের নাম ফড় তো চ্যাঁই,Read his name let us see,neutral,Drama,train
আমাদের প্রজাতি ডাকো না,অ্যাঁরার ফজাতি ন ডাহো,Do not call us species,negative,Social Media,train
এটি কোন বেয়াদব নাম দেখ তো আমি,ইবে হোন বেয়াদব নাম চ্যাঁই তো অ্যাঁই,Look am I calling this a disrespectful name,negative,Social Media,train
তুই অবুজ বালক না শয়তান বালক তুই,তুঁই অবুজ বালক না শতান বালক তুঁই,Are you a naive boy or a devilish boy,negative,Conversation,train
খুঁজে খুঁজে জায়গার দালাল কবুতর ব্যাপারি,তোঁয়াইন তোঁয়াইন জাগার দালাল হবুতর বেয়্যারি,Searching for land brokers pigeon traders,neutral,Conversation,train
আমার জন্য পানি নিয়ে আসো না,অ্যাঁর লাই পানি লইয়্যে ন আইয়্যু,Please bring water for me,neutral,Conversation,train
এখানেও চলে এসেছে,ইয়েনও চলি আইসসে,It has arrived here too,neutral,Conversation,test
আমারা একটা কবুতর দেখি,অ্যাঁরা উজ্ঞো হতুর চ্যাঁই,We see a pigeon,neutral,Drama,train
আমি তোমাকে দেখতে পারি না,অ্যাঁই তোঁয়ারে দেই্যত ন পারি,I cannot see you,negative,Drama,train
আমরা জাম খেতে পারি না,অ্যাঁরা জাংগুলা হাইতে ন পারি,We cannot eat Java plum,neutral,Social Media,train
ঔষধের কাগজ দাও আমাকে,ওষধের কাগজ দ অ্যাঁরে,Give me the medicine paper,neutral,Social Media,train
ডাক্তারের ঔষধের কাগজ কোথায় আমার,ডাক্তরর ওষধের কাগজ হডে অ্যাঁর,Where is my doctors prescription paper,neutral,Conversation,train
আওয়াজ শুনলে আরো দেবে,আবাজ হুনিলে আরো দিব্যু,If you hear a sound you will give more,neutral,Conversation,train
আমাদের শুটকির গন্ধ ভাল লাগে,অ্যাঁরার উঁনির গন্ধ গম লার,We like the smell of dried fish,positive,Conversation,train
তোকে গাছের আগায় তুলে দেবে,তোঁরে গাছর আগাত তুলি দিব্যু,It will lift you to the top of the tree,neutral,Conversation,train
ছেলে হল না ভূত হল,ফোয়া অইল ন ভূত অইল,Was it a boy or a ghost,neutral,Drama,train
জায়গা এটি তো কর্ণফুলী চা বাগানের,জাগা ইবে তও কর্ণফুলী চা বাগানুত,This place is of karnaphuli tea garden,neutral,Drama,train
কথার সাথে ঠোঁট মিল নেই,হথার লগে ঠোঁট মিল নাই,Lips do not match words,neutral,Social Media,test
যার যার ভাষা তার জন্য ভাল,যার যার ভাষা ইতার লাই গম,Everyones language is good for them,positive,Social Media,train
আমরা তাকে গালি দিলে বুঝে না,অ্যাঁরা ইতারে গাইল দিলে ন বুজে,If we curse him he does not understand,negative,Conversation,train
সেটি আবার শুদ্ধ ভাষায় বলতে পারে,ইয়ান আবার শুদ্ধ ভাষাত হইতে ফারে,He can say that again in pure language,positive,Conversation,test
গরম পানি দেবে,গরম পানি দিব্যু,Will you give hot water,neutral,Conversation,train
চাঁদ দেখে খুশি না আমি,চাঁন চ্যাঁই খুশি ন অ্যাঁই,I am not happy seeing the moon,negative,Conversation,train
বেলা বিস্কুট ঠেলা গাড়ি একটি ঠেলায় পাহাড়তলি,বেলা বিস্কুট ঠেলা গাড়ি উজ্ঞো ঠেলাত পাহাড়তলি,Bela biscuit pushcart a push to pahartali,neutral,Drama,train
জানি না আমার ভবিষ্যৎ বউ কার সাথে বেড়ায়,ন জানি অ্যাঁর ভবিষ্যুতুর বও হার লগে বেড়ার,I do not know who my future wife hangs out with,neutral,Drama,train
তোর ঘরে সবার থেকে ছোট কে,তুঁর ঘরত বেজ্ঞুনের তুন ছোড কেডা,Who is the youngest in your house,neutral,Social Media,train
সায়ানা ছেলে হল তারা,সিয়ানা ফোয়া অইল ইতারা,They are clever boys,positive,Social Media,test
আমরা শীতে পুকুরে গোসল করি,অ্যাঁরা শীতত পইরত গোসল গরি,We bathe in the pond in winter,positive,Conversation,train
ছেড়া কাথা থেকে স্বপ্ন দেখিস না,ফাডা কেথা তুন খোয়াব ন চ্যাঁইস,Do not dream from a torn quilt,negative,Conversation,test
আম খাবো কিন্তু গাছে পানি দিতে পারবো না,আম হাইয়্যুম কিন্তু গাছেত পানি দন ন পাইজ্জুম,I will eat mangoes but i cannot water the tree,negative,Conversation,train
আমার মোবাইল নিয়ে ঘাটাঘাটি করে,অ্যাঁর মোবাইল লইয়্যে ঘাডাঘাডি গরে,Fiddling with my mobile,neutral,Conversation,train
আজকে ভাত খাবো না আমি,আজিয়ে ভাত ন হাইয়্যুম অ্যাঁই,I will not eat rice today,negative,Drama,train
তুই খেলে খাবি না খেলে না খাবি,তুঁই হাইলে হাবি ন হাইলে ন হাবি,if you eat eat if you do not eat do not eat,neutral,Drama,train
সবাইকে অনুরোধ করি আমি,অক্কলরে অনুরোধ গরি অ্যাঁই,I request everyone,positive,Social Media,train
অনেক মানুষ খাবার পায় না,বহুত মানুষ হানা ন পার,Many people do not get food,negative,Social Media,train
আজকে তো শুক্রবার,আজিয়ে তো শুক্কুরবার,Today is friday,neutral,Conversation,test
বেলা বিস্কুট গরম চা মজা করে খাই,বেলা বিস্কুট গরম চা মজা গরে হাঁই,Bela biscuit hot tea eat with pleasure,positive,Conversation,train
কম্বলের ভিতরে মোবাইল টিপার সময় নেই,হম্বলের বিতুরে মোবাইল টিববার সমত নাই,There is no time to type on the mobile inside the blanket,neutral,Conversation,train
পাট শাক দিয়ে ভাত খাই,নাড়ি শাক দি ভাত হাঁই,Eat rice with jute leaves,neutral,Conversation,train
খাওয়ার তরকারি নষ্ট,হাওনর ছালন নষ্ট,The vegetable dish for eating is spoiled,negative,Drama,train
কুখ্যাত তেলাপোকার ফাসি চাই,কুখ্যাত তেইল্ল্যাছোরার ফাসি চাই,We want the notorious cockroach hanged,negative,Drama,test
তেলাপোকা তরকারি নষ্ট করে,তেইল্ল্যাছোরা ছালন নষ্ট গরে,Cockroaches spoil vegetables,negative,Social Media,test
টং দোকানে চা খাওয়াতে হব,টং দোকানত চা হাবাইত অইব্যু,Have to drink tea at the tong shop,neutral,Social Media,train
সত্যি কথা হল আমরা দানবীর,সত্যি হথা অইল অ্যাঁরা দানবীর,The truth is we are philanthropists,positive,Conversation,train
গিরগিট দেখলে আমরা বলতাম,টোট্টেং চ্যাঁইলে অ্যাঁরা হইতাম,We would say if we saw a chameleon,neutral,Conversation,val
ফুটবলে আমরা গলা ফাটিয়ে ফেলি,ফুটবলত অ্যাঁরা গলা ফাডাই ফেল্যাই,We shout our lungs out in football.,positive,Conversation,train
স্পেন জার্মানি নিয়ে গেছে,স্পেন জার্মানি লইয়্যে গেইয়্যে,Spain has taken Germany,positive,Conversation,train
কোরবানির আগে বাড়িতে যাচ্ছি,কোরবাইন্না আগে বাড়িত যাইরগুই,Going home before Eid al-Adha,neutral,Drama,test
মাছের খেতে গেছে,মাছের হাইতে গেইয়্যে,Gone to the fish farm,neutral,Drama,train
তোর ছেলে আমাকে যে বিরক্ত করে,তুঁর ফোয়া অ্যাঁরে যে বিরক্ত গরে,Your son bothers me,negative,Social Media,val
মাথা গরম হয়ে যায়,মাতা গরম অই যায়,My head gets hot,negative,Social Media,train
তোর দিকে দেখে না,তুঁর মিক্কে ন চ্যাঁই,He does not look at you,negative,Conversation,train
কি হয়েছে বলবি তো,কি হইয়্যে হবি তো,Will you tell me what happened,neutral,Conversation,train
আমার খুব কষ্ট করে,অ্যাঁর বহুত কষ্ট গরে,I am having a very difficult time,negative,Conversation,val
গরিব সবার জুম্মার দিন,গরিব বেজ্ঞুনের জুম্মার দিন,Friday for all the poor,positive,Conversation,train
তোমার ছেলে বেশি সায়ানা হয়ে গেছে,তোঁয়ার ফোয়া বেশি সিয়ানা অই গেইয়্যে,Your son has become too clever,positive,Drama,val
এতো কষ্ট করে টাকা খরচ করে লাভ কি,এদ্দুর কষ্ট গরে টিঁয়া খরচ গরে ফায়দা কি,What is the point of spending so much money and effort,negative,Drama,train
কোথায় যাবো তোমার মেয়েকে নিয়ে,হডে যাইয়্যুম তোঁয়ার মাইয়্যারে লইয়্যে,Where will I go with your daughter,neutral,Social Media,train
আমার জন্য পিঠা নিয়ে এসেছিস,অ্যাঁর লাই পিডা লই আইচ্চুস,You have brought pitha for me,positive,Social Media,train
আমরা বাড়িতে যাবো না,অ্যাঁরা বাড়িত ন যাইয়্যুম,We will not go home,negative,Conversation,train
হঠাৎ করে এসেছিস তোরা,আতিক্কে গরে আইচ্চুস তুঁরা,Suddenly you all have come,neutral,Conversation,train
আমি খেজুর খাই না,অ্যাঁই খাজুর ন হাঁই,I do not eat date,negative,Conversation,val
তোমরা খেজুর রস খাওয়ার জন্য,তোঁয়ারা খাজুর রস হাওনর লাই,You all for drinking date juice,neutral,Conversation,train
আমার খেজুর রস ভাল লাগে না,অ্যাঁর খাজুর রস গম ন লার,I do not like date juice,negative,Drama,train
যাবো না আরও বলবো,ন যাইয়্যুম আরও হইয়্যুম,I would not go i will say more.,negative,Drama,val
গরমের সময় খেজুর রস কোথায় পাবো,গরমর সমত খাজুর রস হডে পাইয়্যুম,Searching for land brokers pigeon traders,neutral,Social Media,train
আমি পেঁপে খাই না,অ্যাঁই কৈইয়া না হাঁই,Searching for land brokers pigeon traders,neutral,Social Media,train
পাখা দিয়ে বাতাস কর,পাখা দি বাতাস গর,I do not eat papaya,negative,Conversation,test
কাদায় যাবো না আমি,ফ্যাকত ন যাইয়্যুম অ্যাঁই,I will not go to Kadya,negative,Conversation,train
ভাত নেই ঘরে,ভাত নাই ঘরত,There is no rice at home,negative,Conversation,train
আমি শালা তুই শালা,অ্যাঁই আলা ন তুঁই আলা,I am brother in law you are brother in law,negative,Conversation,train
আমলকী তোমার জন্য,আলতি তোঁয়ার লাই,Amloki is for you,positive,Drama,train
সবার আমলকী ভাল লাগে,বেজ্ঞুনের আলতি গম লার,Everyone likes amla,positive,Drama,train
কামরাঙ্গার গাছে কামরাঙ্গা,হউরোর গাছেত হউরো,Star fruit on the star fruit tree,neutral,Social Media,train
তোকে আমলকী দেওয়ার জন্য এসেছি,তোঁরে অলতি দিবের লাই আইসসি,I came to give you amloki,positive,Social Media,train
সেটি আমার ভাই সবাই জানে,ইয়ান অ্যাঁর বদ্দা বেজ্ঞুনে জানে,Everyone knows that he is my brother,neutral,Conversation,train
তোমার মেয়েকে জিজ্ঞাসা কর সেটি,তোঁয়ার মাইয়্যারে পুঁছর গর ইয়ান,Ask your daughter that,neutral,Conversation,train
আমার পাখি নেই,অ্যাঁরা ফাখি নাই,I do not have a bird,neutral,Conversation,train
ফুটানি কেন করিস তুই,ফুডনি কিল্লাই গরিস তুঁই,Why are you showing off,negative,Conversation,train
কোথায় থেকে ফুটানি এটি তোর,হডে তুন ফুডনি ইবে তুঁর,Where is this attitude coming from of yours,negative,Drama,train
আমাকে বেইজ্জত করার জন্য,অ্যাঁরে বেজ্জ্যুত গরিবের লাই,To humiliate me,negative,Drama,test
আমার কাছে কেরাসিনর গাড়ির ধৌঁয়ার গন্ধ গরম লাগে,অ্যাঁর হাছে কেরাসিনর গাড়ির ধৌঁয়ার গন্ধ গরোম লার,To me the smell of smoke from a kerosene vehicle feels hot,negative,Social Media,train
আমাকে মারবে আমি মাইর খেয়ে চুপ থাকবো না,অ্যাঁরে মারিব্যু অ্যাঁই মাইর হাই চুপ ন থাইক্কুম,f someone hits me I will not stay silent after getting beaten,negative,Social Media,train
আমার গলা ফেটে যায়,অ্যাঁর গলা ফাডি যায়,My throat is bursting,negative,Conversation,train
আমি পানি খাবো আমার,অ্যাঁই পানি হাইয়্যুম অ্যাঁর,I want to drink water,neutral,Conversation,train
একটা ছিল রাজা,এক্কান আইসসিল রাজা,There was a king,neutral,Conversation,train
একটা ছিল রানী,উজ্ঞো আইসসিল রানী,There was a queen,neutral,Conversation,train
রাজা রানী একটা বড় বাড়িতে থাকে,রাজা রানী উজ্ঞো ডঁর বাড়িত থাহে,The king and queen live in a big house,neutral,Drama,train
সুখে থাকতে ভূতে কিলায় বাংলায় প্রবাদ আছে,সুখত থাইতে ভূতে কিলায় বাংলাত প্রবাদ আছে,When you are happy a ghost pinches,negative,Drama,val
সংসারে কিছু মানুষ আছে তারা সুখে থাকতে চায় না,সংসারত কিসু মানুষ আছে ইতারা সুখত থাইতে ন চায়,In the world there are some people who do not want to stay happy,negative,Social Media,train
এটি আমার বন্ধু পটলের জন্য বিশেষভাবে প্রযোজ্য,ইবে অ্যাঁর বন্ধু পটলার লাই বিশেষভাবে প্রযোজ্য,This is especially applicable to my friend Potol,neutral,Social Media,train
নিজে তো সুখে থাকতে পারে না বাকি সবাইকে জ্বালায়,নিজে তো সুখে থাকতে ফারে বাকি অক্কলরে জ্বালাত,They can not be happy themselves and bother everyone else,negative,Conversation,train
যেমন করে হোক করবি,যেন গরে হোক গরিবে,I will do it somehow any means necessary,positive,Conversation,train
আমরা মানে আমি পটল হোঁৎকা ফটিক মেট্রিক পরীক্ষা দিয়ে বাড়িতে যাবো,অ্যাঁরা মানে অ্যাঁই পটলা হোঁৎকা ফটিক মেট্রিক পরীক্ষা দি বাড়িত যাইয়্যুম,We meaning me potol hontka fotik will go home after giving the metric exam,neutral,Conversation,train
কেমন হবে মামার কুমড়োর ব্যবসা,ক্যান অইব্যু মামার অরির ব্যবসা,How will uncle pumpkin business be,positive,Conversation,train
এখন বিদেশে ও কুমড়োর ব্যবসা করবে,এহন বিদেশেত ও অরির ব্যবসা গরিবে,Now he will do pumpkin business abroad too,positive,Drama,train
গোবরা দেশ ঘুরে ঘুরে কুমড়ো ব্যবসা করবে,গোবরা দেশ ঘুরি ঘুরি অরির ব্যবসা গরিবে,Gobra will travel around the country doing pumpkin business,neutral,Drama,train
কুমড়োর জন্য পারবে না,অরির লাই ন ফাইত্তে,Will not be able to for the pumpkin,negative,Social Media,train
অ্যাঁরা ইতারে সান্তনা দেই,আমরা তাকে সান্তনা দি,They comfort him,neutral,Social Media,train
পটল মধ্যে করেছে জঙ্গলে যাবে,পটল মাজে গইজ্জে জঅলত যাইব্যু,Potol did in between will go to the jungle,neutral,Conversation,train
পটলা বন জঙ্গল নিয়ে লেখাপড়া শুরু করে দিয়েছে,পটল বন জঙ্গল লইয়্যে লেয়াপড়া শুরু গরে দিইয়্যি,Potla has started studying about forest jungle,positive,Conversation,train
অরণ্যই হল আজকের থেকে আমার পৃথিবীর মানুষ পারে এই বন জঙ্গল,অরণ্যই অইল আজিয়ের তুন অ্যাঁর পৃথিবীর মানুষ ফারে এই বন জঙ্গল,From today the forest is my world and people can preserve this forest and jungle,positive,Conversation,train
গাছই মানুষের আসলে বন্ধু,গাছই মাইনসের আইলে বন্ধু,Trees are truly peoples friends,positive,Conversation,train
কিছু মানুষ খারাপ কাজের জন্য জঙ্গল পরিস্কার করা শুরু করেছে,কিসু মানুষ হারাপ কামের লাই জঙ্গল সাফ গরা শুরু গইজ্জে,Some people have started clearing the jungle for bad deeds,negative,Drama,train
সে ভাষণ দেয়া শুরু করেছে,ইতে ভাষণ দন শুরু গইজ্জে,He started giving a speech,neutral,Drama,train
আমরা কথা মন দিয়ে না শুনলে,অ্যাঁরা হথা মন দি ন হুনিলে,If we do not listen attentively,negative,Social Media,train
আমরা কান দিয়ে ভান করি,অ্যাঁরা হান দি ভান গরি,We pretend with our ears,negative,Social Media,train
কারণ সে আমাদের বন্ধু,হারণ ইতে অ্যাঁরার বন্ধু,Because he is our friend,positive,Conversation,train
টাকা নেই টাকার বাক্সও নেই,টিঁয়া ও নাই টিঁয়ার বাক্সও নাই,No money no money box either,negative,Conversation,train
মেয়ের মায়ের লাঠির বারি,মাইয়্যার মার লাডির বারি,The girls mother's stick beat,negative,Conversation,train
কে কে খায় নি,কেডা কেডা ন হায়,Who has not eaten,neutral,Conversation,train
লিচু গাছে ঢিল মেরে,লিচু গাছত ডিঁয়া মারি,Throwing stones at the litchi tree,neutral,Drama,train
কিছু লিচু পেয়েছো তোমারা,কিসু লিচু ফাইয়্যু তোঁয়ারা,Did you all get some litchis,positive,Drama,train
লিচু গাছে ঢিল মেরে কী পাবে,লিচু গাছেত ডিঁয়া মারি কী ফাইবে,What will you get by throwing stones at the litchi tree,neutral,Social Media,train
শুধু শুধু মায়ের লাঠির বারি খাবে,উধে উধে মার লাডির বারি হাইব্যু,You' will just get hit by your mother's stick for no reason,negative,Social Media,test
আমার মাকে তোমার দুঃখ বল,অ্যাঁর মারে তোঁয়ার দুক হ,Tell your sorrow to my mother,neutral,Conversation,train
বলতে যাবো আমি তোকে,হইতে যাইয়্যুম অ্যাঁই তোঁরে,I will go and tell you,neutral,Conversation,train
চিত হয়ে পড়ে যাবো,চিত অই ফড়ি যাইয়্যুম,I will fall flat on my back,negative,Conversation,train
বড় বাড়ির একমাত্র বংশ,ডঁর বাড়ির একমাত্র খান্দান,The only lineage of the big house,positive,Conversation,test
বাবা কাকার নামে দুইটি কারখানা,বাপ কাকার নামে দুয়ো কারখানা,Two factories in the name of father uncle,neutral,Drama,train
ঠাকুমার নামে এলাকায় বড় বাজার আছে,ঠাকুমার নামে এলাহাত ডঁর বাজার আছে,There is a big market in the area in the name of grandmother,positive,Drama,val
ওর ঠাকুমা প্রতিদিন আমাদের ডেকে গোপালের ভোগ দেয়,ইতার ঠাকুমা ফত্তিন অ্যাঁরার ডাহি গোপালের ভোগ দে,His grandmother calls us every day and offers food to Gopal,positive,Social Media,train
কিশমিশ দিয়ে ছোলার ডাল কে খায়,কিশমিশ দি ছোলার ডাইল কেডা হায়,Who eats cholar dal with raisins,neutral,Social Media,val
তার দয়াতে পটলের হাতে আসে,ইতার দয়াত পটলার আঁতত অ্যাইয়ে,By his kindness potol gets in hand,positive,Conversation,train
এর জন্য আমরা পটলকে বানিয়েছিস,ইতার লাই অ্যাঁরা পটলারে বানাইয়্যুস,For this we have made potol,positive,Conversation,train
ফটিক আমাদের সাংস্কৃতিক সম্পাদক,ফটিক অ্যাঁরার সাংস্কৃতিক সম্পাদক,Fotik is our cultural secretary,positive,Conversation,test
লেখাপড়ার ওস্তাদজির কাছে গান শিখ,লেয়াপড়ার ওস্তাদজির হাছে গান শিক,Learn songs from the studies master,positive,Conversation,train
রবীন্দ্রসঙ্গীত স্কুলের বাৎসরিক অনুষ্ঠানে,রবীন্দ্রসঙ্গীত স্কুলর বাৎসরিক অনুষ্ঠানত,Rabindrasangeet school's annual program,neutral,Drama,train
বাড়িত হারমোনিয়াম নিয়ে তা না নানা করে,বাড়িত হারমোনিয়াম লইয়্যে তা না নানা গরে,Took the harmonium home and sang ta na na na,neutral,Drama,train
তার ওস্তাদ তাকে শিখিয়েছে,ইতার ওস্তাদ ইতারে শিকাইয়্যে,His master taught him,positive,Social Media,train
কথা অনেক রকম সুর দিয়ে তাল দিয়ে,হথা বহুত রকম সুর দি তাল দি,Words with many kinds of melodies and rhythms,positive,Social Media,train
ঘনশ্যাম কোথায় গেল,ঘনশ্যাম হডে গেইল্যো,Where did ghanshyam go,neutral,Conversation,train
ফটিক বলেছে লাইন শিখিয়েছে মাস পরে,ফটিক হদ্দে লাইন শিকাইয়্যে মাস ফরে,Fatik said he taught the lines after a month,positive,Conversation,train
যেখানে মন চায় যেতে দে,যেডে মন চায় যাইতাম যে,Let him go wherever his heart desires,positive,Conversation,train
তোর আর দরকার নেই,তুঁর অ্যাঁর দরহার নাই,You are no longer needed,negative,Conversation,train
তোমরা বন পাহাড় ঘুরে যাবে,তোঁয়ারা বন মুরা ঘুরি যাইব্যু,You will travel through forests and hills,neutral,Drama,val
দেখবে কেমন বন চোখ জুড়িয়ে যাওয়া সবুজ,চ্যাঁইবে ক্যান বন চুখ জুড়াই যন সবুজ,You will see how the forest has a captivating green that soothes the eyes,positive,Drama,train
সাতশো পাহাড় দেখব এজন্য ভয় লাগে,সাতশো মুরা দেইক্ষুম এতেল্লেই ডর লার,I am afraid because I will see seven hundred hills,negative,Social Media,train
আজকেও পর্যন্ত আমি পাহাড় দেখি নি,আজিয়েও পইযুন্ত অ্যাঁই মুরা ন চ্যাঁই,Even today I have not seen a hill,neutral,Social Media,train
এসে তুই দেখে যা আমাকে,আই তুঁই চ্যাঁই যা অ্যাঁরে,Come and see me,positive,Conversation,test
দেওঘরের ত্রিকূট পাহাড় পালকি নিয়ে,দেওঘরের ত্রিকূট মুরা পালকি লইয়্যে,Deoghars Trikut hill with a palanquin,neutral,Conversation,train
কাঠুরিয়া আজকে বনে গাছ কাটার জন্য,কাঠুরিয়া আজিয়ে বনত গাছ কাডার লাই,The woodcutter went to the forest today to cut trees,neutral,Conversation,train
কিন্তু সে গাছ না কেটে মন খারাপ করে শুয়ে থাকে,কিন্ত ইতে গাছ ন হাডি মন হারাপ গরে লেডি থাহে,But instead of cutting trees he lies down feeling sad,negative,Conversation,train
ভনভন করে উড়ে যায় মৌমাছি,ভনভন গরে উড়ি যায় মধুপুক,Bees fly with a buzzing sound,neutral,Drama,train
সে কাঠুরিয়ার মন খারাপ করে শুয়ে থাকতে দেখে,ইবা কাঠুরিয়ার মন হারাপ গরে লেডি থাইতে চ্যাঁই,He saw the woodcutter lying sadly,negative,Drama,train
তোমরা এমন করে শুয়ে আছো না কেন,তোঁয়ারা এন গরে লেডি আছো না কিল্লাই,Why are you lying down like that,neutral,Social Media,train
কাঠুরিয়া বলে ভাই মৌমাছি আমি খুব গরিব মানুষ,কাঠুরিয়া কইয়্যরে বদ্দা মধুপুক অ্যাঁই বহুত গরিব মানুষ,The woodcutter says brother bee I am a very poor man,negative,Social Media,train
কুঠার এটি আমার সম্বল,কুঠার ইবে অ্যাঁর সম্বল,The axe is my only possession,positive,Conversation,train
বন থেকে গাছ কেটে লাকড়ি করি,বন তুন গাছ হাডি লাকড়ি গরে,I cut trees from the forest to make firewood,neutral,Conversation,test
দোকানে দাঁত মুখে সংসার চালায়,দোকানত সাত মুকের সংসার চালাই,He runs his family by working hard at the shop,positive,Conversation,train
আজকে এসেছি গাছ কাটার জন্য,আজিয়ে আইচ্ছি গাছ কাডার লাই,Today I came to cut trees,neutral,Conversation,train
কিন্তু আমি গাছ কাটা শুরু করার আগে বনে গাছের দিকে ভাল করে দেখি,কিন্ত অ্যাঁই গাছ কাডা শুরু গরিবের আগে বনত গাছর মিক্কে গম গর চ্যাঁই,But before I start cutting trees I look closely at the trees in the forest,neutral,Drama,train
দেখলাম কোন গাছে ফুল এসেছে,দেইক্কি হোন গাছেত ফুল আইসসে,I saw which trees had bloomed,positive,Drama,train
কোন গাছে আবার ফলও এসেছে,হোন গাছেত আবার ফলও আইসসে,And some trees have even borne fruit,positive,Social Media,train
পাখিরা বসে বসে মনের সুখে গান করে,ফাখিরা বৈ বৈ মনর সুখত গান গরে,Birds sit and sing to their heart's content,positive,Social Media,train
গাছে মৌমাছি মধুর চাক বেধেছে,গাছেত মধুপুক মধুর চাক বাইদ্ধে,Bees have built honeycombs in the trees,positive,Conversation,train
দেখে আমি চিন্তায় পড়ে গেলাম,চ্যাঁই অ্যাঁই চিন্তাত ফড়ি গেলাম,Seeing that I fell into thought,negative,Conversation,train
অনেকক্ষণ ধরে শুয়ে শুয়ে চিন্তা করছি আমি,বহুতক্ষণ ধরি লেডি লেডি চিন্তা গইজ্জি অ্যাঁই,I have been lying here thinking for a long time,neutral,Conversation,train
কিন্তু কোন সিধান্ত নিতে পারি না,কিন্ত হোন সিধান্ত লইত ন পারি,But I can not make a decision,negative,Conversation,train
আর গাছ কেটে লাকড়ি করতে না পারলে,আর গাছ হাডি লাকড়ি গরিত ন পারিলে,And if I can not cut trees for firewood,negative,Drama,train
পরিবারে সবাইকে খালি পেটে থাকতে হবে,পরিবারত অক্কলরে হাইল্ল্যা পেটেত থাইতে অইব্যু,Everyone in the family will have to go hungry,negative,Drama,train
কি যে আমি করবো এখন,কি যে অ্যাঁই গইজ্জুম এহন,What will I do now,neutral,Social Media,test
কাঠুরিয়ার কথা শুনে মৌমাছি মায়া হল,কাঠুরিয়ার হথা শুনি মধুপুক মায়া অইল,Hearing the woodcutter's words the bee felt pity,positive,Social Media,train
তোমার কষ্টের কথা শুনে আমার খুব খারাপ লাগে,তোঁয়ার কষ্টর হথা শুনি অ্যাঁর বহুত হারাপ লার,Hearing about your pain makes me feel very bad,negative,Conversation,train
এই বনে অনেক হিংস্র প্রাণি আছে,এই বনত বহুত হিংস্র প্রাণি আছে,There are many ferocious animals in this forest,negative,Conversation,train
তোমার বিপদ হতে পারে,তোঁয়ার বিপদ অইত ফারে,You might be in danger,negative,Conversation,train
তোমার তো ভয় লাগে না,তোঁয়ার তো ডর ন লার,You do not get scared,neutral,Drama,train
ক্ষুধা কষ্ট নেই আমার আর,ভুগ কষ্ট নাই অ্যাঁর আর,I no longer have hunger from hunger,positive,Drama,train
যেকোন সময় তোমার বিপদ হতে পারে,যেকোন সমত তোঁয়ার বিপদ অইত ফারে,You could be in danger at any time,negative,Social Media,train
তোমার ভয় লাগে না কেন,তোঁয়ার ডর ন লার কিল্লাই,You do not get scared,negative,Conversation,train
এজন্য জানের মায়া ছেড়ে এসেছি,এতেল্লেই জানর মায়া ছাড়ি আইচ্ছি,That is why I came leaving the attachment to life,negative,Conversation,test
আমি গাছ কোথায় লাগাবো,অ্যাঁই গাছ হডে লাগাইয়্যুম,Where will I plant trees,neutral,Conversation,train
এমন কথা শুনে আমি চুপ,এন হথা শুনি অ্যাঁই চুপ,Hearing such words I am silent,neutral,Conversation,train
মৌমাছি একটা ধমক দিয়ে বলল,মধুপুক উজ্ঞো ধমক দি হইলো,The bee scolded and said,negative,Drama,train
শুনে কাঠুরিয়া আর কোনদিন গাছ কাটে না,শুনি কাঠুরিয়া আর হোনদিন গাছ ন কাডে,Hearing that the woodcutter never cuts trees again,positive,Drama,train
কি ক্ষতি হবে তোমরা জানো না,কি ক্ষতি অইব্যু তোঁয়ারা ন জানো,You do not know what harm will come,negative,Social Media,train
বন উজার হয়ে যাবে,বন উজার অই যাইব্যু,The forest will be destroyed,negative,Social Media,val
আমরা চাক কোথায় বাধবো,অ্যাঁরা চাক হডে বাইন্দুম,Where will we build a beehive,neutral,Conversation,test
পশু পাখি আমরা কোথায় থাকবো,পশু পাখি অ্যাঁরা হডে থাইক্কুম,Animals and birds where will we stay,negative,Conversation,test
গাছ না থাকলে তোমার অবস্থা হবে,গাছ ন থায়লি তোঁয়ার কি অবস্থা অইব্যু,If there are no trees your condition will be,negative,Conversation,test
আমরা তো তোমাদের মত গাছে থাকবো না,অ্যাঁরা তো তোঁয়ারার নান গাছেত ন থাইক্কুম,We would not live in trees like you,neutral,Conversation,train
আমাদের আবার কি হবে,অ্যাঁরার আবার কি অইব্যু,What more could happen to us,neutral,Drama,train
কি হবে মানে মরে যাবে,কি অইব্যু মানে মরি যাইব্যু,What will happen means die,negative,Drama,train
আমি জানি গাছ আমাদের সেরা বন্ধু,অ্যাঁই জানি গাছ অ্যাঁরার সেরা বন্ধু,I know trees are our best friends,positive,Social Media,train
গাছ আমাদের জীবন বাঁচায়,গাছ অ্যাঁরার জীবন বাঁচায়,Trees save our lives,positive,Social Media,val
গাছ কেটে লাকড়ি করে সে,গাছ হাডি লাকড়ি গরে ইতে,He cuts trees and makes them into firewood,neutral,Conversation,train
কিন্তু সবাই তো আমার মত গরিব না,কিন্তু বেজ্ঞুনে তো অ্যাঁর নান গরিব ন,But not everyone is poor like me,negative,Conversation,val
তারা তো গাছের দিকে ফিরেও না,ইতারা তো গাছর মিক্কে ফিরিও ন,They do not even look back at the trees,negative,Conversation,train
অক্সিজেন নামে একটি গ্যাস আছে,অক্সিজেন নামে উজ্ঞো গ্যাস আছে,There is a gas called oxygen,positive,Conversation,train
এই গ্যাস ছাড়া আমরা বাঁচতে পারি না,এই গ্যাস ছাড়া অ্যাঁরা বাঁচিত ন পারি,We cannot live without this gas,negative,Drama,train
শ্বাস নেয়া সময় এই গ্যাস আমরা নেবো,শ্বাস লন সমত এই গ্যাস অ্যাঁরা লইইয়্যুম,We will take this gas while breathing,positive,Drama,train
আর এই অক্সিজেন কে দেয় জানিস,আর এই অক্সিজেন কেডা দে জানোস,Do you know who gives this oxygen,positive,Social Media,train
এই গাছ দেয় অক্সিজেন,এই গাছ দে অক্সিজেন,Trees provide this oxygen,positive,Social Media,train
সব গাছ যদি রাগ করে অক্সিজেন দেওয়া বন্ধ করে দেয়,হক্কল গাছ যদি গুসসা গরে অক্সিজেন দিবে বন্ধ গরে দে,If all trees get angry and stop giving oxygen,negative,Conversation,test
ধনি গরিব কোন কথা নেই,পওসাওয়ালা ফইর হোনো হথা নাই,Rich or poor does not matter.,positive,Conversation,train
সবাই মরে থাকবে,বেজ্ঞুন মরি থাইব,Everyone will die,negative,Conversation,train
জীবন বাঁচিত গাছের প্রয়োজন,জীবন বাঁচতে গাছর প্রয়োজন,Trees are necessary to save life,positive,Drama,val
কুঠার ফেলে দিয়ে কাঠুরিয়া রাগ হয়ে বলল,কুঠার ফেলায় দি কাঠুরিয়া গুসসা অই হইলো,The woodcutter threw down the axe and said angrily,positive,Drama,train
আমার তো বুঝা শেষ আমার,অ্যাঁর তো বুজা শেষ অ্যাঁর,I have understood everything my,neutral,Social Media,train
কিন্তু গাছ না কাটলে আমার বড় সংসার কেমন করে চলবে,কিন্ত গাছ ন কাডিলে অ্যাঁর ডর সংসার ক্যান গরে চলিবু,But if I do notcut trees how will my large family manage,negative,Social Media,train
না খেয়ে মরবি না তুই,ন হাই ন মরিবি তুঁই,You woukd not die without eating,negative,Conversation,train
সারাজীবন ভালো করে বেঁচে থাকতে জন্য তোমার তো ভাল কাজ করতে হবে,গুডাজীবন গম গরে বাঁচি থাইতে লাই তোঁয়ার তো গম কাম গরিতে অইব্যু,To live well your whole life you must do good deeds,positive,Conversation,train
কি কাজ করতে হবে আমাকে,কি কাম গরিতে অইব্যু অ্যাঁরে,What work should I do,neutral,Conversation,train
প্রতিদিন তোমাকে দুইটি করে গাছের চারা এনে বনে লাগাতে হবে,ফত্তিন তোঁয়ারে দুয়ো গরে গাছর চারা আনি বনত লাগুন অইব্যু,You have to bring and plant two tree saplings in the forest every day,positive,Conversation,val
আমার কি লাভ তোর কি লাভ আমি জানি না,অ্যাঁর কি ফায়দা তুঁর কি ফায়দা অ্যাঁই ন জানি,I do not know what my gain is or what your gain is,negative,Drama,train
আমারা সবাই ভাল করে জানি তোকে,অ্যাঁরা বেজ্ঞুনে গম গরে জানি তুঁরে,We all know you very well,neutral,Drama,train
তোমরা আমার কথা রাখো দেখা যাবে,তোঁয়ারা অ্যাঁর হথা রাহ দেহা যাইব্যু,You all listen to me,neutral,Social Media,train
পরে দেখা যাবে কি করা যায়,ফরে দেহা যাইব্যু কি গরা যার,We will see later what can be done,neutral,Social Media,train
কাঠুরিয়া ঘাড় চুলকাতে চুলকাতে বাড়িতে গেছে,কাঠুরিয়া ঘাড় হাজ্জইতে হাজ্জইতে বাড়িত গেইয়্যে,The woodcutter went home scratching his head,neutral,Conversation,train
কাঠুরিয়া মাথায় করে দুইটি চারা এনে দিইয়্যি,কাঠুরিয়া মাতাত গরে দুয়ো চারা আনি দিইয়্যি,The woodcutter brought two saplings on his head,positive,Conversation,train
বনে সবাই খুশি হয়ে গেছে,বনত বেজ্ঞুনে খুশি অই গেইয়্যে,Everyone in the forest became happy,positive,Conversation,train
কাঠুরিয়াকে অনেক ধন্যবাদ দিয়েছি,কাঠুরিয়ারে বহুত ধন্যবাদ দিয়্যি,Thanked the woodcutter a lot,positive,Conversation,train
সময় কোথায় থেকে ভন ভন করে,সমত হডে তুন ভন ভন গরে,Where does the sound of bhon bhon come from,neutral,Drama,train
সে কাঠুরিয়ার হাতে পাতা আধা কেজি মধু তুলে দিয়ে বলল,ইতে কাঠুরিয়ার আঁতত পাতা আধা কেজি মধু তুলি দি হইলো,He handed half a kilogram of honey to the woodcutter and said,positive,Drama,train
এই নাও তোমার পুরস্কার এটি,এই ল তোঁয়ার পুরস্কার ইবে,Here take your reward this is it,positive,Social Media,test
প্রতিদিন এমন করে তুই গাছ লাগালে বন বেঁচে,ফত্তিন এন গরে তুঁই গাছ লাগাইলে বন বাঁচি,If you plant trees like this every day the forest will survive,positive,Social Media,train
আমরাও মধু দিয়ে তোমাকে বেঁচে,অ্যাঁরাও মধু দি তোঁয়ারে বাঁচি,We will also save you by giving you honey,positive,Conversation,test
আর এই সবুজ বন বাঁচাবে আমাদেরকে,আর এই সবুজ বন বাঁচাইবে অ্যাঁরারে,And this green forest will save us,positive,Conversation,train
মধু দেখে কাঠুরিয়া খুশিতে টগবগ করতে লাগে,মধু চ্যাঁই কাঠুরিয়া খুশিত টগবগ গরিতে লার,Seeing the honey the woodcutter became overjoyed with happiness,positive,Conversation,val
কাঠুরিয়া প্রতিদিন কুঠারের বদলে চারাগাছ নিয়ে বনে যেত,কাঠুরিয়া ফত্তিন কুঠারর বদল চারাগাছ লইয়্যে বনত যাইত্যু,Instead of an axe the woodcutter went to the forest with saplings every day,positive,Conversation,train
আর যাবার সময় মূল্যবান মধু,আর যায়বের সমত মূল্যবান মধু,And while leaving valuable honey,positive,Drama,train
এ মধু দোকানে দিয়ে তার সংসার চলল,এ মধু দোকানত দি ইতার সংসার চলিলো,He ran his household by selling this honey at the shop,positive,Drama,train
বনের গাছপালা পাখি আর মৌমাছি কাঠুরিয়ার বন্ধু হয়ে গেছে,বনর গাছপালা ফাখি আর মধুপুক কাঠুরিয়ার বন্ধু অই গেইয়্যে,The forest plants birds and bees have become friends of Kathuria,positive,Social Media,train
গল্পের মৌমাছি আমাদেরকে শিক্ষা দেয়,গফের মধুপুক অ্যাঁরারে শিক্ষা দে,The story bee teaches us,positive,Social Media,train
গাছ কাটা বন্ধ করা দরকার,গাছ কাটা বন্ধ গরা দরহার,Stopping tree cutting is necessary,positive,Conversation,train
আমাদের সচেতনতা খুব বেশি দরকার,অ্যাঁরার সচেতনতা বহুত বেশি দরহার,Our awareness is very much necessary,positive,Conversation,train
আর এটি হলেই আমাদের সম্পদ বাড়াবো,আর ইবে অইলেই অ্যাঁরার সম্পদ বাড়াইয়্যুম,And if this happens we will increase our wealth,positive,Conversation,train
এমন করে পরিবেশও সুন্দর হবে,এন গরে পরিবেশও সুন্দর অইব্যু,By doing so the environment will also be beautiful,positive,Conversation,train
একটা রাজার খুব অসুখ হল একদিন,উজ্ঞো রাজার বহুত অসুখ অইল একদিন,One day a king became very sick,negative,Drama,train
তাবিজ কবচ ওঝা বৈদ্য ডাক্তার কবিরাজ সব করা শেষ,তাবিজ কবচ ওঝা বৈদ্য ডাক্তার কবিরাজ হক্কল গরা শেষ,Amulet armor ojha vaidya doctor kabiraj all done,negative,Drama,train
সারাদিন চুপ করে বসে থাকে রাজা,গুডাদিন চুপ গরে বৈ থাহে রাজা,The king sits quietly all day,positive,Social Media,train
সময় কাটে না নিঃসন্তান রাজার,সমত ন কাডে নিঃসন্তান রাজার,The childless king does not pass time,negative,Social Media,train
একদিন কোতোয়াল এসে রাজাকে বলল,একদিন কোতোয়াল আই রাজারে হইলো,One day the police chief came and told the king,neutral,Conversation,test
লক্ষণ তো ভাল লাগে না আমার কাছে,লক্ষণ তো গম ন লার অ্যাঁর হাছে,The symptoms do not seem good to me,negative,Conversation,train
চিকিৎসা টিকিৎসা রাহি সৃষ্টিকর্তার সন্তুষ্টির জন্য মন দিয়ে ইবাদত বন্দেগীতে মন দিতে হবে,চিকিৎসা টিকিৎসা রেখে সৃষ্টিকর্তার সন্তুষ্টির লাই মন দি ইবাদত বন্দেগীত মন দন অইব্যু,Treatment prayers for the satisfaction of the creator must be done with devotion and worship,positive,Conversation,test
মন্ত্রী এসেছে রাজার ঘরে আজকে,মন্ত্রী আইসসে রাজার ঘরত আজিয়ে,The minister has come to the kings house today,positive,Conversation,train
প্রণাম করে ঠোঁট বাঁকিয়ে বলল,প্রণাম গরে ঠোঁট বাকাইয়ে হইলো,Bowing he said with a twisted lip,neutral,Drama,train
আপনার অসুস্থতার কথা শুনে রাজ্য অসুস্ত হয়ে গেছে,অনের অসুস্ততার হথা শুনি রাজ্য অসুস্থ অই গেইয়্যে,Hearing about your illness the kingdom has become unwell,negative,Drama,train
এখন রাজ্য এটি শাসন করবে কে,এহন রাজ্য ইবে শাসন গরিবে কেডা,Now who will rule this kingdom,negative,Social Media,train
এমন করে আর কত দিন চলবে,এন গরে আর হতো দিন চলিবু,How long will this go on like this,negative,Social Media,train
সে রাজাকে প্রণাম না করে বলল,ইতে রাজারে প্রণাম ন গরে হইলো,He spoke without greeting Raja,negative,Conversation,train
রাজা আপনি যদি যদি অসুখ ক্লান্ত হয়ে মুখ বেজার করে পড়ি থাকলে,রাজা অনে যদি অসুখ ক্লান্ত অই মুক বেজার গরে ফরি থায়লি,If King you are sick and tired and look weary,negative,Conversation,train
তাহলে রাজ্য চলবে কেমন করে,তইলি লাজ্য কেনে চলিবু,Then how will the kingdom run,negative,Conversation,train
আপনি সুস্থ এমন কোন লক্ষণ দেখি না,অনে সুস্থ এন হোন লক্ষণ ন চ্যাঁই,I do not see any sign of you being healthy,negative,Conversation,test
দিন দিন প্রজার মন ভেঙ্গে যাচ্ছে,দিন দিন প্রজার মন ভাঙি যার,Day by day the subjects’ spirits are breaking,negative,Drama,val
যে কোন সময় বিশৃঙ্খলা শুরু হতে পারে,যে হোন সমত বিশৃঙ্খলা শুরু অইত ফারে,At any time disorder can begin,negative,Drama,train
সবাইকে সামাল দেওয়া কঠিন হয়ে যাবে,অক্কলরে সামাল দিবে কোদিন অই যাইব্যু,It will become difficult to manage everyone,negative,Social Media,test
আপনি তো জীবিত থাকতে ও মৃত রাজা,অনে তো জীবিত থাইতে ও মৃত রাজা,You are a dead king even while alive,negative,Social Media,train
প্রজার জন্য নতুন রাজার নাম ঘোষণা দেয়া দরকার,প্রজার লাই নয়া রাজার নাম ঘোষণা দন দরহার,It is necessary to announce the name of a new king for the subjects,positive,Conversation,train
আপনি সম্মতি দিলে আমরা কাজ শুরু করবো,অনে সম্মতি দিলে অ্যাঁরা কাম শুরু গইজ্জুম,If you agree we will start the work,neutral,Conversation,train
রাজা বলল আচ্ছা আমি দেখব,রাজা হইলো আচ্ছা অ্যাঁই দেইক্ষুম,The king said okay i will see,positive,Conversation,train
নতুন রাজার নাম ঘোষণা করা হবে আজকে,নয়া রাজার নাম ঘোষণা গরা অইব্যু আজিয়ে,The name of the new king will be announced today,positive,Conversation,train
রাজা জানালার ফাক করে দেখে সারাদিন,রাজা জানালার ফাক গরে চ্যাঁই গুডাদিন,The king looked through the window gap all day,neutral,Drama,train
রাজা চিন্তিত মনে পায়চারি করে,রাজা ফেরেশান মনত পায়চারি গরে,The king paces anxiously,neutral,Drama,train
সবাই আনন্দে মাতোয়ারা হয়েছে,বেজ্ঞুনে আনন্দে মাতোয়ারা হইয়্যে,Everyone became joyfully intoxicated,positive,Social Media,train
প্রজা রাজবাড়ির সামনে এসে চিৎকার করা শুরু করে,প্রজা রাজবাড়ির সামনে আই চিৎকার গরা শুরু গরে,The subjects came in front of the palace and started shouting,positive,Social Media,train
তাদের শব্দে রাজবাড়ির আনন্দে টান পড়েছে,ইতারার শব্দে রাজবাড়ির আনন্দে টান ফইজ্জে,Their noise has disturbed the joy in the palace,positive,Conversation,val
সবাই প্রচণ্ড বিরক্তবোধ করল,বেজ্ঞুনে প্রচণ্ড বিরক্তবোধ গরিল,Everyone felt extremely irritated,negative,Conversation,test
ধমক দিয়ে বলল কি বলবি তুই বল,ধকম দি হইলো কি হবি তুঁই হ,He scolded and said what will you say speak,negative,Conversation,train
প্রজারা বলল আমাদের প্রিয় রাজাকে কোন বদল করা চলবে না,প্রজারা হইলো অ্যাঁরার প্রিয় রাজারে হোন বদল গরা ন চলিবু,The subjects said our beloved king must not be replaced,positive,Conversation,train
বন্ধ কর এই উৎসব তোমরা,বন্ধ গর এই উৎসব তোঁয়ারা,Stop this celebration you all,negative,Drama,train
নতুন রাজা দরকার নেই আমাদের,নয়া রাজা দরহার নাই অ্যাঁরার,We do not need a new king,positive,Drama,train
আমাদের মহান রাজা জীবিত থাকবে সেই আমাদের রাজা,অ্যাঁরার মহান রাজা জীবিত থাইব ইতেই অ্যাঁরার রাজা,Our great king will live he is our king,positive,Social Media,train
সেই আমাদের রাজা আজকে থেকে,ইতেই অ্যাঁরার রাজা আজিয়ে তুন,That is our king from today onwards,positive,Social Media,train
আমাদের গায়ে রক্ত থাকতে এই মহান রাজাকে বদল করতে দিব না,অ্যাঁরার গাত রক্ত থাইতে এই মহান রাজারে বদল গরিতে ন দিয়্যুম,As long as there is blood in our veins we will not let this great king be replaced,positive,Conversation,train
কোতোয়াল দৌড় দিয়ে মন্ত্রি আর সেনাপতিকে বলল,কোতোয়াল দোর দি মন্ত্রি আর সেনাপতিরে হইলো,The police officer ran and told the minister and the general,neutral,Conversation,train
তারাও রাগ হয়ে আগুন হয়ে যায়,ইতেরাও গুসসা অই আগুন অই যায়,They also became angry and furious,neutral,Conversation,train
সেনাপতির কথায় কোতোয়াল গাছের,সেনাপতির হথায় কোতোয়াল গাছর,According to the general's words the police officer at the tree,neutral,Conversation,train
প্রজা সবাই পড়ে থাকে চুপ করে,প্রজা বেজ্ঞুনে পড়ি থাহে চুপ গরে,All the subjects remain silent,neutral,Drama,train
আর সহ্য করতে পারে না,আর সইজ্জো গরিতে ন ফারে,Can no longer endure,negative,Drama,train
আমরা আপনার ভাল বিচার চাই,অ্যাঁরা অনের গম বিসার চাই,We want your fair judgment,positive,Social Media,train
এই খারাপ মানুষ কষ্ট চাই না,এই হারাপ মানুষ কষ্ট ন চাই,We do not want pain from this bad person,negative,Social Media,train
তারা আমাদের দেশে অশান্তি করবে দেখিস,ইতারা অ্যাঁরার দেশত অশান্তি গরিবে চ্যাঁইস,They will cause unrest in our country watch out,positive,Conversation,train
আপনি দয়া করে আমাদের ফেলে যাবেন না,অনে দয়া গরে অ্যাঁরার ফেলায় ন যাইবেন,Please do not abandon us,positive,Conversation,test
অনেক দিন পুরাতন মানুষ তারা,বহুত দিন পুরাইন্না মানুষ ইতেরা,They are very old people,neutral,Conversation,train
তোমাকে যাচাই করার জন্য ভান করে,তোঁয়ারে যাচাই গরিবের লাই ভান গরে,তোমাকে যাচাই করার জন্য ভান করে,negative,Conversation,train
আমি বিশ্বাস করে দেশ চালানোর জন্য দেই,অ্যাঁই বিশ্বাস গরে দেশ চলান্যির লাই দি,I entrust to govern the country with trust,positive,Drama,train
তারা আজকাল খুব লোভী হয়ে গেছে,ইতেরা আইজকাল বহুত লোভী অই গেইয়্যে,They have become very greedy these days,negative,Drama,train
তাদের পরীক্ষা হয়ে গেছে আজকে,ইতারার পরীক্ষা অই গেইয়্যে আজিয়ে,They have been tested today,neutral,Social Media,train
আমার দেশের মানুষ আমাকে কত ভালবাসে সেটি পরীক্ষা হয়ে গেছে,অ্যাঁর দেশের মানুষ অ্যাঁরে হতো ভালবাসে ইয়ান পরীক্ষা অই গেইয়্যে,It has been tested how much my countrymen love me,positive,Social Media,test
সেটি বলল আর রাজা বন্দি করে,ইয়ান হইলো আর রাজা বন্দি গরে,He said that and imprisoned the king,negative,Conversation,test
রাজা অনেক দেশের মানুষ নিয়োগ করেছে,রাজা বহুত দেশর মানুষ নিয়োগ গইজ্জে,The king has appointed many people in the country,positive,Conversation,train
আজকের গল্পের নাম টুই টুই,আজিয়ের গফের নাম টুই টুই,The name of today's story is Tui Tui,positive,Conversation,train
বনে তখন অনেক পাখি থাকে,বনত তহন বহুত ফাখি থাহে,There are many birds in the forest then,neutral,Conversation,train
সে মনে বলেন পাখি সুন্দর,ইতে মনত কন ফাখি সুন্দর,He thinks birds are beautiful,positive,Drama,val
ভাই পিক পিক তোমার কি মন খারাপ,বদ্দা পিক পিক তোঁয়ার কি মন হারাপ,Brother Pik Pik are you feeling sad,negative,Drama,train
মুখ নিয়ে পিক পিক পাখি বলে,মুক লইয়্যে পিক পিক ফাখি কইয়্যরে,With a sour face Pik Pik bird says,negative,Social Media,train
রাস্তা হারিয়ে জঙ্গলে এসেছি,রাস্তা আঁজাই জঅলত আইচ্ছি,I have lost my way and come to the jungle,positive,Social Media,train
এখানে কোন পাখি দেখি না,ইয়েন হোন ফাখি ন চ্যাঁই,I do not see any birds here,negative,Conversation,train
পাখি বলে কিছু ভাল লাগে না খেতে,ফাখি কইয়্যরে কিসু গম ন লার হাইতে,The bird says it does not like to eat anything,negative,Conversation,train
তোমাকে আমার মন ভাল হয়ে গেছে,তোঁয়ারে অ্যাঁর মন গম অই গেইয়্যে,My heart has become good because of you,positive,Conversation,val
আমরা ভাল করে থাকতে পারবো এই বনে,অ্যাঁরা গম গরে থাইতে পাইজ্জুম এই বনত,We can live well in this forest,positive,Conversation,train
কি বললে পিক পিক পাখি,কি হইল্যে পিক পিক ফাখি,What did you say Pik Pik bird,neutral,Drama,train
মিলেমিশে থাকতে পারবো মানে না,মিলিমিসি থাইতে পাইজ্জুম ন মানে,We cannot live together in harmony,negative,Drama,train
তুই এক জাতের পাখি আর আমি অন্য জাতের,তুঁই এক জাতর ফাখি আর অ্যাঁই অন্য জাতর,You are one species of bird and I am another species,negative,Social Media,train
দুইটি জাতের পাখি মিলেমিশে থাকতে পারে না,দুয়ো জাতর ফাখি মিলিমিসি থাইতে ন ফারে,Two species of birds cannot live together,negative,Social Media,train
এটি কেমন করে সম্ভব,ইবে ক্যান গরে সম্ভব,How is this possible,negative,Conversation,test
টুই টুই বলল কেন সম্ভব নয়,টুই টুই হইলো কিল্লাই সম্ভব নয়,Tui Tui said why is it not possible,negative,Conversation,train
হতে পারে আমরা অন্য জাতের পাখি,অইত ফারে অ্যাঁরা অন্য জতর ফাখি,It may be that we are different species of birds,positive,Conversation,train
এখানে অনেক বিষাক্ত সাপ থাকে,ইয়েন বহুত বিষাক্ত সাপ থাহে,There are many poisonous snakes here,neutral,Conversation,train
মিলেমিশে মানে আনন্দে আর নিরাপদ থাকা,মিলিমিসি মানে আনন্দে আর নিরাপদ থাহা,Living together means being happy and safe,positive,Drama,train
আমরা তো বন্ধু হতে পারি,অ্যাঁরা তো বন্ধু অইত ফারি,We can be friends,positive,Drama,train
তুই তো আমার থেকে অনেক সুন্দর,তুঁই তো অ্যাঁর তুন বহুত সুন্দর,You are much more beautiful than me,positive,Social Media,train
তোমার লেজ যেমন রঙ্গিন এরকম সুন্দর,তোঁয়ার লেজ যেল্লে রঙ্গিন এরম সুন্দর,Your tail is colorful and beautiful like that,positive,Social Media,test
এটি কোন কথা বুঝেছিস না,ইবে হোন হথা ন বুইজ্জোস,This is nonsense you did not understand,negative,Conversation,train
পিক পিক জবাব না দিয়ে টুই টুই খাবার জন্য গেছে,পিক পিক জোয়াব ন দি টুই টুই হানা লাই গেইয়্যে,Without replying Pik Pik went to eat,neutral,Conversation,val
গাছে ঘর বানিয়েছে তারা,গাছেত ঘর বানাইয়্যে ইতেরা,They have built their home in the tree,neutral,Conversation,test
আজকে ও ডিম খাবো,আজিয়ে ও দিম ন হাইয়্যুম,Today we will also eat eggs,positive,Conversation,train
আনন্দের কোন সীমা নেই,আনন্দর হোন সীমা নাই,There is no limit to joy,positive,Drama,train
তাদের মনে হল বন আনন্দের জায়গা,ইতেরার মনত অইল বন আনন্দর জাগা,They felt the forest was a place of joy,positive,Drama,train
কোনদিন কথা বলিস না,হোনদিন হথা ন হইস,Do not ever talk,negative,Social Media,val
পাখির দলে টুই টুই আর পিক পিক জাতের পাখি,ফাখির দলে টুই টুই আর পিক পিক জাতর ফাখি,In the flock of birds there are birds of the tui tui and pik pik species,neutral,Social Media,train
সারাদিন বনে বেড়ায়,গুডাদিন বনত বেড়ায়,Spends the whole day roaming in the forest,neutral,Conversation,train
একদিন টুই টুই পাখিকে তার জাতের পাখি বলে,একদিন টুই টুই ফাখিরে ইতের জাতর ফাখি কইয়্যরে,One day it calls tui tui bird a bird of its own species,neutral,Conversation,train
জাতপাত কিছু নেই,জাতপাত কিসু নাই,There is no caste or creed,negative,Conversation,train
অসুন্দর জাতের পাখি তোমার বন্ধু হতে পারে না,অসুন্দর জাতর ফাখি তোঁয়ার বন্ধু অইত ন ফারে,An ugly species of bird cannot be your friend,negative,Conversation,test
আমাদের রূপ তুলনা হয় না,অ্যাঁরার রূপ তুলুনা ন অয়,Our beauty is beyond comparison,positive,Drama,train
এমন ছিঃ ছিঃ কেন করো,এল্লে ছিঃ ছিঃ কিল্লাই গরো,Why do you act in such a disgraceful way,negative,Drama,train
পাখির দলে দুয়ো জাতের পাখি আছে,ফাখির দলত দুইটি জাতর ফাখি আছে,There are two species of birds in the flock,positive,Social Media,train
আমরাও বাসা বাধবো সবাই,অ্যাঁরাও বাসা বাইন্দুম বেজ্ঞুনে,We will also build a home everyone,positive,Social Media,train
সারাদিন বনে ঘুরে বেড়ায় তারা,গুডাদিন বনত ঘুরি বেড়ায় ইতারা,They roam around the forest all day,neutral,Conversation,train
খাবার খায় তারা আর সন্ধ্যায় নিজ নিজ ঘরে যায়,হানা হায় ইতারা আর আজুইন্নে নিজ নিজ ঘরত যায়,They eat food and in the evening go to their respective homes,neutral,Conversation,train
পাখির কলরবে বন সুন্দর হয়ে থাকে তাদের,ফাখির কলরবে বন সুন্দর অই থাহে ইতারার,The forest becomes beautiful with the birds' chirping,positive,Conversation,test
আমরাও পাখি আমরাও সুন্দর কি বলিস,অ্যাঁরও ফাখি অ্যাঁরা ও সুন্দর কি হইস,We are also birds we are also beautiful what do you say,positive,Conversation,train
এটিই আমার বড় পরিচয়,ইবেই অ্যাঁর ডর পরিচয়,This is my greatest identity,positive,Drama,train
আর মিলেমিশে থাকার পিছনে এটি কারণ,আর মিলিমিসি থাহনের ফিছে ইবে হারণ,This is the reason behind living together in harmony,positive,Drama,train
আমার মনে কোন দুঃখ নেই ভাই,অ্যাঁর মনত হোন দুক নাই বদ্দা,I have no sorrow in my heart brother,positive,Social Media,train
দেখলে সবাই আমরা কত ভাল আছি,চ্যাঁইলে বেজ্ঞুনে অ্যাঁরা হতো গম আছি,If everyone sees how good we are,positive,Social Media,train
ভাই আমার এখন পর্যন্ত কোন দুঃখ নেই,বদ্দা অ্যাঁর এহন পইযুন্ত হোন দুক্ক নাই,Brother I have had no sorrow so far,positive,Conversation,train
তার মুখে এই কথা শুনে দলের সবাই রাগ করল,ইতআর মুকে এই হথা শুনি দলের বেজ্ঞুনে রাগ গরিল,Hearing these words from him everyone in the group got angry,negative,Conversation,train
কিন্তু তারা রাগ করে,কিন্ত ইতারা গুসসা গরে,But they get angry,negative,Conversation,train
একটা পাখি আফসোস করে বলল,এক্কান ফাখি আপসোস গরে হইলো,A bird said with regret,neutral,Conversation,val
আমরা পাখির মত সুখী হতে পারি যদি ন আমরা ভিন্ন জাতের,অ্যাঁরা ফাখির নান সুখী অইত ফারি যদি ন অ্যাঁরা ভিন্ন জাতর,We could be as happy as birds if we were not different species,neutral,Drama,train
বুড়ো পাখির কথা শুনে সবাই খুব খুশি হল,ব্যুইড়া ফাখির হথা শুনি বেজ্ঞুনে বহুত খুশি অইল,Everyone was very happy to hear the old bird's words,positive,Drama,train
সব পাখিরা আনন্দে হই হই করে,হক্কল ফাখিরা আনন্দে হই হই গরে,All the birds chirped joyfully,positive,Social Media,train
আমাদের সবাইকে মেনে নিলে,অ্যাঁরার অক্কলরে মানি লইলে,If they all accept us,positive,Social Media,train
সুর করে উঠাবো আমরা,সুর গরে উঠামু অ্যাঁরা,We will sing together,positive,Conversation,train
জাত না মেনে আমরা সবাই একটা জাত,জাত মানি ন অ্যাঁরা বেজ্ঞুনে উজ্ঞো জাত,Even without accepting caste we are all one community,positive,Conversation,train
জাতপাত না করার উপদেশমূলক গল্প শুনলে,জাতপাত ন গরিবের উপদেশমূলক গফ হুনিলে,After hearing the moral story about not discriminating by caste,positive,Conversation,train
তোমরা নিশ্চয়ই জানো ইসলাম ধর্মে জাতপাতের বৈষম্য করতে নিষেধ করে,তোঁয়ারা নিশ্চয়ই জানো ইসলাম ধর্মেত জাতপাতের বৈষম্য করতে নিষেধ গরে,You surely know that Islam forbids discrimination based on caste,positive,Conversation,train
আমার বাবা মা পাখি তার সাথে তারা গাছে থাকে,অ্যাঁর বাপ মা ফাখি ইতার লগে ইতারা গাছত থাহে,My parents are birds they live in the tree with them,positive,Drama,val
ডিম তা দেয় খাবার বাচ্চাকে খাওয়ার জন্য,দিম তা দে হানা ছারে হাওনর লাই,It lays eggs and provides food for the chicks to eat,positive,Drama,train
আমার কাজ শুধু লেখা পড়া করা,অ্যাঁর কাম উধে লেখা পড়া গরা,My job is only to read and write,neutral,Social Media,test
বাবা মা গুরুজনের কথা শুনা সব সময় কাজ সময় করা,বাপ মা গুরুজনর হথা পুনা হক্কল সমত কাম সমত গরা,Always listen to father mother elders and do work on time,positive,Social Media,train
পাখি নিজের কাজ নিজেই করে সব,ফাখি নিজর কাম নিজেই গরে হক্কল,Birds do all their work themselves,positive,Conversation,train
পাখি নিজের কাজ নিজেই করে সব,অ্যাঁরর নিজর কাম সুন্দর গরে গরিতে অইব্যু,Bird does all its work itself,positive,Conversation,train
তোরা বড় হবো প্রকৃত মানুষ হয়ে উঠবি,তুঁরা ডর অইয়্যুম প্রকৃত মানুষ অই উডিবি,You all will grow up and become real people,positive,Conversation,train
আমার গ্রামে বড় শেঠজি ছিল,অ্যাঁর গ্রামত ডর শেঠজি আইসসিল,In my village there was a big shethji,neutral,Conversation,val
শেঠজির মন ছিল খুব ভাল,শেঠজির মন আইসসিল বহুত গম,Shethjis heart was very good,positive,Drama,train
প্রতিদিন মন্দিরে শেঠজি খাবার দান করে যেত,ফত্তিন মন্দিরত শেঠজি হানা দান গরে যাইত্যু,Every day shethji used to donate food at the temple,positive,Drama,train
শেঠজি মন্দিরে আসে আর গরিব সবাই আসে,শেঠজি মন্দিরত অ্যাইয়ে আর গরিব বেজ্ঞুনে অ্যাইয়ে,Shethji comes to the temple and all the poor come,positive,Social Media,train
প্রতিদিন মন্দিরে আসবি,ফত্তিন মন্দিরত আবি,You will come to the temple every day,positive,Social Media,train
আমার তো ভাল লাগে না বাবা,অ্যাঁর তো গম ন লার বাপ,I do not like it father,negative,Conversation,train
আমি তো জানি তোমার বড় মানুষ,অ্যাঁই তো জানি তোঁয়ার ডর মানুষ,I know you are a great person,positive,Conversation,train
ঈশ্বর যার জন্য খাবার সে তাই খাবে,ঈশ্বর যার লাই হানা ইতে তাই হাইব্যু,God will eat the food meant for him,positive,Conversation,train
মেয়ের কথা শুনে শেঠজির ভাল লাগে,মাইয়্যার হথা শুনি শেঠজির গম লার,hethji feels good hearing the daughter,positive,Conversation,train
তাকে নিজের মেয়ের করে,ইতারে নিজর মাইয়্যার গরে,Made her his own daughter,positive,Drama,train
মানুষ করার জন্য নিজের ঘরে নিয়ে যেয়ে,মানুষ গরিবের লাই নিজর ঘরত লইয়্যে যাই,To make a person took her to his own home,positive,Drama,train
তারপর অনাথ মেয়েকে সে অনেক লেখাপড়া,তারপর অনাথ মাইয়্যারে ইতে বহুত লেয়াপড়া,Then he educated the orphan girl a lot,positive,Social Media,train
নিজের মত করে তাকে মানুষ করেছে,নিজর নান গরে ইতারে মানুষ গইজ্জে,Made her a person in her own way,positive,Social Media,train
মেয়ের আর কোনদিন কোন অভাব থাকল না,মাইয়্যার আর হোনদিন হোন অভাব ন থাকিল,The daughter never lacked anything again,positive,Conversation,train
একদিন রাজা আর সুনিল খেলতে গেল,একদিন রাজা আর সুনিল খেলিতে গিল,One day Raja and Sunil went to play,neutral,Conversation,train
রাস্তায় দেখল গরিব বৃদ্ধা শুয়ে থাকে,রাস্তাত চ্যাঁইলে গরিব বৃদ্ধা লেডি থাহে,Saw a poor old woman lying on the road,negative,Conversation,train
রাজা যেয়ে জিজ্ঞাসা করল,রাজা যাই পুঁছার গরিল,The king went and asked,neutral,Conversation,train
তুই এখানে শুয়ে কেন আছো,তুঁই ইয়েন লেডি কিল্লাই আছো,Why are you lying here,neutral,Drama,test
এমন করে শুয়ে থাকতে হয়,এন গরে লেডি থাইতে অয়,Have to lie down like this,negative,Drama,val
অনেক গাড়ি যায় রাস্তায় এমন করে,বহুত গাড়ি যার রাস্তাত এন গরে,Many vehicles pass on the road like this,neutral,Social Media,train
আমার তো নড়ার শক্তি নেই,অ্যাঁর তো নরিবার শক্তি নাই,I do not have the strength to move,negative,Social Media,val
দিন আমি কিছু খাই না,দিন অ্যাঁই কিসু ন হাঁই,I have not eaten anything for days,negative,Conversation,train
বৃদ্ধার কথায় মনে বড় কষ্ট পেয়েছে রাজা,বৃদ্ধার হথায় মনত বড় কষ্ট পাইইয়্যি লাজা,The king felt deep sorrow at the old woman's words,negative,Conversation,train
আমাকে কিছু খেতে দেয় না মা,অ্যাঁরে কিসু হাইতে ন দে মা,Mother does not give me anything to eat,negative,Conversation,test
রাজার মা রাজাকে হাইতে দেয়,রাজার মা রাজারে হাইতে দে,The king’s mother does not allow the king to eat,negative,Conversation,train
রাজা সেটি নিয়ে দৌড় দেবে,রাজা ইয়ান লইয়্যে দোর দিব্যু,The king will run with it,neutral,Drama,test
সে রাজাকে অনেক আশীর্বাদ করল,ইতে রাজারে বহুত আশীর্বাদ গরিল,He blessed the king a lot,positive,Drama,train
তুই ভাল ছেলে ভগবান তোমার মঙ্গল করুক,তুঁই গম ফোয়া ভগবান তোঁয়ার মঙ্গল গরুক,You are a good boy may God bless you,positive,Social Media,train
বাড়িতে যেয়ে রাজা তার মাকে খুলে বলল,বাড়িত যাই রাজা ইতার মারে খুলি হইলো,Going home the king told his mother everything,neutral,Social Media,train
এসব শুনে তার মা বলল আমি বেশি গর্ববোধ করি,এগিন শুনি ইতের মা হইলো অ্যাঁই বেশি গর্ববোধ গরি,Hearing all this his mother said I feel very proud,positive,Conversation,train
এমন করে তুই গরিব সবার সাহায্য করিস,এন গরে তুঁই গরিব বেজ্ঞুনের সাহায্য গরিস,In this way you help all the poor,positive,Conversation,train
রাজা বলল আমি আমার প্রানটা দিয়ে চেষ্টা করবো,রাজা হইলো অ্যাঁই অ্যাঁর পরান্নান দি চেষ্টা গইজ্জুম,The king said I will try with all my life,positive,Conversation,train
ছোট বালু বাঁদর সারাদিন গাছে থাকে,ছোড বালু বাঁদর গুডাদিন গাছেত থাহে,The small sandy monkey stays in the tree all day,neutral,Conversation,train
তারা বদমাইশি করে,ইতেরা বদমাইশি গরে,They cause mischief,negative,Drama,train
তারা এটি ফেলে দেয়,ইতেরা ইবে ফেলায় দে,They drop it,negative,Drama,train
সেটি হয়ে তারা কাজ জিনিস ছুড়ে মারি আর নষ্ট করা,ইয়ান অই ইতের কাম জিনিস মেলা মারি আর নষ্ট গরা,They throw things and break them,negative,Social Media,train
যেন তার স্বভাব হয়ে গেছে,যেন ইতার স্বভাব অই গেইয়্যে,It seems to have become their nature,negative,Social Media,train
ভাল ভাল ফল নিজেও খাবে না আমাকে ও খেতে দেবে না,গম গম ফল নিজেও ন হাইব্যু অ্যাঁরে ও হাইতে ও ন দিব্যু,They will not eat good fruits themselves nor let me eat,negative,Conversation,train
সব জিনিস সে নষ্ট করবে,হক্কল জিনিস ইতে নষ্ট গরিবে,He will destroy everything,negative,Conversation,train
একদিন টুইটু নামে ছোট পাখি ছিল,একদিন টুইটু নামে ছোড ফাখি আইসসিল,Once there was a small bird named Tui Tui,neutral,Conversation,train
ঠিক সময় বালু করে ফেলে মারবে,ঠিক সমত বালু গরে ফেলায় মারিব্যু,At the right time it throws sand and hits,negative,Conversation,train
যদি খাবে না তাহলে ফল নষ্ট করলে কেন,যদি ন হাইব্যু তঁইলে ফল নষ্ট গইল্লি কিল্লাই,If you will not eat then why do you spoil the fruit,negative,Drama,train
আমাকে টুইটু জিজ্ঞাসা করল,অ্যাঁরে টুইটু পুঁছার গরিল,Tuitui asked me,neutral,Drama,train
যেয়ে নিজের কাজ কর যেয়ে,য্যাই নিজর কাম গর য্যাই,Go and do your own work go,neutral,Social Media,train
বেশি পাকনামি না করলে ভাল,বেশি পাকনামি ন গইল্লি গম,It is good not to be too mischievous,positive,Social Media,train
আমার যা খুশি করবো তোমার কি বুঝি না,অ্যাঁর যা খুশি গইজ্জুম তোঁয়ার কি ন বুজি,I will do whatever I want do nott you understand,negative,Conversation,train
আমরা সুন্দর গান করতে পারি,অ্যাঁরা সুন্দর গান গরিতে ফারি,We can sing beautiful songs,positive,Conversation,train
শিয়ালের কথা শুনে কাক আর ভাল করে থাকতে পারে না,শিয়ালর হথা শুনি কাউয়া আর গম গরে থাইতে ন ফারে,After hearing the fox's words the crow can no longer live well,negative,Conversation,train
একদিন দুটো বন্ধু হঠাৎ ভাল্লুকের সামনে পড়েছে,একদিন দুয়ো বন্ধু আতিক্কে ভালুকের সামনে ফইজ্জে,One day two friends suddenly encountered a bear,negative,Conversation,train
আমার বন্ধুর মধ্যে আমি গাছে উঠতে পারি,অ্যাঁর বন্ধু মাজে অ্যাঁই গাছেত উডন ফারি,Among my friends I can climb trees,positive,Drama,train
বিপদ বুঝে সময় বড় গাছের বসে থাকতে,বিপদ বুজি সমত ডঁর গাছর বৈ থাইতে,Understanding the danger sits on a big tree in time,neutral,Drama,train
সে বন্ধুর কথা না শুনে গাছে বসে থাকে,ইতে বন্ধুর হথা ন শুনি গাছেত বৈ থাহে,He does not listen to his friend and stays on the tree,negative,Social Media,train
সে গাছে উঠতে পারে না,ইতে গাছেত উডন ন ফারে,He cannot climb the tree,negative,Social Media,train
সে বন্ধুর কথা না চিন্তা তাকে বিপদে ফেলে রাখে,ইতে বন্ধুর হথা চিন্তা ন ইতারে বিপদত ফেলায় রাহে,He ignores his friend's advice and puts him in danger,negative,Conversation,train
সে নিশ্চিন্তে আত্নরক্ষার জোগাড় করে,ইতে নিশ্চিন্তে আত্নরক্ষার জুগার গরে,He calmly prepares for self-defense,positive,Conversation,train
বিপদ বুঝে গাছের তলায় শুয়ে থাকে,বিপদ বুজে গাছর তলায় লেডি থাহে,Understanding the danger he lies down under the tree,neutral,Conversation,train
তার কথা শুনে আমি হাসি দিয়ে ফেলেছি,ইতার হথা শুনি অ্যাঁই হাসি দি ফেলাইয়্যি,Hearing that I laughed,positive,Conversation,train
ভাল্লুক কোনদিন মরা মানুষকে আক্রমণ করে না,ভালুক হোনদিন মরা মাইনসেরে আক্রমণ ন গরে,The bear never attacks dead people,neutral,Drama,train
ভাল্লুক তার কাছে আসতে না আসতে,ভালুক ইতার হাছে আইত ন আইত,The bear does not come near him,negative,Drama,train
সে শ্বাস নেওয়া বন্ধ করে ফেলল,ইতে শ্বাস লন বন্ধ গরে ফেলাইলো,She Stopped Breathing,negative,Social Media,val
ভাল্লুক তার নাক গাল পরীক্ষা করে বুঝে সে মরা,ভালুক ইতার নাক গাল পরীক্ষা গরে বুজে ইতে মরা,The bear checks his nose and cheeks and realizes he is dead,neutral,Social Media,train
ভাল্লুক যাওয়ার পরে গাছ থেকে নেমে আসি,ভালুক যনঅর ফরে গাছ তুন লামি অ্যাই,After the bear leaves i come down from the tree,neutral,Conversation,train
জিজ্ঞাসা করলো ভাল্লুক তোমার কানে কি বলেছে,পুঁছার গরিল ভালুক তোঁয়ার হানে কি হদ্দে,Asked the bear what he said to your ear,neutral,Conversation,train
ভাল্লুক আমার কানে পরামর্শ দিয়েছে,ভালুক অ্যাঁর হানত পরামর্শ দিইয়্যি,The bear has given me advice in my ear,positive,Conversation,train
বন্ধু বন্ধুর বিপদে থাকে না,বন্ধু বন্ধুর বিপদত ন থাহে,A friend does not abandon a friend in danger,negative,Conversation,test
সময় এক জঙ্গলে একটা খরগোশ আর এক কচ্ছপ থাকে,সমত উজ্ঞো জঅলত উজ্ঞো হরগোশ আর উজ্ঞো হচ্চফ থাহে,Once upon a time in a forest there lived a rabbit and a turtle,neutral,Drama,test
দুইটার মধ্যে অনেক বন্ধুত্ব ছিল,দুইয়্যানর মাজে বহুত বন্ধুত্ব আইসসিল,There was a lot of friendship between the two,positive,Drama,train
মধ্যে যে ঝগড়া হত না সেটিও না,মাজে যে হইজ্যে ন অইত্যু ইয়ানও ন,There was not even a quarrel between them,negative,Social Media,test
খরগোশ বেশি জোরে দৌড়াতে পারে বাতাসের আগে আগে,হরগোশ বেশি জোরে দুরিত ফারে বাতাসর আগে আগে,The rabbit can run faster than the wind,positive,Social Media,train
আর কচ্ছপ হাঁটে আস্তে,আর হচ্ছফ আডে আস্তে,And the turtle walks slowly,neutral,Conversation,train
কচ্ছপের হাঁটার দেখে একদিন খরগোশ আর চুপ করে থাকতে পারে না,হচ্চফের আডা চ্যাঁই একদিন হরগোশ আর চুপ গরে থাইতে ন ফারে,One day the rabbit could no longer stay silent watching the turtle walk,negative,Conversation,train
ভাই তুই কি হাঁটা শিখ,বদ্দা তুঁই কি আডা শিক,Brother have you learned to walk,negative,Conversation,train
এমন করে বলার কি আছে,এন গরে হইবের কি আছে,Is there any need to say it like that,positive,Conversation,train
এসো দৌড়াদৌড়ি করি যাবে কে সেরা,আইস্যু দুরাদুরি গরে যাইব্যু কেডা সেরা,Come lets race and see who is the best,positive,Drama,train
হো হো করে হাসতে হাসতে খরগোশ বলে দৌড়াদৌড়ি,হো হো গরে আঁইশতে আঁইশতে হরগোশ কইয়্যরে দুরাদুরি,Laughing heartily the rabbit says race,positive,Drama,train
আচ্ছা তুই নিজের মুখে বলল,আইচ্ছা তুঁই নিজর মুকে হইলো,Okay you say it yourself,neutral,Social Media,train
তাহলে রাজি হতে হবে,তঁইলে রাজি অইত অইব্যু,Then you have to agree,neutral,Social Media,val
কতদূর দৌড়াদৌড়ি হবে,হদ্দুর দুরাদুরি অইব্যু,How far will the race go,neutral,Conversation,val
আর কোথায় থেকে শুরু হবে,আর হডে তুন শুরু অইব্যু,And where will it start from,neutral,Conversation,train
কচ্ছপ বলল এখন,হচ্চফ হইলো এহন,The turtle said now,neutral,Conversation,train
এই যে দূরে অশ্বত্থ গাছ দেখা যাচ্ছে,এই যে দূরে অটঁ গাছ দেহা যার,Look there the banyan tree is visible in the distance,positive,Conversation,train
এসো কে আগে এখানে পৌঁছাতে পারে,আইস্যু কেডা আগে ইয়েন ফঁছিত ফারে,Come let us see who can reach here first,positive,Drama,test
দৌড়াদৌড়ি শুরু হয়ে গেছে,দুরাদুরি শুরু অই গেইয়্যে,The race has started,positive,Drama,test
খরগোশ এসে দেখে কচ্ছপ অনেক দূর,হরগোশ আই চ্যাঁই হচ্চফ বহুত দূর,The rabbit saw the turtle was far behind,negative,Social Media,train
আজকে রোদ ছিল খুব গরম,আজিয়ে রোদ আইসসিল বহুত গরম,Today was sunny and very hot,neutral,Social Media,train
গাছের নিচে ছায়া দেখে খরগোশ বলল,গাছর তলাত ছামা চ্যাঁই হরগোশ হইলো,Seeing The Shade Under The Tree The Hare Said,neutral,Conversation,train
একটু শুয়ে নিলে ভাল হবে,এক্কানা লেডি লইলে গম অইব্যু,It Would Be Good To Lie Down For A While,neutral,Conversation,test
রোদের তেজ অগ্রাজ্য করে হাঁটে,রোদের তেজ অগ্রাজ্য গরে আডে,The heat of the sun burns as it walks,neutral,Conversation,val
বেলা পরে এসেছে,বেইল ফরে আইসসে,Afternoon has come,neutral,Conversation,train
এমন সময় খরগোশ ঘুম থেকে ওঠে,এন সমত হরগোশ ঘুম তুন উডে,At that time the rabbit wakes up from sleep,neutral,Drama,train
এখানে যেয়ে খরগোশ দেখে,ইয়েন য্যাই হরগোশ চ্যাঁই,Going there the rabbit sees,neutral,Drama,train
তার অনেক আগে কচ্ছপ এসে গেছে,ইতার বহুত আগে হচ্চফ আই গেইয়্যে,The turtle arrived long before that,neutral,Social Media,train
তৃষ্ণা একটা পিঁপড়া নদীর পানিতে মুখ দিয়ে,তিরাইষ্যা উজ্ঞো ফিঁয়ারা নদীর পানিত মুক দি,A thirsty ant drinks from the river with its mouth,neutral,Social Media,train
পরে পিঁপড়া দেখে একটা কুকুর,ফরে ফিঁয়ারা চ্যাঁই উজ্ঞো কুত্তা,Later a dog sees an ant,neutral,Conversation,train
আমার পায়ে কামড় দিয়েছে কুকুর,অ্যাঁর ঠেংঅত হঅর দিইয়্যি কুত্তা,A dog bit my leg,negative,Conversation,train
তার ঘাম ছুটে গেছে,ইতের ঘাম ছুঁডি গেইয়্যে,He broke into a sweat,negative,Conversation,train
সে অন্যদিকে দৌড় দিয়েছে,ইতে অন্যমিক্কে দোর দিইয়্যি,He ran in the other direction,neutral,Conversation,train
পশুর রাজা সিংহ অনেক বুড়ো হয়ে গেছে,পশুর রাজা সিংহ বহুত ব্যুইড়া অই গেইয়্যে,The king of beasts the lion has grown very old,neutral,Drama,train
শরীর নিয়ে শিকার করা মুশকিল,শরীর লইয়্যে শিকার গরা মশকিল,It is difficult to hunt with this body,negative,Drama,train
এজন্য সে ঠিক করল না খেয়ে থাকবে,এতেল্লেই ইতে ঠিগ গরিল না হাই থাইব,For This She Decided To Remain Without Eating,negative,Social Media,train
এখন বুদ্ধির জোরে খাবার জোগাড় করবে,এহন বুদ্ধির জোরে হানা জুগার গরিবে,Now She Will Arrange Food With The Power Of Her Intellect,positive,Social Media,train
সে শুয়ে পরে থাকে,ইতে লেডি ফরে থাহে,She Lies Down,neutral,Conversation,train
কেউ না কেউ রোগীর খবর নিতে আসে প্রতিদিন,কেউ না কেউ রোগীর হবর লইত অ্যাইয়ে ফত্তিন,Someone Comes To Check On The Patient Every Day,neutral,Conversation,train
সিংহ তাদের ধরে খেয়ে ফেলে,সিংহ ইতারার ধরি হাই ফেলায়,The lion catches them and eats them,negative,Conversation,train
এমন করে অনেক জানোয়ার মরে,এন গরে বহুত জানোয়ার মরি,Many animals die this way,negative,Conversation,train
কিন্তু আমি ঠিক ধরেছি তার বুদ্ধি,কিন্তু অ্যাঁই ঠিক দয়্যজ্জি ইতার বুদ্ধি,But I have understood his intelligence correctly,positive,Drama,train
আমাকে জিজ্ঞাসা করল আজকে কেমন লাগে,অ্যাঁরে পুঁছর গরিল আজিয়ে ক্যান লার,He asked me how I feel today,neutral,Drama,train
ভাঙ্গাভাঙ্গা গলায় জবাব দেয় সিংহ,ভাঙ্গাভাঙ্গা গলাত জোয়াব দে সিংহ,The lion answers in a broken voice,positive,Social Media,train
ভাল নয় একবারে আমার অবস্থা,গম নয় এব্বেরে অ্যাঁর অবস্থা,Not well at all is my condition,negative,Social Media,train
পিঁপড়া কিছু বলে না খালি শুনে,ফিঁয়ারা কিসু ন কইয়্যরে হাইল্ল্যা শুনি,The ant says nothing just listens,neutral,Conversation,train
সে তার নিজের কাজ করতে থাকে,ইতে ইতের নিজর কাম গরিতে থাহে,He continues doing his own work,neutral,Conversation,train
গ্রীষ্মকাল শেষ শীত পড়েছে এখন,গরমহাল শেষ শীত ফইজ্জে এহন,Summer is over and winter has come now,negative,Conversation,val
আমার ক্ষুধা জ্বালায় কিছু ভাল লাগে না,অ্যাঁর ভুগ জ্বালাত কিসু গম ন লার,My hunger burns nothing feels good,negative,Conversation,train
বাজারে গিয়ে কাঁঠাল কিনে,বাজারত গিয়্যি কাট্টল কিনি,Went to the market and bought jackfruit,neutral,Drama,train
কাঁঠালের কেমন সুগন্ধে লাগে,কাট্টলের ক্যান হুশবত লার,How fragrant the jackfruit smells,positive,Drama,train
না জানি খেতে কেমন হবে,ন জানি হাইতে ক্যান অইব্যু,No I know how it will taste,neutral,Social Media,train
আমার এতো বড় কাঁঠাল নেই,অ্যাঁর এদ্দুর ডঁর কাট্টল নাই,I do not have such a big jackfruit,negative,Social Media,train
আনা দিয়ে বড় কাঁঠাল কিনে দেবে,আনা দি ডঁর কাট্টল কিনি দিব্যু,You will buy a big jackfruit with an anna,positive,Conversation,val
খুশির জন্য কাঁঠাল নিয়ে ঘরে যায়,খুশির লাই কাট্টল লইয়্যে ঘরত যায়,She goes home with the jackfruit for happiness,positive,Conversation,train
আমরা জানি কাঁঠাল খেতে গেলে হাতে তেল দেওয়া দরকার,অ্যাঁরা জানি কাট্টল হাইতে গ্যিলে আঁতত তেল দিবে দরহার,We know that oil is needed on hands when eating jackfruit,neutral,Conversation,train
হাতে তেল দিয়ে নিতে হয়,আঁতত তেল দি লইত অয়,One needs to apply oil on the hands,neutral,Conversation,train
এটি না করলে হাতে মুখে লেগে যাবে,ইবে ন গইল্লি আঁতত মুকে লাগি যাইব্যু,If you do not do this it will stick to your hands and face,negative,Drama,test
সাবান পানি দিয়ে কিছুতেই ওঠে না,সাবন পানি দি হনোব্বগতে ন উডে,It does not come off with soap water at all,negative,Drama,train
ঘুরতে ঘুরতে একটা নেকড়ে ভেড়াকে পায়,ঘুরতে ঘুরতে উজ্ঞো নেকড়ে ভেড়ারে পায়,While wandering a wolf finds a sheep,neutral,Social Media,val
নেকড়ে মহত্ব দেখে খুশি হয়ে গেল,নেকড়ে মহত্ব চ্যাঁই খুশি অই গিল,The wolf was happy to see the greatness,positive,Social Media,val
কামলা চালায় না কিছু যুক্তিতর্ক দিয়ে,কামলা ন চালাই কিসু যুক্তিতর্ক দি,It does not employ laborers with some arguments,negative,Conversation,train
বছর আপনি তো আমাকে খুব অপমান করেছে সবাই,বছর অনে তো অ্যাঁরে বহুত অফমান গইজ্জে বেজ্ঞুনে,Evryone has insulted me a lot this year,negative,Conversation,train
ভেড়া ভ্যাঁ ভ্যাঁ করে বলল,ভেড়া ভ্যাঁ ভ্যাঁ গরে হইলো,The sheep said baa baa,neutral,Conversation,train
কিন্তু আমার তো টাকা নেই বেশি,কিন্তু অ্যাঁর তো টিঁয়া নাই বেশি,But i do not have much money,negative,Conversation,train
নেকড়ে তখন বলে আচ্ছা,নেকড়ে তহন কইয়্যরে আইচ্ছা,The wolf then says okay,neutral,Drama,train
না হুজুর ভেড়া জবাব দেয় খড় খেতে কেমন সেটিও তো আমি জানি না এখন,ন উজুর ভেড়া জোয়াব দে খের হাইতে ক্যান ইয়ানও তো অ্যাঁই ন জানি এহন,No hujar the sheep replies i do not even know how straw tastes now,negative,Drama,train
নেকড়ে বলে তুই আমার কুয়া থেকে পানি খাস,নেকড়ে কইয়্যরে তুঁই অ্যাঁর কুয়া তুন পানি হাস,The wolf says you drink water from my well,negative,Social Media,train
আমি এখন ও একটা ফোটা পানি ও মুখে দেই না,অ্যাঁই এহন ও উজ্ঞো ফোডা পানি ও মুকে ন দ্যি,I have not even put a single drop of water in my mouth yet,negative,Social Media,train
আমি তো এখন ও মায়ের দুধ খাই,অ্যাঁই ত এহন ও মার দুধ হাই,I am still drinking my mother's milk,positive,Conversation,train
আমার অভিযোগের ভাল ভাল জবাব দেবে,অ্যাঁর অভিযোগর গম গম জোয়াব দিব্যু,You will give good answers to my complaints,positive,Conversation,val
কিন্তু বললে তো আর আমার পেট চলবে না,কিন্তু হইল্যে তো আর অ্যাঁর পেট ন চলিবু,But saying so will not feed me,negative,Conversation,train
সেটি বলতে না বলতেই ভেড়ার উপর ঝাপিয়ে পড়ল,ইয়ান হইতে ন হইতেই ভেড়ার উদ্দি ঝাফাই ফইজ্জে,As soon as he said that he pounced on the sheep,negative,Conversation,val
শয়তান নেকড়ে তাকে টুকরো টুকরো করে খেয়ে ফেলল,শতান নেকড়ে ইতারে টুরো টুরো গরে হাই ফেলাইলো,The wicked wolf tore him to pieces and ate him,negative,Drama,train
চোখ নষ্ট হরিণের গল্প,চুখ নষ্ট অরিণর গফ,The story of the blind deer,neutral,Drama,train
হরিণের চোখ নষ্ট হয়ে গেল,অরিণর চুখ নষ্ট অই গিল,The eye of the deer became damaged,negative,Social Media,train
চোখ নিয়ে বিপদ থেকে বাঁচতে চেষ্টা করে,চুখ লইয়্যে বিপদ তুন বাঁচিত চেষ্টা গরে,It tries to escape danger with its eyes,negative,Social Media,train
নদীর ধারে খড় খেয়ে থাকে হরিণ,নদীর ধারত খের হাই থাহে অরিণ,The deer eats straw by the river,positive,Conversation,train
তার চোখ হরিণের মত,ইতার চোখ অরিণের নান,His eye is like a deers,positive,Conversation,train
কোন চোর আসলে তাকে দেখতে পারে,হোন চোর আইলে ইতারে চ্যাঁইত ফারে,Any thief can see him if he comes,neutral,Conversation,test
তুমি কোথায় যাস আমাকে ও সাথে নিয়ে যা,তুঁই হডে যচ অ্যাঁরে ও লগে লইয়্যে যা,Where do you go take me with you,neutral,Conversation,train
আপনি কেমন আছেন আমি কিভাবে বলবো,অ্যানে কেন আছোন কেনে হইয়্যুম,How are you I will tell you how,neutral,Drama,train
তোর জন্য টাকা আমরা দিয়ে ফেলেছি,তুঁর লাই টিঁয়া অ্যাঁরা দি ফেলাইয়্যি,For you we have already paid the money,negative,Drama,train
সে যে খাবার খায় আমি খাই না,ইতে যে হানা হায় অ্যাঁই ন হাঁই,I do not eat the food he eats,negative,Social Media,train
কি অবস্থা তোর ভাতিজা বল,কি অবস্থা তুঁর ভাইফুত হ,How is your nephew doing tell me,negative,Social Media,train
চট্টগ্রামের বিগ বস আপনি আমি না,চিটাংঅর বিগ বস অনে অ্যাঁই ন,You are the big boss of Chittagong not me,positive,Conversation,train
আমার জামাই ভাল গান করে,অ্যাঁর জামাই গম গান গরে,My husband sings well,positive,Conversation,val
আপু সবাই যার যার দরকার নিয়ে যাও,আফা বেজ্ঞুনে যার যার দরহার লইয়্যে যো,Sister everyone take what you need,neutral,Conversation,train
খাবার পানি খাবো আর ঘুম,হানা পানি হাইয়্যুম আর ঘুম,I will drink water and sleep,positive,Conversation,test
ঘরে তো নতুন মেয়ে দেখি,ঘরত তো নয়া মাইয়্যা চ্যাঁই,I see a new girl in the house,neutral,Drama,val
মেঘ করেছে ঝড় হবে আজকে,মেঘ গইজ্জে ঝড় অইব্যু আজিয়ে,It will storm today because it is cloudy,negative,Drama,train
ছেলে নষ্ট হয়েছে অনেক আগে,ফোয়া নষ্ট হইয়্যে বহুত আগে,The boy was spoiled a long time ago,negative,Social Media,train
কোন দিকে যেতে চেয়েছি,হোন মিক্কে যাইতাম চাইলাম,which way did i want to go,neutral,Social Media,val
আজকে আমার কাচ্চি হাইতেখুব মন করে,আজিয়ে অ্যাঁর কাচ্চি খেতে বওত মন চ্যার,Today my heart really wants to eat kacchi,positive,Conversation,train
আপনার সাথে পরিচয় হয়ে ভাল লাগে,অনের লগে পরিচয় অই গম লার,It is nice to meet you,positive,Conversation,train
আমি তো আমার চিন্তায় মরে যাচ্ছি,অ্যাঁই তো অ্যাঁই চিন্তাত মরি যাইরগুই,I am dying in my own thoughts,negative,Conversation,train
আমি মেঘ পাঠাতে চাই তোমাকে,অ্যাঁই মেঘ ফাঠাতে চাই তোঁয়ারে,I want to send clouds to you,positive,Conversation,train
কি আমার চেহারা কি খুব সুন্দর,কি অ্যাঁর চিয়ারা কি বহুত সুন্দর,Is my face very beautiful,positive,Drama,train
আর এসব তরকারি খেতে চাই না,আর এগিন ছালন হাইতে ন চাই,And I do not want to eat these vegetables,negative,Drama,train
তুই কালকে কোথায় যাবি আমি জানি,তুঁই হালিয়্যে হডে যাবি অ্যাঁই জানি,I know where you will go tomorrow,neutral,Social Media,train
তার সাথে তোর কাজ হয়েছে আজকে,ইতার লগে তুঁর কাম হইয়্যে আজিয়ে,Your work with him is done today,neutral,Social Media,test
আমি আর কাজ করবো না,অ্যাঁই আর কাম ন গইজ্জুম,I will not work anymore,negative,Conversation,train
আচ্ছা তোর আমার কথা মনে নেই,আইচ্ছা তুঁর অ্যাঁরা হথা মনত নাই,Oh you do not remember me,negative,Conversation,train
তুই আর আমি কক্সবাজার গেলাম,তুঁই আর অ্যাঁই হক্সোবাযার গেলাম,You and i went to cox's bazar,neutral,Conversation,train
আমার কাপড় দাম বেশি,অ্যাঁর হর দাম বেশি,My clothes are expensive,negative,Conversation,train
এসব একদাম কাপড় না,এগিন একদাম হর ন,These are not one-price clothes,negative,Drama,val
বই আমার খুব দরকার,বই অ্যাঁর বহুত দরহার,I need the book very much,positive,Drama,train
কোথায় এসব পাওয়া যাবে,হডে এগিন পাওন যাইব্যু,Where can these be found,neutral,Social Media,val
ওখানে দেখতে পাবে,এডে চ্যাঁইতে ফাইবে,You will see it there,neutral,Social Media,train
ওখানে কাপড় থাকতে পারে,এডে হর থাইতে ফারে,Clothes might be there,neutral,Conversation,train
আপনার কি এসব জায়গা,অনের কি এগিন জাগা,Are these places yours,neutral,Conversation,train
নীলাচল গেলে মেঘ দেখতে যাই,নীলাচল গ্যিলে মেঘ চ্যাঁইতে যাই,When i go to nilachal i go to see clouds,positive,Conversation,train
বন্ধু আমাদের খুব ভাল মানুষ,বন্ধু অ্যাঁরার বহুত গম মানুষ,Our friend is a very good person,positive,Conversation,val
পয়সা ছাড়া দুনিয়াতে কিছু নেই,ফইসা ছাড়া দুনিয়েত কিসু নাই,There is nothing in the world without money,negative,Drama,train
ভাল করে তোকে দেখিনা আমি অনেক দিন,গম গরে তোঁরে ন চ্যাঁই অ্যাঁই বহুত দিন,I have not seen you properly for a long time,negative,Drama,val
একটা গাড়ির জন্য ঝগড়া,উজ্ঞো গাড়ির লাই হইজ্যে,A fight for a car,negative,Social Media,train
তোমাকে নিয়ে কি করবে আমি জানি,তোঁয়ারে লইয়্যে কি গরিবে অ্যাঁই জানি,I know what I will do with you,negative,Social Media,train
তোমাদের দোয়ায় আমরা ভাল আছি,তোঁয়ারার দোয়াত অ্যাঁরা গম আছি,With your prayers we are well,positive,Conversation,train
কথা দিয়ে রাখে না কথা,হথা দি রাহে না হথা,He does not keep his word,negative,Conversation,train
আপনার যেতে হবে বিয়েতে,অনের যাইতাম অইব্যু বিয়াত,You have to go to the wedding,neutral,Conversation,train
কি রে কি অবস্থা কেমন আছিস সবাই,কি রে কি অবস্থা ক্যান আছস বেজ্ঞুনে,Hey how are you all doing,positive,Conversation,train
তুমি কি আমার কথা কোনদিন বলিস,তুঁই কি অ্যাঁর হথা হোনদিন হইস,Do you ever speak my words,neutral,Drama,train
নতুন কি সৃষ্টি করে,নয়া কি ফয়দা গরে,What new thing will you create,neutral,Drama,train
আমি ফলাফল হাতে হাতে নিবো দেখিস,অ্যাঁই ফলাফল আঁতত আঁতত লইইয়্যুম চ্যাঁইস,I will take the results in hand just watch,positive,Social Media,train
তোর কাজ শেষ কর,তোঁর কাম শেষ গর,Finish your work,positive,Social Media,test
মাকে দেখলে মাথায় কাপড় দেয়,মারে চ্যাঁইলে মাতাত হর দে,When he sees his mother he covers his head with a cloth,neutral,Conversation,test
কোরবানির মাংস নিয়ে আমরা খাই,কোরবাইন্না গোস্ত লইয়্যে অ্যাঁরা হাঁই,We eat the meat of qurbani,neutral,Conversation,test
তাহলে কাজ পাবি অনেক বেশি,তঁইলে কাম ফাবি বহুত বেশি,Then you will get a lot of work,positive,Conversation,val
পুরো চট্টগ্রামের এখন সুইমিংপুল,ফুরো চিটাংঅর এহন সুইমিংপুল,The whole of Chittagong is now a swimming pool,neutral,Conversation,train
পয়সা নষ্ট করে যেতে হবে না,ফয়সা নষ্ট গরে যাইতাম ন অইব্যু,You will not have to go by wasting money,negative,Drama,train
গোবর লাঠি বানাতে দিবে,গোঅর লাডি বানাইতু দিতি,Cow dung will allow making sticks,neutral,Drama,train
আমি তো তোর তুই জানিস,অ্যাঁই তো তুঁর তুঁই জানোস,I am yours you know,positive,Social Media,train
খাবার দিয়ে দরজা বন্ধ করে দিতে হবে,হানা দি দরজা বন্ধ গরে দন অইব্যু,You have to close the door with the food,neutral,Social Media,train
দরকার হলে কাজে আসবে,দরহার অইলে কামে আইব্যু,It will be useful if needed,neutral,Conversation,val
আমি তো সকালে উঠি আজকাল,অ্যাঁই তো পইত্তে উডি আইজকাল,I get up in the morning these days,neutral,Conversation,train
সব সময় এমন জুতা দিয়ে মাইর খায়,অক্কল সমত এন জুতা দি মাইর হায়,Always gets beaten with shoes like this,negative,Conversation,train
বেলা বিস্কুট দুনিয়া থেকে গেছে আজকাল,বেলা বিস্কুট দুনিয়া তুন গেইয়্যে আইজকাল,Bela biscuit is gone from the world these days,neutral,Conversation,test
ঝাঁড়া দিই চামড়া তুলে ফেলবো,ঝাঁড়া দি চামড়া তুলি ফেলাইয়্যুম,I will shake it off and remove the skin,negative,Drama,val
ওখানে আমার বাবা থাকে,এডে অ্যাঁর বাপ থাহে,My father lives there,neutral,Drama,train
আমার কাজ করতে ভাল লাগে এখন,অ্যাঁর কাম গরিতে গম লার এহন,I like to work now,neutral,Social Media,train
আমার পছন্দ হয় না গরু,অ্যাঁর ফসন্দো ন অয় গরু,I do not like cows,negative,Social Media,test
গোষ্ঠী নিয়ে বিয়েতে এসেছে,গুষ্টি লইয়্যে বিয়াত আইসসে,He has come to the wedding with a group,neutral,Conversation,train
বন্যার পানির মত ভারতের বর্ডার পার,বানঅর পানির নান ভারতর বরডার ফার,Like floodwater crossing the border of India,neutral,Conversation,train
শুটকি খাবে না তারা,উঁনি ন হাইব্যু ইতারা,They will not eat dried fish,negative,Conversation,train
কোন কিছু অপূর্ণ রাখবো না,হোন কিসু অপূর্ণ ন রাইক্ষুম,I will not leave anything incomplete,positive,Conversation,train
কেমন আর চলবে ভাল,ক্যান আর চলিবু গম,How will this go on well,negative,Drama,train
আপনার চাঁদ দেখতে হবে না,অনের চাঁন চ্যাঁইতে ন অইব্যু,You do not need to see the moon,negative,Drama,train
বোন আর বোনের জামাই কানাডা থাকে,বইন আর বইনের জামাই হানাডা থাহে,The sister and her brother-in-law live in Canada,positive,Social Media,train
আমি নাস্তার মধ্যে বিষ দিয়েছি,অ্যাঁই নাস্তার মাজে বিষ দিয়্যি,I have put poison in the breakfast,negative,Social Media,train
আমি দিব তো তুই নিবি,অ্যাঁই দিয়্যুম তো তুঁই লইব্যি,I will give so you must take,negative,Conversation,train
আমি মিথ্যা বলি নি তোকে,অ্যাঁই মিছা ন হই তোঁরে,I have not lied to you,positive,Conversation,train
পিছনের কথা বলে লাভ নেই,পিছর হথা কইয়্যরে ফায়দা নাই,There is no point in talking about the past.,neutral,Conversation,train
নোয়াখালির ভাষা এখানে কেন যোগ করেছে,নোয়াহাল্লে ভাষা ইয়েন কিল্লাই যোগ গইজ্জে,Why has Noakhalian language been added here,neutral,Conversation,train
ভাল নাটক চাই আমাদের চট্টগ্রামের ভাষায়,গম নাটক চাই অ্যাঁরার চিটাংঅর ভাষাত,We want good plays in our Chittagonian language,positive,Drama,train
তোমার কি আছে আগে বল,তোঁয়ার কি আছে আগে হ,Tell me what you have first,neutral,Drama,train
নয়া কথা না লাগাতে,নতুন হথা ন লাগুন,Do not add new words,negative,Social Media,train
কিছু বুঝতে হবে না,কিসু ঠওর ন অইব্যু,Nothing needs to be understood,negative,Social Media,train
জনপ্রিয়তা বাড়াবো বলে আশা করা যায়,জনপ্রিয়তা বাড়াইয়্যুম কইয়্যরে আশা গরা যায়,It is hoped that popularity will increase,positive,Conversation,train
আমি কেন যাবো তাহলে বল আমাকে,অ্যাঁই কিল্লাই যাইয়্যুম তঁইলে হ অ্যাঁরে,Then tell me why I will go,neutral,Conversation,train
আপনি আমাকে বলবেন কোথায় থেকে,অনে অ্যাঁরে হইয়্যুন হডে তুন,You will tell me from where,neutral,Conversation,train
সে কি আমাকে পছন্দ করে না,ইতে কি অ্যাঁরে ফসন্দো ন গরে,Does he not like me,negative,Conversation,train
ঘরের বাহিরে যেতে মাস্ক পড়বে,ঘরর বাইরে যাইতাম মাস্ক ফরিবু,You will wear a mask to go outside the house,positive,Drama,train
তাদের নিয়ে বেশি ভয় মাথায় রাখবে,ইতারার লইয়্যে বেশি ডর মাতাত রাইবো,Keep too much fear of them in mind,negative,Drama,train
মেয়ে কথা তো চট্টগ্রামের মত লাগে না,মাইয়্যা হথা তো চিটাংঅর নান ন লার,The girl's speech does not sound like that of Chittagong,negative,Social Media,train
ইকবাল না থাকলে তোমাদের ভিডিও আর দেখব না,ইকবাল ন থায়লি তোঁয়ারার ভিডিও আর ন দেইক্ষুম,If Iqbal is not there I will not watch your videos anymore,negative,Social Media,train
তুই জানিস আমি কে,তুঁই জানোস অ্যাঁই কেডা,Do you know who I am,negative,Conversation,train
এখানে যেয়ে তোরা কি করবি,এডে য্যাই তুঁরা কি গরিবি,What will you do by going there,negative,Conversation,test
গলা নিচু করে কথা বলবি আমার সাথে,গলা নিচ গরি হথা হবি অ্যাঁর লগে,You will speak to me in a low voice,negative,Conversation,train
চোখ নামিয়ে কথা বলবি,চুখ নামাই হথা হবি,You will speak with your eyes lowered,negative,Conversation,train
আমি খারাপ স্বপ্ন দেখিনি,অ্যাঁই হারাপ খোয়াব ন দেখি,I did not see a bad dream,negative,Drama,train
তুই আমার নাম নিয়ে কি করবি টাকা,তুঁই অ্যাঁর নাম লইয়্যে কি গরিবি,What will you do with my name money,negative,Drama,train
আমরা হলাম যে চট্টগ্রামের,অ্যাঁরা অইলাম যে চিটাংঅর,We are from Chittagong,neutral,Social Media,train
কোরাল আর লোইটা মাছ,হোরাল আর লইট্টা মাছ,Coral and loita fish,neutral,Social Media,test
ইকবাল ভাইকে কাচা মরিচ দিয়ে,ইকবাল বদ্দারে মরিচ দি,Give Iqbal bhai green chilies,neutral,Conversation,train
দাঁত ভেঙ্গে ফেলবো,দাঁত ভাঙি ফেলাইয়্যুম,I will break your teeth,negative,Conversation,train
বারি খেলে মাথায় শিং উঠবে,বারি হাইলে মাতাত শিং উডিব্যু,If you get hit horns will grow on your head,negative,Conversation,train
একদিন নদীতে এলাকা নৌকা নিয়ে মানুষ যাচ্ছে,একদিন নদীতে এলাহা নাও লই মানুষ যার,One day people are going in the river with a boat in the area,neutral,Conversation,train
তারা হরিণ দেখে আরামে মেরে ফেলল,ইতেরা অরিণ চ্যাঁই আরামে মারি ফেলাইলো,They saw the deer and killed it comfortably,negative,Drama,train
মরার সময় হরিণটা বলে কি দূর্ভাগা আমি,মউতের সমত অরিণ কইয়্যরে কি দূর্ভাগা অ্যাঁই,At the time of death the deer says how unlucky I am,negative,Drama,train
কূলের দিকে বিপদে না ফড়ার জন্য কত কিছু করলাম,কূলর মিক্কে বিপদত ন ফড়ার লাই হতো কিসু গইল্লাম,I did so many things to not fall into danger towards the shore,negative,Social Media,train
এই নদীর কিনারে এসে গেলাম,এই নদীর কিনারে আই গেলাম,I came to the bank of this river,positive,Social Media,test
মরি গেলাম বেঁচে গেলাম,মরে গেলাম বাঁচি গেলাম,I died I survived,negative,Conversation,test
উল্টো আরো সহজে মরে গেলাম,উলটো আরো সহজে মরি গেলাম,On the contrary I died even more easily,negative,Conversation,train
ব্যাঙ আর বাজ পাখির গল্প,ব্যাঙ আর বাজ ফাখির গফ,The story of the frog and the hawk,neutral,Conversation,train
এক ইঁদুর তার কপাল এমন খারাপ,উজ্ঞা উন্দুরে ইতার হপাল এন হরাপ,A mouse its fate is so bad,negative,Conversation,val
এক ব্যাঙের সাথে দোস্তি করল,উজ্ঞো ব্যাঙর লগে দোস্তি গরিল,It made friends with a frog,positive,Drama,val
ব্যাঙের একদিন ইঁদুর একটা পায়ের সাথে,ব্যাঙর একদিন উন্দুরে এক্কান ঠ্যাংঅর লগে,One day the mouse with a leg of the frog,neutral,Drama,train
নিজের একটা পা বেধে ফেলল রাখে,নিজর উজ্ঞো ঠ্যাং বাঁধি ফেলাইলো রাহে,It tied one of its own legs,negative,Social Media,train
টানতে টানতে নিজে পুকুরে থাকে,টাইনতে টাইনতে নিজে পইরত থাহে,Dragging itself it stays in the pond,negative,Social Media,train
এখানে ইঁদুর নিয়ে গেছে,এডে উন্দুরে লইয়্যে গেইয়্যে,The mouse has taken it here,negative,Conversation,train
পুকুরে যেয়ে লাফ দিয়ে,পইরত য্যাই ফাল দি,By going to the pond and jumping,neutral,Conversation,train
ইঁদুর পানিতে যেয়ে পড়েছে,উন্দুরে পানিত য্যাই ফইজ্জে,The mouse has fallen into the water,neutral,Conversation,train
পানিতে পরে ব্যাঙের কি মাতামাতি,পানিত ফরে ব্যাঙর কি মাতামাতি,What an uproar of the frog after falling into the water,positive,Conversation,train
যেন একটা অনেক কাজ করে ফেলে,যেন উজ্ঞো বহুত কাম গরে ফেলায়,As if it has done a lot of work,positive,Drama,test
ইঁদুর কি যে কষ্ট পেয়েছে,উন্দুরে কি যে কষ্ট পাইয়্যে,How much the mouse has suffered,negative,Drama,train
কতক্ষণর ভিতরে পানিতে আমি মরে যাই,হতোক্ষনর বিতুরে পানিত অই মরি যাই,In how much time do I die in the water,negative,Social Media,train
তার গায়ে পানি ছিল,ইতার গাত পানি আইসসিল,There was water on its body,neutral,Social Media,train
তখন ব্যাঙের সাথে পা বাঁধা তার,তহন ব্যাঙর লাগে ঠ্যাং বাধান ইতার,Then his leg was tied with the frog's,neutral,Conversation,train
বাজপাখির চোখে পড়েছে পানিতে ইঁদুর উপরে,বাজ ফাখির চুখত ফইজ্জে পানিত উন্দুরে উদ্দি,The hawk's eyes fell on the mouse floating on the water,neutral,Conversation,train
নেমে এসে ইঁদুর সাথে নিয়ে গেছে,লামি আই উন্দুরে লগে লইয়্যে গেইয়্যে,It came down and took the mouse with it,neutral,Conversation,train
ইঁদুর পায়ে থাকার কারণে ব্যাঙও তখন বাজ পাখির কাছে ধরা খেয়েছে,উন্দুরে ঠেংঅত থাহনের হারণে ব্যাঙ তহন বাজ ফাখির হাছে ধরা খাইয়্যে,Because the mouse was on its leg the frog was also caught by the hawk,neutral,Conversation,train
ইঁদুর আর ব্যাঙ পাখির পেটে গেছে,উন্দুরে আর ব্যাঙ ফাখির পেটেত গেইয়্যে,The mouse and the frog went into the bird's stomach,negative,Drama,train
একটা নেকড়ে আর ভেড়া চড়ানো রাখাল,উজ্ঞো নেকড়ে আর ভেড়া চরাইন্যা রাহাল,A wolf and a shepherd herding sheep,neutral,Drama,train
একটা নেকড়ে রাস্তা দিয়ে হেঁটে যায়,উজ্ঞা নেকড়ে রাস্তা দি আডি যায়,A wolf walks down the road,neutral,Social Media,val
ঘরের যাওয়ার সময় দেখে ঘরের ভিতর ভেড়া চড়ানো,ঘরর যাওয়ার সমত চ্যাঁই ঘরর বিতুরে ভেড়া চরাইন্যা,While going home he sees sheep grazing inside the house,neutral,Social Media,train
রাখালের দল রাতে খাবার মাংস দিয়ে,রাহালঅর দল রাইতে হানা গোস্ত দি,The shepherds group provided meat for the nights meal,neutral,Conversation,train
নেকড়ে দেখে রাখালকে ডেকে বলল,নেকড়ে চ্যাঁই রাখালরে ডাহি হইলো,The wolf saw and called out to the shepherd,neutral,Conversation,train
এই কাজ যদি আমি করতাম,এই কাম যদি অ্যাঁই গইত্তাম,If I did this work,positive,Conversation,train
তোমরা দুনিয়া মাথায় তুলে ফেলে,তোঁয়ারা দুনিয়া মাতাত তুলি ফেলায়,You all are turning the world upside down,negative,Conversation,test
নিজে করে সেটি করলে দোষ হয়,নিজে গরে ইয়েন গইল্লি দোষ অয়,If one does it oneself it becomes a fault,negative,Drama,train
নিজের বিশ্বাস ঠিক তারা জাহির করে,নিজর বিশ্বাস ঠিক ইতারা জাঁইর গরে,They assert their own beliefs as correct,positive,Drama,train
তারাই আবার অন্যজন করলে মুখ বন্ধ করে দিতে চায়,ইতারাই আবার অন্যজন গইল্লি মুক বন্ধ গরে দন চায়,hey themselves again want to shut someone else up if they do it,negative,Social Media,train
খরগোশ দল আর ব্যাঙের গল্প,হরগোশ দল আর ব্যঙঅর গফ,The Story of the Rabbit Group and the Frogs,neutral,Social Media,train
খরগোশ শুধু শুধু ভয় করে,হরগোশ উধে উধে ডর গরে,The rabbit is just unnecessarily afraid,negative,Conversation,train
আর তার সময় হুশিয়ার হয়ে থাকতে হবে,আর ইতার সমত উশিয়ের অই থাইতে অইব্যু,And one must be careful at that time,neutral,Conversation,train
সময় অনেক দুঃখ লেগেছে তার,সমত বহুত দুক্ক লাইগ্যে ইতার,He felt a lot of sadness at the time,negative,Conversation,train
আমার আর সহ্য হয় না এই যন্ত্রনা,অ্যাঁর আর সইজ্জো ন অয় এই যন্ত্রনা,I can not pain anymore,negative,Conversation,train
একটা ধাক্কায় সব মিটিয়ে ফেলবে,এক্কান ধাক্কাত হক্কল মিটায় ফেলাইব্যু,He will settle everything with one push,neutral,Drama,train
উঁচু পাহাড় থেকে পানিতে লাফ,হাড়া মুরা তুন পানিত ফাল,Jump from a high mountain into the water,neutral,Drama,train
দলে দলে চলল তারা,দলে দলে চলিলো ইতারা,They walked in groups,neutral,Social Media,train
তাদের এতো এতো পায়ের আওয়াজ শুনে,ইতারার এদ্দুর এদ্দুর ঠ্যাংঅর আবাছ শুনি,Hearing so many footsteps of theirs,neutral,Social Media,val
পানির ধারে বসে থাকতে থাকতে ব্যাঙ ভয় পায়,পানির ধারত বৈ থাইতে থাইতে ব্যাঙ ডরা পায়,The frog gets scared while sitting by the water's edge,negative,Conversation,train
বাঁচে থাকার জন্য লাফ দেয় তারা ডুব দেয় পানির নিচে,বাঁচি থাহনের লাই ফাল দে ইতারা ডুব দে পানির তলাত,They jump to survive they dive under the water,neutral,Conversation,train
ব্যাঙের এমন করে দেখে খরগোশ বলে,ব্যাঙর এন গরে চ্যাঁই হরগোশ কইয়্যরে,Seeing the frog like this the rabbit says,neutral,Conversation,train
আমার দোস্ত বাদ দাও কাজ,অ্যাঁর দোস্ত বাদ দ কাম,My friend leave the work,neutral,Conversation,train
আমাদের থেকে ও অসহায় অবস্থায় আছে,অ্যাঁরার তুন ও অসহায় অবস্থাত আছে,They are in a more helpless state than us,negative,Drama,train
তাদের দেখলে নিজেদের উপরে আস্থা হয়,ইতারারে চ্যাঁইলে নিজুরার উদ্দি আস্থা অয়,Seeing them gives us confidence in ourselves,positive,Drama,train
যারা বাঁচতে জানে না তারা যাবে,যারা বাঁচিত ন জানে ইতারা যাইব্যু,Those who do not know how to live will go,negative,Social Media,train
একবারে দেখবে ও না ঘটনা কি,এব্বেরে চ্যাঁইবে অ ন ঘটনা কি,They would not even look at what is happening,negative,Social Media,test
কি আর হবে তাদের দিয়ে,কি আর অইব্যু ইতারার দি,What else will happen with them,negative,Conversation,train
সিংহ আর শুয়োরের গল্প,সিংহ আর শুয়োরর গফ,The Story of the Lion and the Boar,neutral,Conversation,train
একটা গ্রীষ্মকালের দিন,উজ্ঞো গরমহালের দিন,One summer day,neutral,Conversation,train
গরমের চোটে তৃষ্ণায় সবার অবস্থা কাহিল,গরমর চোডে তিরাইষ্যাত বেজ্ঞুনের অবস্থা কাহিল,Due to the intense heat and thirst everyone's condition is miserable,negative,Conversation,train
একটা সিংহ আর একটা শুয়োর এসে হাজির হয়ে এক কুয়ার ধারে,উজ্ঞো সিংহ আর উজ্ঞো শুয়োর আই হাজির অইয়ে উজ্ঞা কুয়ার ধারত,A lion and a boar arrived at the edge of a well,neutral,Drama,train
কে আগে পানি খাবে সেটি নিয়ে ঝগড়া লেগে যায়,কেডা আগে পানি হাইব্যু ইয়ান লইয়্যে হইজ্যে লাগি যায়,An argument breaks out over who will drink water first,negative,Drama,train
শুরু হয় মারামারি জান থাকতে আগে পানি খেতে দেবে না,শুরু অয় মারামারি জান থাইতে আগে পানি হাইতে ন দিব্যু,A fight begins and as long as there's life they won't let the other drink water first,negative,Social Media,train
আমরা গালি দেই না মুখ দিয়ে বাহির হয়ে যায়,অ্যাঁরা গাইল ন দ্যি মুক দি বাইর অই যায়,We do not swear it just comes out of our mouths,negative,Social Media,train
কোন ছেলে বলেছিল আমরা গালি দেই বল আগে,হোন ফোয়া হইয়্যিল অ্যাঁরা গাইল দ্যি হ আগে,Which boy said we swear tell me first,neutral,Conversation,train
তাকে গুলি করে দেবে সামনে পেলে,ইতারে গুলি গরে দিব্যু সামনে পাইলে,If he is found they will shoot him,negative,Conversation,train
কে বলেছে গালাগালি করে সবাই,কেডা হদ্দে গালাগালি গরে বেজ্ঞুনে,Who said everyone swears,neutral,Conversation,train
সেরা সেরা গালি জানে সে,সেরা সেরা গাইল জানে ইতে,He knows the best abuses,neutral,Conversation,train
কিন্তু প্রতিদিন মেজবান খাওয়া যায়,কিন্তু ফত্তিন মেজ্জান হাওন যায়,But can Mezban be eaten every day,positive,Drama,train
কোন শালার ছেলে বলেছে এসব কথা,হোন আলার ফোয়া হদ্দে এগিন হথা,Which son of a shala said all these things,negative,Drama,train
তাকে পেলে কি জিনিস দেখিয়ে ছেড়ে দিব,ইতারে পাইলে কি জিনিস দেহাই ছাড়ি দিয়্যুম,If I get him i will show him what is what,negative,Social Media,test
দেবরকে নিয়ে জামাই খুন করেছে পরকিয়ার জেরে,দেবররে লইয়্যে জামাই খুন গইজ্জে পরকিয়ার জেরে,The husband murdered his brother-in-law over an extramarital affair,negative,Social Media,train
বাংলাদেশে পরকিয়া নিয়ে লেখা হয়,বাংলাদেশে পরকিয়া লইয়্যে লেহা অয়,Extramarital affairs are written about in Bangladesh,positive,Conversation,train
মেয়ের পরকিয়া নিয়ে কেউ লেখে না,মাইয়্যার পরকিয়া লইয়্যে কেউ ন লেহে,No one writes about a daughters extramarital affair,negative,Conversation,train
নেশা করে তো কি বিপদে আগে যায়,নেশা গরে তো কি বিপদত আগে যায়,So what if he is intoxicated does he go first into danger,negative,Conversation,train
বউ মারে তো কি বউকে দরদ করে,বউ মরি ত কি বউরে গরজ গরে,So what if the wife hits does she show affection to her husband,negative,Conversation,test
রাগ করে ভাংচুর করে তো কি তার মন ভাল,গুসসা গরে ভাংচুর গরে তো কি ইতার মন গম,So what if he breaks things when he is angry is his mood good then,negative,Drama,val
বেশি পেলে হিংসা করে তো কি,বেশি পাইলে হিংসা গরে তো কি,So what if they get jealous if they receive more,neutral,Drama,train
সে পড়াশুনায় অনেক ভাল,ইতা পড়াশুনাত বহুত গম,He is very good in studies,positive,Social Media,train
মিথ্যা কথা বলে কিন্তু তার চরিত্র ভালো,মিছা হথা কইয়্যরে কিন্তু ইতার চরিত্র গম,He lies but his character is good,positive,Social Media,train
অনেক মেয়ের সাথে ঘুরে কিন্তু বউকে যত্নে কোন ত্রুটি রাখে না,বহুত মাইয়্যার লগে ঘুরি কিন্তু বউরে যত্নেত হোন ত্রুটি ন রাহে,He hangs out with many girls but leaves no fault in caring for his wife,neutral,Conversation,train
মহিলা কুটনামি করে কিন্তু সবার আবার উপকার ও করে,বেডি কুটনামি গরে কিন্তু বেজ্ঞুনের আবার উপকার ও গরে,The woman gossips but also helps everyone,neutral,Conversation,train
মেয়ে অহংকারী কিন্তু চরিত্রবান,মাইয়্যা দেমাগি কিন্তু চরিত্রবান,The girl is arrogant but has good characte,neutral,Conversation,train
মেয়ে নামাজী কিন্তু বাবা মাকে রাগ বেশি দেখায়,মাইয়্যা নামাজী বাপ মাক গুসসা বেশি দেহায়,The girl prays regularly but shows a lot of anger towards her parents,negative,Conversation,train
বউ বেশি পছন্দ করে না কিন্তু স্বামী বলতে পাগল,বউ বেশি ফসন্দো ন গরে কিন্তু সোয়ামি হইতে পল,He dose not like his wife much but he's crazy about what it means to be a husband,neutral,Drama,train
মেয়েটা অসুস্থ হলে যায়,মাইয়্যা অসুস্ত অইলে যায়,The girl gets sick if,positive,Drama,test
বড় অর্জন হল নিজর সম্পর্কে সমালোচনা গ্রহণ করা,ডঁর অর্জন অইল নিজর সম্পর্কে সমালোচনা গ্রহণ গরা,The great achievement is to accept criticism about oneself,positive,Social Media,train
আমি ভুল হবো আমি ভুল করবো,অ্যাঁই ভুল অইয়্যুম অ্যাঁই ভুল গইজ্জুম,I will be wrong I will make mistakes,neutral,Social Media,train
আঙুল দিয়ে দেখিয়ে দিব,আঙুল দি দেহাই দিয়্যুম,I will show by pointing a finger,positive,Conversation,test
আমাকে ভুল বুঝে গ্রহণ করার মানসিকতা থাকতে হবে,অ্যাঁরে ভুল বুঝে গ্রহণ গরিবের মানসিকতা থাইতে অইব্যু,One must have the mentality to accept me even if misunderstood,neutral,Conversation,train
আমি মানুষ ফেরেশতা না,অ্যাঁই মানুষ ফেরেশতা ন,I am human not an angel,positive,Conversation,test
ভুল ধরে দিলে তো ভাল লাগে,ভুল ধরি দিলে তো গম লার,It feels good when mistakes are pointed out,positive,Conversation,train
কিন্তু মানুষ ভুল ধরে দেওয়া একটা করে ফেলে,কিন্তু মানুষ ভুল ধরি দিবে উজ্ঞো গরে ফেলায়,But people make a mistake of pointing out faults,negative,Drama,train
তাহলে আগে তসলিমার বই আপনার পড়তে হবে,তঁইলে আগে তসলিমার বই অনের ফরতে অইব্যু,Then you must first read Taslima's book,neutral,Drama,train
দশজন বলেছে তসলিমা খারাপ,দশজনে হদ্দে তসলিমা হারাপ,Ten people said Taslima is bad,negative,Social Media,train
তার বই আপনি ছুয়েও দেখে না,ইতার বই অনে ছুয়েও ন চ্যাঁই,You do not even touch her books,negative,Social Media,train
তাহলে আপনি অনেক বোকামি করেন,তঁইলে অনে বহুত বোকামি গরন,Then you do a lot of foolish things,negative,Conversation,val
তসলিমার আদর্শ অনাদর্শ পড়তেই হবে,তসলিমার আদর্শ অনাদর্শ ফরতেই অইব্যু,Taslima's ideals and non-ideals must be read,neutral,Conversation,train
একবারে রাস্তায় একটা বহুতল থাকতে দেখে,এব্বেরে রাস্তাত এক্কান বহুতল থাইতে চ্যাঁই,Suddenly saw a multi-storied building on the road,neutral,Conversation,val
লাথি দিয়ে বলল এসব কত খেয়েছে,লাথি দি হইলো এগিন হতো খাইয়্যে,He kicked and said how much of this has he eaten,negative,Conversation,train
আমি বললাম কি বলিস এসব,অ্যাঁই হইলাম কি হইস এগিন,I said What are you saying all this,neutral,Drama,val
আপনার ছেলে নেশা করে আপনি জানেন,অনের ফোয়া নেশা গরে অনে জানেন,Your son does drugs you know,negative,Drama,train
আপনার বন্ধু নেশা করে আপনি জানেন না,অনের বন্ধু নেশা গরে অনে ন জানেন,Your friend takes drugs and you do not know about it,neutral,Social Media,train
বান্ধবী নেশা করে সেটিও জানেন,বান্ধবী নেশা গরে ইয়ানও জানেন,You also know that your girlfriend does drug,neutral,Social Media,train
বয়সের দোষ বলে এড়িয়ে যাচ্ছি,বয়সের দোষ কইয়্যরে এড়াই যাইরগুই,I am avoiding it by calling it a fault of age,negative,Conversation,train
তার মানে আপনি নিজের কবর খুঁড়ে রাখছেন,ইতার মানে অনে নিজর কবর খুঁড়ি রাইক্ষুন,That means you are digging your own grave,negative,Conversation,val
আশ্চর্য আমার আর আমার মায়ের কথা,আসচাইজ্জ অ্যাঁর আর অ্যাঁর মার হথা,It is amazing the words of my mother and mine,positive,Conversation,train
হুমায়ুন আহমেদ অনেক আগে কেমন করে,হুমায়ুন আহমেদ বহুত আগে ক্যান গরে,How was Humayun Ahmed a long time ago,neutral,Conversation,train
আম্মাকে মরার কথা বললেই এমন অপমান করে,আম্মারে মউতের হথা হইল্যেই এন অফমান গরে,If I just mention dying to my mother she insults me like this,negative,Drama,train
আপনার মা আমার কাছে যেমনই,অনের মা অ্যাঁর হাছে যেল্লেই,Your mother is just as she is to me,positive,Drama,train
আপনার কাছে আপনার মা সেরা,অনের হাছে অনের মা সেরা,Your mother is the best to you,positive,Social Media,train
কারণ আপনিই আপনার মাকে ভাল,হারণ অনেই অনের মারে গম,Because you are the one who is good to your mother,positive,Social Media,train
সবাই যা দেখে সেটিই বিচার করে,বেজ্ঞুনে যা চ্যাঁই ইয়ানই বিসার গরে,Everyone judges what they see,neutral,Conversation,train
আপনার বাবা দুনিয়ার একটা মানুষ,অনের বাপ দুনিয়ার উজ্ঞো মানুষ,Your father is a person of this world,positive,Conversation,train
আপনার মায়ের কান্নার জায়গা আছে,অনের মার হান্দনের জাগা আছে,Your mother has a place to cry,neutral,Conversation,train
রাগ করার জায়গা আছে,গুসসা গরিবের জাগা আছে,There is a place to be angry,neutral,Conversation,train
আপনারও আছে রাগ,অনেরও আছে গুসসা,You also have anger,neutral,Drama,train
আপনি মায়ের কাছে যেতে পারবেন,অনে মার হাছে যাইতাম ফারিবেন,You will be able to go to your mother,positive,Drama,train
চাইতে পারে রাগ করতে পারে,চাইত ফারে গুসসা গরিতে ফারে,They can ask they can get angry,neutral,Social Media,train
আপনার মা ও আপনার কাছে চাইতে পারে,অনের মা ও অনের হাছে চাইত ফারে,Your mother can ask you,neutral,Social Media,train
আপনার বাবার কাছে চাইতে পারে,অনের বাপের হাছে চাইত ফারে,Your father can ask you,neutral,Conversation,train
কোন জানোয়ারকে বিয়ে করার থেকে অবিবাহিত থাকলে ভাল,হোন জানোয়াররে বিয়া গরিবের তুন অবিবাহিত থায়লি গম,It is better to remain unmarried than to marry an animal,negative,Conversation,train
বিয়ের পরে বাবা মায়ের কাছে এসে কোন মেয়ে,বিয়ার ফরে বাপ মার হাছে আই হোন মাইয়্যা,Which girl comes to her parents after marriage,neutral,Conversation,train
তার শারীরিক মানসিক নির্যাতনের কথা বলে,ইতার শারীরিক মানসিক নির্যাতনের হথা কইয়্যরে,She talks about her physical and mental abuse,negative,Conversation,train
আর বাবা মা মানে নিতে বলেছে,আর বাপ মা মানই লইত হদ্দে,And parents have told her to accept it,negative,Drama,test
তাহলে বাপ মায়ের বাড়ি ছেড়ে যাওয়া ভাল,তঁইলে বাপ মার বাড়ি ছাড়ি যন গম,Then it is better to leave the parents' house,neutral,Drama,train
তোমাকে পুতুলের মত লাগে,তোঁয়ারে পুতুলের নান লার,You look like a doll,positive,Social Media,test
তুই বুড়ি হলে দেখতে সুন্দর থাকবে না,তুঁই বুড়ি অইলে চ্যাঁইলে সুন্দর ন থাইব,You will not look beautiful when you are old,negative,Social Media,train
বুড়িই হবে না আসলে,বুড়িই ন অইব্যু আসলে,Actually she would not even get old,positive,Conversation,val
একটা মেয়ের বয়স যখন হয়ে যায়,এক্কান মাইয়্যার বয়স যেত্তে অই যায়,When a girl gets older,neutral,Conversation,test
তখন মেয়ে সমাজে পরিবারে আর বালাই ছাড়া কিছু না,তহন মাইয়্যা সমাজত পরিবারত আর বালাই ছাড়া কিসু ন,At that time a girl is nothing but a nuisance in society and in the family,negative,Conversation,val
মেয়েটা মনে করে চাকরি করবে,মাইয়্যা মনত গরে চঅরি গরিবে,The girl thinks she will do a job,neutral,Conversation,train
চাকরি করলে ভবিষ্যৎ ভাল হবে,চঅরি গইল্লি ভবিষ্যৎ গম অইব্যু,If one does a job the future will be good,positive,Drama,val
বাপ মা মনে করে চাকরি পেয়েছিস,বাপ মা মনত গরে চঅরি পাইয়ুস,Parents think you have gotten a job,positive,Drama,val
ভাল ছেলে পাওয়া যাবে,গম ফোয়া পাওন যাইব্যু,A good boy can be found,positive,Social Media,train
মেয়ের একবারে মনে করে এসব,মাইয়্যার এব্বেরে মনত গরে এগিন,The girl thinks all these things at once,neutral,Social Media,train
মনে করে তার জন্য বাবা মা অসুস্থ হয়ে যায়,মনে গরে ইতার লাই বাপ মা অসুস্ত অই যায়,She thinks her parents fall ill because of her,negative,Conversation,train
যে বর্ণনা আমরা পাই তেমন,যে বর্ণনা অ্যাঁরা ফাই ইল্লে,The description we get is like that,neutral,Conversation,train
বড় বড় সুন্দর চোখ তার,ডর ডর সুন্দর চোখ ইতার,She has big beautiful eyes,positive,Conversation,train
চোখে বুদ্ধি ঝলমল করে,চুখত বুদ্ধি ঝলমল গরে,Intelligence gleams in her eyes,positive,Conversation,val
পৃথিবীর সেরা বুদ্ধিমান ছেলের মত,পৃথিবীর সেরা বুদ্ধিমান ফোয়ার নান,Like the most intelligent boy in the world,positive,Drama,train
কুকুর তাকে ঘিরে এমন করে,কুত্তা ইতারে ঘিরে এন গরে,Dogs surround him like this,neutral,Drama,train
যে প্রানটা যাবার দশা হয়,যে পরান্নান যায়বের দশা অয়,The life that is on the verge of perishing,negative,Social Media,test
কোনও মতে প্রানটা নিয়ে এসেছে,হোনও মতে পরান্নান লইয়্যে আইসসে,He somehow managed to save his life,negative,Social Media,train
এমন সময় সে দেখতে পেয়েছে,এল্লে সমত ইতে চ্যাঁইত পাইয়্যে,At that moment he saw,neutral,Conversation,train
কাছে দিয়ে একটা ভেড়া চলে যায়,হাছে দি এক্কান ভেড়া চলি যায়,A sheep passes by him,neutral,Conversation,train
ছুটে গিয়ে শিকার ধরার উপায় নেই,ছুঁডি গিয়্যি শিকার ধরিবার উপায় নাই,There is no way to run and catch the prey,neutral,Conversation,train
কাতর গলায় ভেড়াকে ডেকে বলল,কাতর গলাত ভেড়ারে ডাহি হইলো,He called out to the sheep in a piteous voice,negative,Conversation,train
ভাই একবারে এই দিকে আসবে,বদ্দা এব্বেরে এই মিক্কে আইব্যা,Brother will come this way at once,neutral,Drama,train
ডাক শুনে ভেড়া বলল,ডাক শুনি ভেড়া হইলো,Hearing the call the sheep said,neutral,Drama,train
কিন্তু না এসে বলল কি বলতে চাও বল,কিন্তু ন আই হইলো কি হইতে চাও হ,But instead of coming it saidTell me what you want to say,neutral,Social Media,train
আমি শুনলে যাবো না,অ্যাঁই হুনিলে ন যাইয়্যুম,If I hear it i would not go,negative,Social Media,train
কোথাও কিছু না ক্লান্ত হয়ে,কোনমিক্কে কিসু ন ক্লান্ত অই,Nowhere tired from doing nothing,negative,Conversation,train
একটা ডুমুর গাছের নিচে এসে বসে,এক্কান ডুমুর গাছর তলাত আই বৈ,He came and sat under a fig tree,neutral,Conversation,train
সে দেখল অনেক ডুমুর ফল,ইতে চ্যাঁইল বহুত ডুমুর ফল,He saw many fig fruits,positive,Conversation,train
তখন সে ডুমুর খেতে গিয়ে দেখল,তহন ইতে ডুমুর হাইতে গিয়্যি চ্যাঁইল,A sheep passes by him,neutral,Conversation,train
তখনও ভাল করে পাকে নি,তহনও গম গরে ন ফাকে,It had not ripened well yet,negative,Drama,train
আর নরম হলে খাওয়া যাবে,আর নরম অইলে হাওন যাইব্যু,And if it is soft it can be eaten,positive,Drama,train
দাঁড়কাক মনে করে অপেক্ষা করলে ফল পাকবে,দাঁড়কাক মনত গরে অপেক্ষা গইল্লি ফল পাকিব্যু,The crow thinks that if it waits the fruit will ripen,neutral,Social Media,train
আশায় ডুমুর গাছে বসে থাকল,আশাত ডুমুর গাছেত বৈ থাকিল,He stayed sitting on the fig tree in hope,positive,Social Media,train
আর কোথাও খাবারের খোজে যায় না,অ্যাঁর কোনমিক্কে হানার খোজে ন যায়,He does not go anywhere else in search of food,negative,Conversation,train
দাঁড়কাক বলল ভাই ডুমুর ফল খাবার আশায় বসে থাকে,দাঁড়কাক হইলো বদ্দা ডুমুর ফল হাওনর আশাত বৈ থাহে,The crow said brother it waits in hope of eating the fig fruit,neutral,Conversation,train
এখন ডুমুর পাকবে,এহন ডুমুর পাকিব্যু,Now the figs will ripen,positive,Conversation,test
তখন পেট ভরে খাবো,তহন পেট ভরি হাইয়্যুম,Then I will eat to my hears content,positive,Conversation,train
একদিন পেট আর পায়ের মধ্যে কথা হল,একদিন পেট আর ঠ্যাংঅর মাজে হথা অইল,One day there was a conversation between the stomach and the legs,neutral,Drama,train
শক্তি বেশি সেটি নিয়ে,শক্তি বেশি ইয়েন লইয়্যে,Having more strength with that,neutral,Drama,train
পা পেটকে বলে তোমাকে নিয়ে,ঠ্যাং পেটরে কইয়্যরে তোঁয়ারে লইয়্যে,The legs say to the stomach about you,neutral,Social Media,train
তাহলে আমারই শক্তি বেশি,তঁইলে অ্যাঁরই শক্তি বেশি,Then my strength is greater,positive,Social Media,train
কিন্তু আমি পেট আমিই খাবার হজম করি,কিন্তু অ্যাঁই পেট অ্যাঁইই হানা হজম গরি,But I am the stomach I digest the food,positive,Conversation,test
তোমার পুষ্টি যোগাই হাঁটতে পারবি,তোঁয়ার পুষ্টি যোগাই আডিত ফারিবি,I supply your nutrition so you can walk,positive,Conversation,val
পা বলল আমি হেঁটে খাবার করে এনে দেই,ঠ্যাং হইলো অ্যাঁই আডি হানা গরে আনি দি,The leg said i will walk and bring the food,neutral,Conversation,train
এজন্য আমরা খাবার পাই,এতেল্লেই অ্যাঁরা হানা ফাই,This is why we get food,positive,Conversation,train
পেট বলল আমিই তো তোমাকে হাঁটার শক্তি দেই,পেট হইলো অ্যাঁইই তো তোঁয়ারে আডিবার শক্তি দি,The stomach said i am the one who gives you the strength to walk,positive,Drama,test
আমি যদি শক্তি না দেই তোমার কি হবে,অ্যাঁই যদি শক্তি ন দি তোঁয়ার কি অইব্যু,If I do not give strength what will happen to you,negative,Drama,train
তুই কি করবি তখন আমাকে বল,তুঁই কি গরিবি তহন অ্যাঁরে হ,Tell me then what will you do,neutral,Social Media,train
চোর একটা বাড়িতে চুরি করতে এসেছে,চোর এক্কান বাড়িত চুরি গরিতে আইসসে,A thief has come to a house to steal,negative,Social Media,train
একটি মোরগ ছাড়া আর কিছু পায় না,উজ্ঞো লাতাকুরো ছাড়া আর কিসু ন পায়,He gets nothing but a rooster,neutral,Conversation,train
মোরগ নিয়ে যখন সেটি জবাই করতে গেল,লাতাকুরো লইয়্যে যেত্তে জবাই গরিতে গিল,When he took the rooster to slaughter it,neutral,Conversation,val
তখন তাকে মোরগ কাকুতিমিনুতি করতে লাগে,তহন ইতারে লাতাকুরো কাকুতিমিনুতি গরিতে লার,At that time the rooster starts to plead with him,negative,Conversation,train
আমাকে ছেড়ে দাও ভাই আমি উপকার করি,অ্যাঁরে ছাড়ি দ বদ্দা অ্যাঁই উপকার গরি,Let me go brother I do good deeds,positive,Conversation,train
তারা বেশি কাজ করার সুযোগ হবে,ইতারা বেশি কাম গরিবের সুজুগ অইব্যু,They will have more opportunities to work,positive,Drama,train
ভোরের আগেই আমি ডেকে তাদের জাগিয়ে দেই,পইত্তের আগেই অ্যাঁই ডাহি ইতারার জাগিয়ে দি,I wake them up by calling them before dawn,neutral,Drama,val
একটা চোর বলল এজন্য তো তোকে আগে খতম করা আমার বেশি দরকার,উজ্ঞো চোর হইলো এতেল্লেই তো তুঁরে আগে খতম গরা অ্যাঁর বেশি দরহার,A thief said That is why it is more important for me to finish you first,negative,Social Media,train
তারা জাগলে চুরি করার সুযোগই নেই,ইতারা জাগলে চুরি গরিবের সুজুগই নাই,If they wake up there is no opportunity to steal,negative,Social Media,train
সংসার চালানোর জন্য অনেক মুরগি রাখে,সংসার চলান্যির লাই বহুত কুরো রাহে,They keep many chickens to run the household,positive,Conversation,train
মুরগি যে ডিম দেয় বাজারে নিয়ে যায়,কুরো যে দিম দে বাজারত লইয়্যে যায়,The eggs that chickens lay are taken to the market,positive,Conversation,test
যে টাকা পায় তাই দিয়ে মোটামুটি সংসার চালায় নিতে হয়,যে টিঁয়া পায় তাই দি মোটামুটি সংসার চালাই লইত অয়,With whatever money is earned one has to somehow manage the household,neutral,Conversation,train
গুপ্তধনের মধ্যে কি আছে,গুপ্তধনর মাজে কি আছে,What is inside the treasure,neutral,Conversation,train
মনে রাখবে গুপ্তধন শুধু তোমার জন্য,মনত রাইবো গুপ্তধন উধে তোঁয়ার লাই,Remember the treasure is only for you,positive,Drama,train
অন্য কার হাতে যদি এই গাঞ্জনামা বা গুপ্তধন যায়,অন্য হার আঁতত যদি এই গাঞ্জনামা বা গুপ্তধন যায়,If this ganjanama or treasure goes into someone else's hand,neutral,Drama,train
তাহলে কাজে লাগাতে পারবে না,তঁইলে কামে লাগুন ন ফাইত্ত,Then they would not be able to utilize it,negative,Social Media,train
চেষ্টা করবে চুপিচুপি কাজ করতে,চেষ্টা গরিবে চুপিচুপি কাম গরিতে,He will try to work stealthily,neutral,Social Media,test
কেউ যেন টের না পায় দেখিস,কেউ যেন টের ন পায় চ্যাঁইস,Make sure no one finds out,negative,Conversation,val
কাগজের টুকরো খুঁজে পেলে একটা নিরিবিলি জায়গায় যাবি,কাগজর টুরো তোঁয়াইন পাইলে উজ্ঞো নিরিবিলি জাগাত যাবি,If you find the piece of paper go to a quiet place,neutral,Conversation,train
জায়গায় গিয়ে নকশা দেখবে,জাগাত গিয়্যি নকশা চ্যাঁইবে,Go to the place and look at the design,neutral,Conversation,test
কাজে তোমার সাথে রাখবে না,কামে তোঁয়ার লগে ন রাইবো,They would not keep you with them for the work,negative,Conversation,train
অলস আর গরিব যুবকের ঘুম ভেঙ্গে গেল,অলস আর গরিব মরতফোয়া ঘুম ভাঙি গিল,The lazy and poor young man woke up from his sleep,neutral,Drama,train
অনেক আনন্দিত সে,বহুত আনন্দিত ইতে,He is very happy,positive,Drama,train
রাতের বেলায় অলস যুবক গিয়ে প্রতিবেশির দোকানে,রাইতের বেলাত অলস মরতফোয়া গিয়্যি প্রতিবেশির দোকানত,At night the lazy young man went to the neighbor's shop,neutral,Social Media,train
গভীর মনোযোগের সাথে স্বপ্ন দেখায়,গভীর মনোযোগের লগে খোয়াব দেহায়,Shows dreams with deep concentration,positive,Social Media,train
সেই পুরাতন ছেঁড়া কাগজ খুঁজতে লাগে,সেই পুরাইন্না ছেঁড়া কাগজ তোঁয়াইতে লার,He started looking for that old torn paper,neutral,Conversation,train
দোকানদারকে হাসি ঠাট্টায় মগ্ন রেখে সে গাঞ্জনামা খুঁজে পেয়েছে,দোকানদারইবারে হাসি ঠাট্টাত মগ্ন রাহি ইতে গাঞ্জনামা তোঁয়াইন পাইয়্যে,Keeping the shopkeeper engrossed in laughter and jokes he found the ganjanama,positive,Conversation,val
জামার ভিতরে লুকিয়ে ফেলল,জামার বিতুরে লুয়োই ফেলাইলো,He hid it inside his shirt,negative,Conversation,train
গাঞ্জনামাত লেখা ছিল,গাঞ্জনামায় লেহা আইসসিল,It was written in the ganjanama,neutral,Conversation,val
শহরে বাহিরে প্রাচীন একটা কেল্লা আছে,শহোরত বাইরে এক্কান কেল্লা আছে,There is an ancient fort outside the city,neutral,Drama,val
একবারে ধ্বংস হয়ে গেছে,এব্বেরে ধ্বংস অই গেইয়্যে,It has been completely destroyed,negative,Drama,train
কেল্লার পিছনে একটা গম্বুজ আছে,কেল্লার ফিছে উজ্ঞো গম্বুজ আছে,There is a dome behind the fort,neutral,Social Media,test
এখানে যেয়ে কেল্লার হয়ে থাকতে,এডে যাই কেল্লার মিক্কে অই থাইতে,Go there and stay at the fort,neutral,Social Media,train
ধনুকে একটা তীর লাগিয়ে,ধনুকত উজ্ঞা তীর লাগাই,Attaching an arrow to the bow,neutral,Conversation,train
তীর যেখানে যেয়ে লাগে সেখানে খনন করবে,তীর যেডে যাই লার ওডে খনন গরিবে,Dig where the arrow lands,neutral,Conversation,test
বাদশা আদেশ করল যুবককে তার সামনে হাজির করতে,বাদশা আদেশ গরিল মরতফোয়ারে ইতার সামনে হাজির গরিতে,The king ordered the young man to be brought before him,neutral,Conversation,train
বাদশা যুবককে জিজ্ঞাসা করল,বাদশা মরতফোয়ারে পুঁছার গরিল,The king asked the young man,neutral,Conversation,val
ঘটনা কী গাঞ্জনামা পেয়েছো,ঘটনা কী গাঞ্জনামা ফাইয়্যু,What is the matter Have you found the ganjanama,positive,Drama,train
গাঞ্জনামা আর মাটিতে গুপ্তধন পেয়েছো দিতে হবে,গাঞ্জনামা আর মেডিত গুপ্তধন ফাইয়্যু দন অইব্যু,ou have to give the ganjanama and the treasure found in the ground,negative,Drama,train
যুবক অনেক ভয় পেয়েছে,মরতফোয়া বহুত ডর পাইয়্যে,The young man got very scared,negative,Social Media,train
ঘটনা বাদশারে খুলি বলল,ঘটনা বাদশাকে খুলে হইলো,The incident was revealed to the king,neutral,Social Media,train
হাতে দিয়ে কসম করে বলে,আঁতত দি হচম গরে কইয়্যরে,He swears holding it in his hand and says,neutral,Conversation,train
আমি কানাকড়িও পাই নি,অ্যাঁই কানাকড়িও ন ফাই,I did not get even a single penny,negative,Conversation,train
এই গাঞ্জনামা আসলে ভুয়া দেখে বলল,এই গাঞ্জনামা আসলে ভুয়া চ্যাঁই হইলো,Seeing this ganjanama he said it is actually fake,negative,Conversation,train
বাদশা মনে করে যুবক ভুল কথা বলে,বাদশা মনত গরে মরতফোয়া ভুল হথা কইয়্যরে,The king thinks the young man is speaking falsely,negative,Conversation,test
আদেশ করল যুবককে তল্লাসি করার জন্য,আদেশ গরিল মরতফোয়ারে তল্লাসি গরিবের লাই,He ordered to search the young man,neutral,Drama,train
গুপ্তধন কোথায় সন্ধান পেলে তাকে বলতে,গুপ্তধন হডে সন্ধান পাইলে ইতারে হইতে,ell him if you find the treasure,neutral,Drama,train
তারা যুবকের ঘর তল্লাশি করল কিন্ত কিছু নেই,ইতারা মরতফোয়ার ঘর তল্লাশি গরিল কিন্ত কিসু নেই,They searched the young man's house but found nothing,negative,Social Media,train
বাদশা তাকে ছেড়ে দেওয়ার আদেশ করল,বাদশা ছাড়ি দিবের আদেশ গরিল,The king ordered him to be released,positive,Social Media,train
আদেশ করল উন্নত তীর কামান হাজির করার জন্য,আদেশ গরিল উন্নত তীর কামান হাজির গরিবের লাই,He ordered advanced bows and cannons to be brought,neutral,Conversation,train
বাদশা কিছুই পায় না,বাদশা কিসুই ন পায়,he king finds nothing,negative,Conversation,train
বাদশা একটা একটা করে ছয় মাস পার করল,বাদশা উজ্ঞা উজ্ঞা গরে ছ মাস ফার গরিল,The king passed six months one by one,neutral,Conversation,train
গুপ্তধন কাজ হয় না,গুপ্তধন কাম ন অয়,The treasure does not work,negative,Conversation,train
এলাকায় হেঁটে যাওয়ার জায়গা নেই,এলাহাত আডি যনঅর জাগা নাই,There is no place to walk in the area,neutral,Drama,train
কাজ কঠিন হয়ে গেছে,কাম কোদিন অই গেইয়্যে,The work has become difficult,negative,Drama,train
বাদশা হতাশ হয়ে পড়েছে,বাদশা হতাশ অই ফইজ্জে,The king has become disappointed,negative,Social Media,train
ডেকে এনে মারবে তোকে,ডাহি আনি মারিব্যু তোঁরে,They will call you and beat you,negative,Social Media,train
যুবক আসার সময় বাদশার কথা বলল,মরতফোয়া আইসসিল সমত বাদশার হথা হইলো,The young man spoke of the king when he arrived,neutral,Conversation,val
গাঞ্জনামা তার দিকে ছুড়ে মারি,গাঞ্জনামা ইতার মিক্কে মেলা মারি,I throw the ganjanama at him,negative,Conversation,val
এটি হল তোর ভুয়া গাঞ্জনামা,ইবে অইল তুঁর ভুয়া গাঞ্জনামা,This is your fake Ganjanama,negative,Conversation,val
ছয় মাস আমার মূল্যবান সময় নষ্ট হল,ছ মাস অ্যাঁর মূল্যবান সমত নষ্ট অইল,Six months of my valuable time were wasted,negative,Conversation,train
যুবক বলল মহারাজ আমি তো বলছি,মরতফোয়া হইলো মহারাজ অ্যাঁই তো হইদ্দি,The young man said Maharaj I am telling you,positive,Drama,train
আমাকেও প্রতারিত করেছে,অ্যাঁরেও প্রতারিত গইজ্জে,He has also deceived me,negative,Drama,test
তুই জানিস এটি একটা ভুয়া গাঞ্জনামা,তুঁই জানোস ইবে এক্কান ভুয়া গাঞ্জনামা,You know this is a fake Ganjanama,negative,Social Media,train
বাদশা বলল তোর গাঞ্জনামা নিয়ে এখানে থেকে,বাদশা হইলো তুঁর গাঞ্জনামা লইয়্যে ইয়েন তুন,The king said Take your Ganjanama and stay here,neutral,Social Media,train
যদি গুপ্তধন পাস সেটি তোর,যদি গুপ্তধন পাস ইয়ান তুঁর,If you find the treasure it is yours,positive,Conversation,train
আমাকে দিতে হবে না তোর,অ্যাঁরে দন ন অইব্যু তুঁর,You do not have to give it to me,neutral,Conversation,train
কিন্তু যদি না পাস হতাশ হবে না,কিন্ত যদি ন পাস হতাশ ন অইব্যু,But if you do not get it do not be disappointed,positive,Conversation,train
যে গুপ্তধন কষ্ট ও শ্রমে সাথে আসে,যে গুপ্তধন কষ্ট ও শ্রমে লগে অ্যাইয়ে,The treasure that comes with hardship and labor,neutral,Conversation,test
যুবক গাঞ্জনামা নিয়ে ঘরে আসে,মরতফোয়া গাঞ্জনামা লইয়্যে ঘরত অ্যাইয়ে,The young man comes home with the Ganjanama,neutral,Drama,val
রাতে আমার কাছে কান্নাকাটি করে,রাইতে অ্যাঁর হাছে কান্নাকাটি গরে,She cries to me at night,negative,Drama,train
তার কথা আর কি বলবো,ইতার হথা আর কি হইয়্যুম,What more can I say about her,neutral,Social Media,train
ও খোদা আমাকে ক্ষমা কর,ও খোদা অ্যাঁরে ক্ষমা গর,Oh God forgive me,positive,Social Media,train
আমি লোভ করে ফেলেছি,অ্যাঁই লোভ গরে ফেলাইয়্যি,I have become greedy,negative,Conversation,test
বিনাশ্রমে তোমার কাছে গুপ্তধন চেয়েছি,বিনাশ্রমত তোঁয়ার হাছে গুপ্তধন চাইলাম,I have asked for treasure from you without effort,negative,Conversation,train
লোক স্বপ্নে দেখে আমাকে,লোক খোয়াবে চ্যাঁই অ্যাঁরে,People see me in dreams,neutral,Conversation,train
কেন সে গুপ্তধন পায় না,কিল্লাই ইতে গুপ্তধন ন পায়,Why does he not get the treasure,neutral,Conversation,train
তুই গুপ্তধনের জন্য কাজ করিস,তুঁই গুপ্তধনর লাই কাম গরিস,You work for the treasure,positive,Drama,train
এজন্য গাঞ্জনামা ভাল করে,এতেল্লেই গাঞ্জনামা গম গরে,That is why the ganjanama is good,positive,Drama,train
বুঝতে হবে কাজ করতে,ঠওর অইব্যু কাম গরিতে অইব্যু,You have to understand to work,negative,Social Media,train
তোমাকে তো আমার বলার কথা,তোঁয়ারে তো অ্যাঁর হইবের হথা,I was supposed to tell you,neutral,Social Media,train
ভাল করে টেনে লাগিয়ে,গম গরে টেনে লাগাই,Pull it tight and attach it well,neutral,Conversation,train
তীর কামানে লাগিয়ে,তীর কামানত লাগাই,Attaching the arrow to the bow,neutral,Conversation,train
তীর মাটির পড়েছে,তীর মেডিত ফইজ্জে,The arrow has fallen to the ground,neutral,Conversation,test
আমরা কোথায় ঘুরবো কালকে,অ্যাঁরা হডে গুইজ্জুম হালিয়্যে,Where will we go for a trip tomorrow,positive,Conversation,train
গাঞ্জনামা হাতে নিয়ে ভাল করে দেখলে,গাঞ্জনামা আঁতত লইয়্যে গম গরে চ্যাঁইলে,He took the ganjanama in hand and looked at it carefully,neutral,Drama,train
স্বপ্নে দেখাত আমাকে,খোয়াবে দেখাইত্যু অ্যাঁরে,Attaching the arrow to the cannon,neutral,Drama,train
গাঞ্জনামায় কোথায় তীরের কথা নেই,গাঞ্জনামাত হডে তীরের হথা নাই,Where in Ganjnama is there no mention of the arrow,neutral,Social Media,train
সে গেল পুরাতন কেল্লার পিছনে,ইতে গিল পুরাইন্না কেল্লার ফিছে,The arrow fell behind the old fort on his foot,neutral,Social Media,train
তীর তার পায়ের মাটিতে পড়েছে,তীর ইতার ঠ্যাংঅর মেডিত ফইজ্জে,The arrow landed on the ground near his fee,neutral,Conversation,test
সে অনেক গুপ্তধন পেয়েছে,ইতে বহুত গুপ্তধন পাইয়্যে,He found a lot of hidden treasure,positive,Conversation,val
অলস ছেলে গুপ্তধন গল্প শুনি,অলস ফোয়া গুপ্তধন গফ ফুনি,The lazy boy did not hear the treasure story,negative,Conversation,train
নিজের ভিতরে গুপ্তধন খুঁজে বাহির করা,নিজর বিতুরে গুপ্তধন তোঁয়াইন বাইর গরা,Find the treasure within yourself,positive,Conversation,train
প্রাচীনকালে এক বাদশা ছিল বুদ্ধিমান,প্রাচীনকালত উজ্ঞো বাদশা আইসসিল বুদ্ধিমান,In ancient times there was a wise king,positive,Drama,train
তার ছিল অনেক চাকর,ইতার আইসসিল বহুত চাকর,He had many servants,positive,Drama,train
চাকরকে অত্যাচার করে রাজা,চাকররে জুলুম গরে রাজা,The king oppressed the servants,negative,Social Media,val
একটা বুদ্ধিমান চাকরের ভাল লাগছে না,উজ্ঞো বুদ্ধিমান চাকরের গম ন লার,One intelligent servant did not like it,negative,Social Media,train
একটা রাতে সে গেল প্রাসাদ থেকে,উজ্ঞো রাইতে ইতে গিল প্রাসাদ তুন,One night he left the palace,neutral,Conversation,train
কিন্তু কতদূর যাবে সে,কিন্তু হদ্দুর যাইব্যু ইতে,But how far could he go,negative,Conversation,train
প্রাসাদের চারদিকে তো পাহারা দেয়,প্রাসাদর চারমিক্কে তো পাহারা দে,The palace was guarded on all sides,positive,Conversation,test
রাজা সেপাই হাতে খবর দিয়েছে,রাজা সেপাই আঁতত হবর দিইয়্যি,The king had sent news through his soldiers,neutral,Conversation,train
সে কারণে গোলাম দৌড় দিয়েছে,ইতে হারণে গোলাম দোর দিইয়্যি,For that reason the servant ran,neutral,Drama,train
একটা জায়গায় গিয়ে দেখলাম,এক্কান জাগাত গিয়্যি দেইক্কি,He saw a spot,neutral,Drama,train
অল্প সময় রাজার কানে খবরটা গেলে,অল্প সমত রাজার হানত হবরটা গ্যিলে,Soon the news reached the kings ears,neutral,Social Media,train
রাজা অনেক রাগ করে খবর শুনে,রাজা বহুত গুসসা গরে হবর ফুনে,The king got very angry after hearing the news,negative,Social Media,train
আদেশ করে সেপাই একটা দল,আদেশ গরে সেপাই এক্কান দল,He commanded a group of soldiers,neutral,Conversation,train
গোলামকে খুঁজে বাহির করে তার সামনে হাজির করে,গোলামরে তোঁয়াইন বাইর গরে ইতার সামনে হাজির গরে,He found and brought Gholam presenting him before them,neutral,Conversation,train
আমার যা আছে আমার দরকার আর সুন্দর,অ্যাঁর যা আছে অ্যাঁর দরহার আর সুন্দর,What I have I need more beautiful,positive,Drama,train
আলাদা করে পছন্দ নেই,জুদা গরে ফসন্দো নাই,I don't have a separate preference,neutral,Drama,test
আমার চাহিদা পূরণ হবে,অ্যাঁর চাহিদা পূরণ অইব্যু,My demands will be met,positive,Social Media,train
সেটি সুন্দর সেটি প্রিয়,ইয়ান সুন্দর ইয়ান প্রিয়,It's beautiful it's beloved,positive,Conversation,train
কথা শুধু আমি আমরা না সবার সাথে মিলে যাবে,হথা উধে অ্যাঁর ন বেজ্ঞুনের লগে মিলিয়ে যাইব্যু,These words will be relatable to everyone not just me or us,positive,Conversation,train
দিনের শেষে ভাল আছি তো,দিনর শেষে গম আছি তো,At the end of the day i am good,positive,Drama,train
তখন তোমরা স্কুলে পড়,তহন তোঁয়ারা স্কুলুতঁ ফর,At that time you all studied in school,neutral,Drama,train
গ্রীষ্মকাল ছুটি শেষে পাবনা থেকে নগরবাড়ি হয়ে ঢাকা আসছি,গরমহাল ছুটি শেষে পাবনা তুন নগরবাড়ি অই ঢাকা আইর,After the summer vacation i am coming to Dhaka from Pabna via Nagarbari,neutral,Social Media,train
আমাদের গাড়ি যখন নগরবাড়ি ঘাটে এসে থামে,অ্যাঁরার গাড়ি যেত্তে নগরবাড়ি ঘাডত আই থামে,When our car stops at Nagarbari Ghat,neutral,Social Media,train
ফেরী আসতে তখন অনেক দেরি হবে,ফেরী আইত তহন দেরি অইব্যু,The ferry will be very late to arrive then,negative,Conversation,val
আমি বাস থেকে নেমে নদীর কূল ধরে যাই,অ্যাঁই বাস তুন লামি নদীর কূল ধরি যাই,I get off the bus and go along the river bank,neutral,Conversation,train
তখন ফেরী ঘাটে বেশি যানজট ছিল না,তহন ফেরী ঘাডত বেশি যানজট ন আইসসিল,There wasn't much congestion at the ferry pier at that time,positive,Conversation,train
লোক জনের এত ছিল না,লোক জনর এত ন আইসসিল,There weren't many people,neutral,Drama,train
খুব ভাল লাগছে ধারে,বহুত গম ল্যার ধারত,It feels really nice around here,positive,Drama,train
জায়গায় জায়গায় শব্দ করে ভেঙ্গে পরে,জাগাত জাগাত শব্দ গরে ভাঙি ফরে,It breaks with a noise and collapses in various spots,negative,Social Media,val
যমুনার বুক ভরে পানি,যমুনার বুক ভরি পানি,The Jamuna's bosom is full of water,neutral,Conversation,train
পদ্মার পানির স্রোতের চলে,পদ্মার পানির স্রোতর চলি,It moves with the current of the Padma's water,neutral,Conversation,train
কি সুন্দর কখন হাঁটে থাকি কখন চলে,কি সুন্দর কহন আডে কহন চলি,How lovely! Sometimes it's walking sometimes it's going,positive,Conversation,test
কি সুন্দর বাতাসের শব্দ,কি সুন্দর বাতাসর শব্দ,What a beautiful sound of the wind,positive,Drama,train
নজরুলের মত আমার মাথার চুল,নজরুলর নান অ্যাঁর চুল,I have hair like Nazrul,neutral,Social Media,train
হাঁটে হাঁটে অনেক দূরে পর্যন্ত চলে যাই,আডে আডে বহুত দূরে পইযুন্ত চলি যাই,I walk and walk until I go very far,neutral,Conversation,train
হঠাৎ খেয়াল হয় থেকে যাই,আতিক্কে খেয়াল অয় থাই যাই,Suddenly I realize I should stay,neutral,Conversation,val
ফিরে আসতে থাকি ঘাটের দিকে,ফিরি আইত থাহি ঘাডর মিক্কে,I keep coming back towards the ghat,neutral,Conversation,train
সামনে কোন কিছু নেই,সামনে হোন কিসু নাই,There's nothing in front,neutral,Conversation,train
ছোট সাইনবোর্ড লাগাবো,ছোড সাইনবোর্ড লাগাইয়্যুম,I will put up a small signboard,neutral,Drama,test
হোটেল ঘাটের দিকে থেকে সবার শেষে,হোটেল ঘাডর মিক্কে তুন বেজ্ঞুনে শেষ,From the hotel towards the ghat at the very end,neutral,Drama,train
অনেক দূরে এবং নিরিবিলি,বহুত দূরে এবং নিরিবিলি,Very far and secluded,neutral,Social Media,train
নদীর কূলের একটা বড় খাবার দোকানে,নদীর কূলর উজ্ঞো ডঁর হানা দোকানত,At a large food shop on the riverbank,neutral,Social Media,val
লাবণ্য নাম আমার সব সময় প্রিয়,লাবণ্য নাম অ্যাঁর হক্কল সমত প্রিয়,Labonnya is always my favorite name,positive,Conversation,train
শেষের কবিতা অনেক বার পড়,শেষর কবিতা বহুত ফর,Read Shesher Kobita many times,neutral,Conversation,train
অনেক বার আমি লাবণ্যের প্রেমে,বহুত বার অ্যাঁই লাবণ্যর ফিরিতওত,Many times I was in love with Labonnyo,positive,Conversation,train
আজ এই নামে প্রেমে পড়েছে,আজিয়ে এই নামে ফিরিতওত ফইজ্জে,Today she fell in love with this name,positive,Drama,train
ভিতরে একটা পুরাতন জায়গায় একটা লোক আছে,বিতুরে উজ্ঞো পুরাইন্না জাগাত উজ্ঞো লোক আছে,Inside an old place there is a person,neutral,Conversation,test
মনে হচ্ছে সে মালিক,মনত অইলদে ইতে মালিক,It seems he is the owner,neutral,Conversation,train
আর সে কর্মচারী মালিক না,আর ইতে কর্মচারী মালিক ন,And he is an employee not the owner,neutral,Conversation,train
পিছনের দিকে রান্না ঘর আছে,পিছর মিক্কে রান্না ঘর আছে,There's a kitchen at the back,neutral,Drama,train
সব লোক অনেক ভাল মনে হচ্ছে,হক্কল লোক বহুত গম মনত অইলদে,Everyone seems very nice,positive,Social Media,val
আমি তাকে বললাম চাচা চা হবে,অ্যাঁই ইতারে হইলাম চাচা চা অইব্যু,I told him Uncle will there be tea,neutral,Conversation,train
লোক বলল চা হবে না,লোক হইলো চা ন অইব্যু,The person said there would be no tea,negative,Conversation,train
কিন্তু ব্যবস্থা করা দেয়া যাবে,কিন্তু ব্যবস্থা গরা যাইব্যু,But it can be arranged,positive,Conversation,val
লোক বলল তার মাকে একটু ডাকো,লোক হইলো ইতার মারে এক্কানা ডাহো,The person said Please call his mother,neutral,Drama,train
আমি বললাম তুই বিয়ে করলে কেন,অ্যাঁই হইলাম তুঁই গইল্লি কিল্লাই,I asked Why did you get married,neutral,Social Media,train
সে মনে হয় খুব ভালবাসে,ইতে মনত অয় বহুত ভালবাসে,He seems to love deeply,positive,Social Media,train
আমি আগে বিয়ে করেছি,অ্যাঁই আগে বিয়া গইজ্জি,I got married before,neutral,Conversation,train
খুব সুন্দরি ছিল আমার বউ,বহুত সুন্দরি আইসসিল অ্যাঁর বউ,My wife was very beautiful,positive,Drama,test
ঘর করার পরে একটা নৌকা নিয়ে চলে যায়,ঘর গরিবের ফরে উজ্ঞো নাও লইয়্যে চলি যায়,After building a house he leaves with a boat,neutral,Drama,train
বিয়ে করি সে পরে তার সাথে চলে যায়,বিয়া গরে ইতে ফরে ইতার লগে চলি যায়,He marries and then later leaves with him,neutral,Social Media,train
তারপর আবার বিয়ে করি,তারপর আবার বিয়া গরি,Then I got married again,neutral,Conversation,train
একটা চোখ কানা বিধবা বিয়ে করি,উজ্ঞো চুখ কানা বিধবা বিয়া গরি,I married a one-eyed widow,neutral,Conversation,train
সে একটা বছর পরে চলে যায়,ইতে উজ্ঞো বছর ফরে চলি যায়,He leaves after a year,neutral,Conversation,train
এমন করে সবাই আমাকে ছেড়ে চলে গেছে,এন গরে বেজ্ঞুনে অ্যাঁরে ছাড়ি চলি গেইয়্যে,Everyone has left me like this,negative,Drama,train
তারপর আর বিয়ে করি না,তারপর আর বিয়া ন গরি,After that I didn't get married again,neutral,Social Media,val
দৌলতদিয়া লাবণ্যের সাথে আমার পরিচয় হয়,দৌলতদিয়া লাবণ্যর লগে অ্যাঁর পরিচয় অয়,I met Labonnyo at Daulatdia,neutral,Social Media,test
তখন থেকে তাকে আমার ভাল লাগে,তহন তুন ইতারে অ্যাঁরে গম লার,From then on I liked him,positive,Conversation,train
তখন থেকে সে আমাকে ভালবাসে,তহন তুন ইতে অ্যাঁরে ভালবাসে,From then on she loved me,positive,Conversation,train
কেমন করে তাকে নিয়ে এসেছেন,ক্যান গরে ইতারে লইয়্যে আইসসুন,How did you bring her,neutral,Drama,train
আর তাকে বিয়ে করলাম কখন,আর ইতারে বিয়া গইল্লাম কহন,And when did I marry her,neutral,Social Media,train
সে অনেক বড় গল্প তুই যাবি,ইতে বহুত ডঁর গফ তুঁই যাবি,That's a very long story will you go,neutral,Conversation,test
তোমার সাথে যদি দেখা হয় তখন বলবি,তোঁয়ার লগে যদি দেহা অয় তহন হবি,If I meet you then I will tell,neutral,Conversation,test
আমরা তাকে বিয়ে করি,অ্যাঁরা ইতারে বিয়া গরি,We marry him,neutral,Conversation,train
আমাদের কোন হুজুর বিয়ে দেয় না,অ্যাঁরার হোন উজুর বিয়া ন দে,No hujur marries us,negative,Drama,train
আমাদের কোন কাবিননামা নেই,অ্যাঁরার হোন কাবিননামা নাই,We don't have a kabin-nama,negative,Drama,train
কাবিন করে না হুজুর বিয়ে দেয় না,কাবিন গরে না উজুর বিয়া ন দে,The hujur doesn't perform the kabin nor officiate the marriage,negative,Social Media,train
বউ এসে দরজা খুলে দিয়েছে,বউ আই দরজা খুলি দিইয়্যি,The wife came and opened the door,neutral,Social Media,val
একটা কাজে সে বাহিরে চলে গেল,উজ্ঞো কামে ইতে বাইরে চলি গিল,He went outside for some work,neutral,Conversation,train
সে আর কিছু বলার আগে সে বলল,ইতে আর কিসু হইবের আগে হইলো,Before he could say anything else he said,neutral,Conversation,train
কেমন আছেন ভাবি,ক্যান আছোন ভাবি,How are you Sister-in-law,neutral,Drama,train
ভাই ভাল তুই কেমন আমাকে,বদ্দা গম তুঁই ক্যান অ্যাঁরে,Brother I am good How are you,positive,Drama,train
ভাল আছি ভাবি বাকি সবাই কোথায়,গম আছি ভাবি বাকি বেজ্ঞুনে হডে,I am well Sister-in-law where is everyone else,neutral,Social Media,train
আজ অনেক দিন পরে এসেছে তো,আজিয়ে বহুত দিন ফরে আইসসে তো,So he came after many days today,neutral,Social Media,train
এখানে থেকে কি সব খবর নিবে ভিতরে আসবে না,ইয়েন তুন কি হবর লইবে বিতুরে ন আইব্যু,Will you take all the news from here or will you not come inside,neutral,Conversation,train
সবাই কিছু না বলে ভিতরে চলে গেল,বেজ্ঞুনে কিসু ন কইয়্যরে বিতুরে গিল,Everyone went inside without saying anything,neutral,Conversation,train
সে দেখে সেখানে একটা মেয়ে খেলে,ইতে চ্যাঁই ওডে উজ্ঞো মাইয়্যা হাইলে,He saw a girl playing there,neutral,Drama,val
সে এসে সে মেয়ের কাছে গিয়ে বলল,ইতে আই ইতে মাইয়্যার হাছে গিয়্যি হইলো,He came and went to that girl and said,neutral,Social Media,val
দেখলাম তো এটি কে এসেছে,দেইক্কি তো ইবে কেডা আইসসে,I saw who came,neutral,Conversation,test
তখন মেয়ে তার দিকে মাথা তুলে দেখে,তহন মাইয়্যা ইতার মিক্কে মাতা তুলি চ্যাঁই,Then the girl looked up towards him,neutral,Conversation,train
সে কাছে গিয়ে মেয়ের সামনে বসে,ইতে হাছে গিয়্যি মাইয়্যার সামনে বৈ,She went closer and sat in front of the girl,neutral,Conversation,train
একটু কাছে নিয়ে বলল,এক্কানা হাছে লইয়্যে হইলো,He brought it a little closer and said,neutral,Drama,train
মাইশা কেমন আছো তোমরা,মাইশা ক্যান আছো তোঁয়ার,How are you all Maisha,neutral,Social Media,train
কথা বলে চুপ করে নিচে দিকে দেখে,হথা কইয়্যরে চুপ গরে তলাত মিক্কে চ্যাঁই,He spoke then quietly looked downwards,neutral,Conversation,train
দেখে মনে হচ্ছে রাগ করেছে,চ্যাঁই মনত অইলদে গুসসা গইজ্জে,It seems she is angry,negative,Conversation,val
কি হল তুই এমন চুপ করে কেন,কি অইল তুঁই এন চুপ গরে কিল্লাই,What happened why are you so quiet,neutral,Drama,train
তুই না আমার সাথে কত কথা বলবি,তুঁই না অ্যাঁর লগে হতো হথা হবি,Didn't you say you would talk so much with me,negative,Drama,train
তাহলে এখন চুপ কেন,তঁইলে এহন চুপ কিল্লাই,Then why are you quiet now,neutral,Social Media,train
আমার জন্য কি আনবেন,অ্যাঁর লাই কি আনিবেন,What will you bring for me,neutral,Social Media,train
বুঝতে পারে তার রাগ করে থাকার কারণ,ঠওর ফারে ইতার গুসসাগরে থাহনের হারণ,He can understand the reason for his anger,neutral,Conversation,train
তার কাছে থাকা একটা তার হাতে দেয়,ইতার হাছে থাওন উজ্ঞো ইতার আঁতত দে,He gives one of the ones he has to his hand,neutral,Conversation,train
তারপর তার গালে হাত দিয়ে বলল,তারপর ইতার গালত আঁত দি হইলো,Then touching his cheek with a hand he said,neutral,Drama,train
চাচা তুই অনেক ভাল,চাচা তুঁই বহুত গম,Uncle you are very good,positive,Social Media,val
তাদের এসব দেখে বলল,ইতারার এগিন চ্যাঁই হইলো,Seeing all this he said,neutral,Social Media,test
হয়েছে একবারে তুই যাবি,হইয়্যে এব্বেরে তুঁই যাবি,It is done you will go at once,neutral,Conversation,test
সব হবে ভাই তুই কাজ শেষ কর,হক্কল অইব্যু বদ্দা তুঁই কাম শেষ গর,All will be well mate just complete your task,positive,Conversation,train
আমি তোমার খাবার ব্যবস্থা করি,অ্যাঁই তোঁয়ার হানার ব্যবস্থা গরি,I will make arrangements for your meal,positive,Drama,train
তোর সব আমার কাছে রেখে এসেছি,তুঁর হক্কল অ্যাঁর হাছে রাহি আইচ্ছি,You left all your things with me,neutral,Social Media,train
তোর দেখা হবে আগে,তুঁর দেহা অইব্যু আগে,You will be seen first,neutral,Social Media,train
সে সব দেখিয়ে দেয়,ইতে হক্কল দেহাই যে,He shows everything,neutral,Conversation,val
সে অনেক অবাক হচ্ছে,ইতে বহুত অবাক অইলদে,He is very surprised,neutral,Conversation,val
সব জিনিস সাজার জন্য,হক্কল জিনিস সাজিবার লাই,For decorating all the things,neutral,Drama,train
জানালা দিয়ে বাড়ির কিছু দূরে থাকা,জানালা দি বাড়ির কিসু দূরে থাওন,Being a little far from the house seen through the window,neutral,Drama,train
চা বাগান খুব ভাল করে দেখা যাচ্ছে,চা বাগান বহুত গম গরে দেহা যার,The tea garden can be seen very well,positive,Social Media,train
ভাইর পছন্দ হয়েছে,বদ্দার ফসন্দো হইয়্যে,Brother approved,positive,Conversation,train
অনেক পছন্দ হয়েছে আমার,বহুত ফসন্দো হইয়্যে অ্যাঁর,I liked it very much,positive,Conversation,train
তোমার পছন্দ করা কোন কিছু কি খারাপ হতে পারে,তোঁয়ার ফসন্দো গরা হোন কিসু কি হারাপ অইত ফারে,Can anything you choose be bad,neutral,Drama,train
আমি পছন্দ করি না ভাই,অ্যাঁই ফসন্দো ন গরি বদ্দা,I don't like it brother,negative,Drama,train
তোমার জন্য পছন্দ করেছে,তোঁয়ার লাই ফসন্দো গইজ্জে,He liked it for you,positive,Social Media,train
কিছু বলতে কে সে,কিসু হইতে কেডা ইতে,Who is he to say anything,neutral,Drama,train
সময় হোক সব জানতে পারবে,সমত হোক হক্কল জানিত ফাইত্ত,Let time come you will know everything,neutral,Social Media,val
কোন অসুবিধা হচ্ছে আপনার,হোন অসুবিদা অইলদে অনের,Are you facing any inconvenience,neutral,Social Media,train
কেন অসুবিধা হবে মনের ব্যাপার,হোন অসুবিদা অইব্যু মনর ব্যাফার,Why would there be a problem it is a matter of the heart,neutral,Conversation,val
কোন বিয়ে টিকে না তার,হোন বিয়া ন টিকে ইতার,No marriage of his lasts,negative,Conversation,train
সবাই চলে গেছে তোমার চাচি না,বেজ্ঞুনে চলি গেইয়্যে তোঁয়ার চাচি ন,Everyone has left but your aunt has not,negative,Conversation,train
তাকে তোমার চাচির কথা বললাম,ইতারে তোঁয়ার চাচির হথা হইলাম,I told him about your aunt,neutral,Drama,train
সে কোনদিন আমাকে ছেড়ে চলে যাবে না,ইতে হোনদিন অ্যাঁরে ছাড়ি চলি ন যাইব্যু,He will never leave me and go away,positive,Social Media,test
আমাদের ভালবাসা ধরে রাখে,অ্যাঁরার ভালবাসা ধরি রাহে,Our love holds on,positive,Conversation,train
এখানে মানুষ সব জানে,ইয়েন মানুষ হক্কল জানে,People here know everything,neutral,Conversation,train
সবাই জানে আমার বিয়ে করা,বেজ্ঞুনে জানে অ্যাঁরা বিয়া গরা,Everyone knows I am married,neutral,Drama,test
নদীতে দেখা গেল ফেরী,নদীত দেহা গিল ফেরী,A ferry was seen in the river,neutral,Drama,test
আমি বলি চাচা আমি যাই,অ্যাঁই হই চাচা অ্যাঁই যাই,I say uncle I am leaving,neutral,Social Media,train
দেখি লাবণ্য একটা কাপ চা বানিয়ে নিয়ে এসেছে,চ্যাঁই লাবণ্য উজ্ঞো কাপ চা বানাই লইয়্যে আইসসে,I see Labonnyo has brought a cup of tea,neutral,Social Media,test
আমাকে চা দিয়ে বলে তুই চা খাবি,অ্যাঁরে চা দি কইয়্যরে তুঁই চা হাবি,Giving me tea he says will you drink tea,neutral,Conversation,train
আজকে অনেক চা খাবি,আজিয়ে বহুত চা হাবি,You will drink a lot of tea today,neutral,Conversation,train
সে জাপান হতে দেশে আসবে,ইতে জাপান তুন দেশে আইব্যু,He will come home from Japan,neutral,Conversation,train
অনেক দিন তার ভাই বাড়ি ছেড়ে যায়,বহুত দিন ইতার বদ্দা বাড়ি ছাড়ি যায়,His brother left home a long time ago,neutral,Drama,val
একটা শহরে বাড়ি করে,উজ্ঞো শহোরত বাড়ি গরে,He made a house in a city,neutral,Social Media,train
আমার পায়ের নিচে থেকে মাটি চলে যাচ্ছে,অ্যাঁর ঠ্যাংঅর তলাত তুন মেডি চলি যার,The ground is slipping from under my feet,negative,Conversation,train
আমি খুব বোকার মত প্রশ্ন করি,অ্যাঁই বহুত বোকার নান ফশ্ন করি,I ask very foolish questions,negative,Conversation,train
আমি কি করছি দেখলে না,অ্যাঁই কি গইজ্জি ন চ্যাঁইলে,Didn't you see what I was doing,negative,Drama,train
আমার যা কথা ছিল বন্ধু,অ্যাঁর যা হথা আইসসিল বন্ধু,Whatever I had to say friend,neutral,Drama,train
মানুষের মাঝে আছি,মাইনসের মাজে আছি,I am among people,neutral,Social Media,train
আমি আর থাকতে পারি না,অ্যাঁই আর থাইতে ন পারি,I can't stay anymore,negative,Social Media,train
আমাকে শেষ করছে আস্তে আস্তে,অ্যাঁরে শেষ গরের আস্তে আস্তে,He is slowly destroying me,negative,Conversation,val
তোর দেরি হয়ে যাচ্ছে,তুঁর দেরি অই যার,You are getting late,negative,Conversation,train
আমি যেয়ে বসে থাকবো নাকি,অ্যাঁই য্যাই বৈ থাইক্কুম নি,Should I go and just sit there,neutral,Drama,train
সে জানালার কাছে এসে বলল,ইতে জানালার হাছে আই কৈল,He came to the window and said,neutral,Drama,train
এখন তোর নাম হয়ে গেছে সব জায়গায়,এহন তুঁর নাম অই গেইয়্যে বেক জাগাত,Now your name has become famous everywhere,positive,Social Media,train
তুই বিখ্যাত হয়ে গেছিস,তুঁই বিখ্যাত অই গেইয়্যুস,You have become renowned,positive,Conversation,train
সুখে আছি কি বলিস,সুখত আছি কি হইস,Say i am happy,positive,Conversation,train
আমার গাড়ি নিয়ে নিল সে,অ্যাঁর গাড়ি লইয়্যে লইল ইতে,He took my car,negative,Drama,train
আমার জীবন থেকে কেন চলে যাচ্ছে,অ্যাঁর জীবন তুন কিল্লাই চলি যার,Why is he going away from my life,negative,Social Media,train
আবার চলে যাচ্ছে সে,আবার চলি যার ইতে,He is leaving again,negative,Conversation,train
শেষ কথা আজকে আমার সাথে হবে,শেষ হথা আজিয়ে অ্যাঁর লগে অইব্যু,The last conversation will be with me today,neutral,Conversation,train
আলপিনের মত লেগে আছে,আলপিনর নান লাগি আছে,It's stuck like a pin,neutral,Drama,train
দেখে যা একবারে অনির্বান,চ্যাঁই যা এব্বেরে অনির্বান,Go see Anirban at once,neutral,Drama,test
সুখে আছি আমি,সুখত আছি অ্যাঁই,I am happy,positive,Social Media,train
সে মনে করে সুখে গান গাই,ইতে মনত গরে সুখত গান গাঁই,He thinks I sing happily,positive,Conversation,train
পথ চালানোর আমার জীবন,পথ চলান্যির অ্যাঁর জীবন,My life is about walking the path,neutral,Conversation,train
শুধু কথা মানে জীবন,উধে হথা মানে জীবন,Only words mean life,neutral,Conversation,train
কাজ করে মানে জীবন,কাম গরে মানে জীবন,Work means life,neutral,Drama,train
শুধু যোগ বিয়োগ করা জীবন,উধে যোগ বিয়োগ গরা জীবন,Life is just about adding and subtracting,negative,Drama,train
কত তোর বাড়ি গিয়ে ফিরে এলাম,হতো তুঁর বাড়ি গিয়্যি ফিরি আইলাম,I went to your house and came back so many times,neutral,Social Media,train
তোর মত কেউ নেই,তুঁর নান কেউ নাই,There is no one like you,neutral,Social Media,train
কত তোর জানলা দিয়ে হলুদ খাম,হতো তুঁর জানলা দি হলুদ খাম,How many yellow envelopes did you throw out your window,neutral,Conversation,train
আমার মতে তোর মত কেউ নেই এখন,অ্যাঁর মতে তুঁর নান কেউ নাই এহন,In my opinion there is no one like you now,neutral,Conversation,train
তোর বাড়ির রাস্তায় কে,তুঁর বাড়ির রাস্তাত কেডা,Who is on the road to your house,neutral,Conversation,val
যত্নে লুকিয়ে কবিতা লিখে,যত্নেত লুয়োই কবিতা লিহে,Writing poetry hidden with care,neutral,Conversation,train
কিছু বুঝা গেল না আর,কিসু বুজা ন গিল আর,Nothing more was understood,negative,Drama,train
যেখানে কথা বলার আগে শেষ,যেডে হথা হইবের আগে শেষ,Where words end before they begin,neutral,Drama,train
সেখানে মুখ খুঁজতে যাবে,ওডে মুক তোঁয়াইতে যাইব্যু,He will go there to look for faces,neutral,Social Media,train
যেখানে রোদ আর বৃষ্টি খেলা করে,যেডে রোদ আর বৃষ্টি খেলা গরে,Where the sun and rain dance,positive,Conversation,train
সেখানে যাবো চিন্তা করি,ওডে যাইয়্যুম চিন্তা গরি,I am thinking of going there,neutral,Conversation,train
লেখা শেষ কর না,লেহা শেষ ন গর,Don't finish writing,negative,Conversation,train
এই বুঝি গেল হাত আর কালো রাত,এই বুজি গিল আঁত আর হালা রাইত,Here goes the hand and the dark night i suppose,negative,Drama,train
সময় গেল তোমার সব আয়োজনে,সমত গিল তোঁয়ার হক্কল আয়োজনত,Time passed in all your arrangements,neutral,Drama,train
প্রতিদিন ভয় পায় কেন,ফত্তিন ডর পায় কিল্লাই,Why does he get scared every day,negative,Social Media,val
অনেক শব্দ শুনে,বহুত শব্দ শুনি,Hearing a lot of noise,neutral,Conversation,val
একেবারে বল নেই তোর কেউ নেই,এক্কোবারে হ নাই তুঁর কেউ নাই,You have absolutely no strength you have no one,negative,Conversation,train
সে অনেক চিঠি লিখে,ইতে বহুত চিডি লিহে,He writes many letters,neutral,Conversation,train
যেমন কাজে সামলে রাখি,যেল্লে কামে সামলিয়ে রাহি,As I manage the work,neutral,Drama,train
যেমন একদিন বোকার মত ভুলে,যেল্লে একদিন বোকার নান ভুলে,Like one day foolishly forgetting,negative,Drama,train
যেমন রাতে চুলে আমাদের হাত,যেল্লে রাইতে চুলে অ্যাঁরার আঁত,Like our hands in hair at night,neutral,Social Media,train
আমাকে আমার মত থাকতে দাও,অ্যাঁরে অ্যাঁর নান থাইতে দ,Let me be myself,neutral,Social Media,train
আমি নিজেকে নিজের মত করে,অ্যাঁই নিজেরে নিজর নান গরে,I myself in my own way,neutral,Conversation,train
সেটি ছিল না ছিল না সেটি,ইয়ান ন আইসসিল ইয়ান ন আইসসিল,It wasn't that that wasn't it,negative,Conversation,val
তোমার না পাওয়া থাক কিছু,তোঁয়ার ন পাওন থাহ কিসু,Let some things remain unobtained for you,negative,Conversation,test
সব পেলে নষ্ট জীবন,বেক পাইলে নষ্ট জীবন,If you get everything life is ruined,negative,Conversation,train
তোর এই দুনিয়াতে কি,তুঁর এই দুনিয়েত কি,What's yours in this world,neutral,Drama,test
দিন শেষ হবে নাকি,দিন শেষ অইব্যু নি,Will the day end,neutral,Drama,train
কিছু বাতাসের মত তোর,কিসু বাতাসর নান তুঁর,Something like the wind yours,neutral,Social Media,train
যদি যেতে চায় তবে,যদি যাইতাম চায় তয়,If hewants to go then,neutral,Social Media,test
দূরবীণে চোখ রাখবো না,দূরবীণত চুখ ন রাইক্ষুম,I won't put my eye to the binoculars,negative,Conversation,train
গল্প লিখে বাঁচার সময়,গফ লিহে বাঁচিবার সমত,Time to survive by writing stories,neutral,Conversation,val
আমি চাই না আর এসব তার,অ্যাঁই ন চাই আর এগিন ইতার,I don't want all this of his anymore,negative,Conversation,val
তাই চেষ্টা করছি কি আর করবো,তাই চেষ্টা গইজ্জি কি আর গইজ্জুম,So i am trying what else can I do,negative,Drama,val
কখনো আকাশ চুপ করে,হনঅত্তে আকাশ চুপ গরে,Sometimes the sky falls silent,neutral,Social Media,train
যদি নেমে আসে ভালবাসা অনেক ভোরে,যদি লামি অ্যাইয়ে ভালবাসা বহুত পইত্তে,If love comes down at dawn,positive,Social Media,train
চোখ দিয়ে খুঁজে আমাকে,চুখ দি তোঁয়াইন অ্যাঁরে,Look for me with your eyes,neutral,Conversation,train
তখন আমি আর নেই,তহন অ্যাঁই আর নাই,Then I am no more,negative,Conversation,test
আমার জন্য রাখে কে,অ্যাঁর লাই রাহে কেডা,Who keeps it for me,neutral,Conversation,train
আমি মানুষের কাছে থাকি না কোনদিন,অ্যাঁই মাইনসের হাছে ন থাহি হোনদিন,I never stay near people,negative,Drama,train
শেষ করে যাবেন নাকি এখন যাবেন,শেষ গরে যাইবেন নি এহন যাইবেন,Will you leave after finishing or will you go now,neutral,Drama,train
দাও তোর হাত,দ তুঁর আঁত,Give me your hand,neutral,Social Media,train
আমি আবার তোকে ধরার চাই,অ্যাঁই আবার তুঁরে ধরিবার চাই,I want to catch you again,neutral,Social Media,train
তাকে দাও তোর হাত,ইতারে দ তুঁর আঁত,Give him your hand,neutral,Conversation,train
আমি আবার তোর সাথে থাকি,অ্যাঁই আবার তুঁর লগে থাহি,I will be with you again,positive,Conversation,val
তোর হাত আমার হাত,তুঁর আঁত অ্যাঁর আঁত,Your hand my hand,neutral,Drama,train
কিভাবে যেন আটকে থেকে যায়,কেনে যেন আটকে থাহি যায়,Somehow it gets stuck,negative,Drama,train
কখনো কথা বলে কখনো চুপ থাকে,হনঅত্তে হথা কইয়্যরে হনঅত্তে চুপ থাহে,Sometimes he speaks sometimes hestays silent,neutral,Social Media,train
এসব যেন আটকে যায় না,এগিন যেন আটকে ন যায়,May these not get stuck,positive,Conversation,train
অনেক সন্ধ্যায় তোমার চুলে হাত,বহুত আজুইন্নে তোঁয়ার চুলত আঁত,Many evenings a hand in your hair,neutral,Conversation,train
তোমার আমার মাথায় দিয়ে লাভ নেই,তোঁয়ার অ্যাঁর মাতাত দি ফায়দা নাই,There's no point putting it on your head,negative,Conversation,train
এখন আমার নেই কোন কথা,এহন অ্যাঁর নাই হোন হথা,Now I have nothing to say,negative,Drama,val
আমাদের রাস্তা সুন্দর হবে,অ্যাঁরার রাস্তা সুন্দর অইব্যু,Our road will be beautifu,positive,Social Media,train
তোমার অনেক স্বপ্ন আছে,তোঁয়ার বহুত খোয়াব আছে,You have many dreams,positive,Conversation,train
তারা নিজের মত দেখবে,ইতারা নিজর নান চ্যাঁইবে,They will see as they please,neutral,Conversation,val
কখনো সময় পেলে একটু দেখো,হনঅত্তে সমত পাইলে এক্কানা দেহা,If you ever get some time just take a look,neutral,Conversation,train
আমি কোথাও খুঁজে পাবো না,অ্যাঁই কোনমিক্কে তোঁয়াইন ন পাইয়্যুম,I won't find it anywhere,negative,Conversation,test
আমি চাই না কোন কাজ,অ্যাঁই ন চাই হোন কাম,I don't want any work,negative,Drama,train
আমি ডাল ভাত শেষ করেছি,অ্যাঁই ডাইল ভাত শেষ গইজ্জি,I have finished eating dal and rice,neutral,Drama,train
যাক ঘুম আমার,যাক ঘুম অ্যাঁর,Let my sleep go,neutral,Social Media,train
জানি পায় না কাছে কিছু,জানি ন পায় হাছে কিসু,I know he doesn't get anything close,negative,Social Media,val
আমার দুইটা হাত,অ্যাঁর দুইয়্যান আঁত,I have two hands,neutral,Conversation,train
না ঘর আমার হবে না,ন ঘর অ্যাঁর ন অইব্যু,No that won't be my house,negative,Conversation,train
আজকে রাতে সময় হবে,আজিয়ে রাইতে সমত অইব্যু,i will have time tonight,positive,Drama,test
তারা লুকিয়ে রেখে তার নাম,ইতারা লুয়োই রাহি ইতার নাম,They kept his name hidden,neutral,Social Media,train
হারিয়ে গেছে নাকি ভিতরে,আঁজাই গেইয়্যে নি বিতুরে,Did it get lost inside,negative,Conversation,train
আমাকে খুঁজে পাবো নাকি,অ্যাঁরে তোঁয়াইন পাইয়্যুম নি,Will I be found,neutral,Conversation,train
খুঁজে পাওয়া যাবে না,তোঁয়াইন ন ফাইবে,It won't be found,negative,Conversation,train
তোমার কাছে আমাকে পাবে,তোঁয়ার হাছে অ্যাঁরে ফাইবে,You will get me close to you,positive,Conversation,test
তোমার সব শুনি না,তোঁয়ার হক্কল ন ফুনি,I don't listen to everything you say,negative,Drama,train
মনের ভিতরে ঘরে কিছু কথা আছে,মনর বিতুরে ঘরত কিসু হথা আছে,There are some words inside my heart,neutral,Social Media,train
কে যাবে তখন,কেডা যাইব্যু তহন,Who will go then,neutral,Social Media,train
তুমি আজকে তাকে দেখতে পারবে না,তুই আজিয়েত ইতারে চ্যাঁইতে ন ফাইত্ত,You won't be able to see him today,negative,Conversation,test
তার জীবনে ঝড়,ইতার জীবনত ঝড়,A storm in his life,negative,Conversation,train
তোমার কথা শব্দ দূষণ,তোঁয়ার হথা শব্দ দূষণ,Your words are noise pollution,negative,Drama,val
আমার দরজায় রঙ দিয়ে দিয়েছি,অ্যাঁর দরজাত রঙ দি দিয়্যি,I have painted my door,neutral,Drama,train
আমার অনেক জ্বর,অ্যাঁর বহুত জ্বর,I have a lot of fever,negative,Social Media,test
তোমার নৌকা আমার সৈন্য,তোঁয়ার নাও অ্যাঁর সৈন্য,Your boat my soldiers,neutral,Social Media,train
আমার মন্ত্রী ভুলে গেছে,অ্যাঁর মন্ত্রী ভুলে গেইয়্যে,My minister has forgotten,negative,Conversation,train
সে নিজে ভুল করেছে,ইতে নিজে ভুল গইজ্জে,Hemade a mistake himself,negative,Conversation,train
কথার উপরে কথা হচ্ছে,হথার উদ্দি হথা অইলদে,Words are piling on top of words,neutral,Conversation,train
নিজের মুখের আয়না দেখা,নিজর মুকের আয়না দেহা,Seeing one's own face in the mirror,neutral,Drama,train
ভিতরে অনেক নরম,বিতুরে বহুত নরম,It's very soft inside,positive,Drama,val
বড় বিপদ আসবে,ডঁর বিপদ আইবে,A big danger will come,negative,Social Media,test
কথার উপরে শুধু কথা কেন,হথার উদ্দি উধো হথা কিল্লাই,Why are there just words on top of words,negative,Social Media,val
যদি মন কাঁদে তুমি চলে এসো,যদি মন হাঁন্দে তুই চলি আইস্যু,If your heart cries you come,negative,Conversation,train
এসো বৃষ্টি দেখি,আইস্যু বৃষ্টি চ্যাঁই,Come let's watch the rain,neutral,Conversation,train
যদি তখন আকাশ থাকে,যদি তহন আকাশ থাহে,If the sky is there then,neutral,Conversation,train
কদম হাতে নিয়ে আমি,কদম আঁতত লইয়্যে অ্যাঁই,Holding a kodom flower in my hand i,neutral,Conversation,val
আকাশ হবে কালো,আকাশ অইব্যু হালা,The sky will be black,neutral,Drama,train
চালাক লোক বুঝে না,চালাক লোক ন বুজে,A clever person doesn't understand,negative,Drama,train
কদম দিয়ে দেবে,কদম দি দিব্যু,He will give a kodom,neutral,Social Media,train
পানি তোমাকে নিয়ে খাবো না,পানি তোঁয়ারে লইয়্যে ন হাইয়্যুম,I won't drink water with you,negative,Conversation,train
যদি মন কাঁদে তোমার,যদি মন হাঁন্দে তোঁয়ার,If your heart cries,negative,Conversation,train
তুমি এসো ন,তুই ন আইস্যু,Don't you come,negative,Conversation,train
দিনে মনে পরে গান,দিনে মনত ফরে গান,During the day i remember songs,neutral,Conversation,train
বৃষ্টি পরে টাপুর টুপুর,বৃষ্টি ফরে টাপুর টুপুর,The rain patters down,neutral,Drama,train
যদি ডেকে বলি এসো,যদি ডাহি হই আইস্যু,If I call out come,neutral,Drama,train
চলে হাজার বৃষ্টি,চলি আজার বৃষ্টি,Thousands of raindrops fall,neutral,Social Media,test
এসো গান করি সবাই,আইস্যু গান গরি বেজ্ঞুনে,Let's all sing together,positive,Social Media,train
আসবে না তুমি জানি আমি জানি,ন আইব্যি তুই জানি অ্যাঁই জানি,You won't come i know i know,negative,Conversation,train
কেন কাছে ডাকে,কিল্লাই হাছে ডাহে,Why does he call close,neutral,Conversation,train
কেন মরে যাই,কিল্লাই মরি যাই,Why do I die,negative,Drama,train
শ্রাবণ রাতের বৃষ্টি হবে,শ্রাবণ রাইতের বৃষ্টি অইব্যু,It will rain on a Sravan night,neutral,Drama,train
চোখে চোখ রাখার কথা,চুখত চুখ রাখিবার হথা,The talk is about maintaining eye contact,neutral,Social Media,val
বকুল কোন গাছে,বকুল হোন গাছত,Which tree is Bakul flower on,neutral,Social Media,val
কাছে থেকে ও তুমি কতদূর,হাছে তুন ও তুই হদ্দুর,Even from up close how far are you,negative,Conversation,train
আমি মরে যাই তৃষ্ণায়,অ্যাঁই মরি যাই তিরাইষ্যাত,I am dying of thirst,negative,Conversation,train
আমরা ভিজি আজকে বৃষ্টিতে,অ্যাঁরা ভিজি আজিয়ে বৃষ্টিত,We're getting wet in the rain today,neutral,Conversation,train
তুই দৌড় দিয়ে যা,তুঁই দোর দি যা,You run and go,neutral,Conversation,val
আমি মাটির ঘরে থাকবো,অ্যাঁই মেডির ঘরত থাইক্কুম,I will live in a mud house,neutral,Drama,val
আমার চোখে বৃষ্টি,অ্যাঁর চুখত বৃষ্টি,Rain in my eyes,neutral,Drama,val
তোর হবে মেঘের উপরে বাড়ি,তুঁর অইব্যু মেঘর উদ্দি বাড়ি,Your home will be above the clouds,positive,Social Media,train
আমার মনে অনেক কষ্ট,অ্যাঁর মনত বহুত কষ্ট,I have a lot of pain in my heart,negative,Conversation,train
দুইটা চোখে করে কালো তোর,দুইয়্যান চুখত গরে হালা তুঁর,Your two eyes make it dark,neutral,Conversation,train
তাদের মেঘের উপরে ঘর,ইতারার মেঘর উদ্দি ঘর,They have a home above the clouds,positive,Conversation,train
মেঘের উপরে তুমি,মেঘর উদ্দি তুই,You are above the clouds,positive,Drama,test
সুখ দুঃখ উপরে রাখে,সুখ দুক উদ্দি রাহে,Keeping happiness and sorrow above,neutral,Drama,train
তার মেঘের উপরে ঘর নেই,ইতার মেঘর উদ্দি ঘর নাই,He doesn't have a house above the clouds,negative,Social Media,train
তুই ফেলে এসেছিস মন,তুঁই ফেলায় আইচ্চুস মন,You have left your heart behind,negative,Conversation,train
মন আমার তাই শান্তি পায় না মন,মন অ্যাঁর তাই শান্তি ন পায় মন,That's why my heart doesn't find peace my heart,negative,Conversation,train
দিয়ে চলে এসেছে,দি চলি আইসসে,has given and left,neutral,Conversation,test
এখন ভুলে গেছে কেন,এহন ভুলে গেইয়্যে কিল্লাই,Why has he forgotten now,negative,Conversation,train
কেমন করে যাবি এখন,ক্যান গরে যাবি এহন,How will you go now,negative,Drama,train
নদীর পানিতে থাকি,নদীর পানিত থাহি,I live in the river water,neutral,Social Media,train
কান দিয়ে থাকি না,হান দি ন থাহি,I don't stay by listening,negative,Social Media,train
মনে হয় যে পাবে খুঁজে,মনত অয় যে ফাইবে তোঁয়াইন,It seems he will find,positive,Conversation,train
ভাষা যদি বুঝি আমি বলবো,ভাষা যদি বুজি অ্যাঁই হইয়্যুম,If I understand the language i will speak,neutral,Conversation,train
আমি জানি যে গেছে সবার পরে,অ্যাঁই জানি যে গেইয়্যে বেজ্ঞুনের ফরে,I know who left last,neutral,Conversation,train
যদি কথা দাও বন্ধু তুই,যদি হথা দ বন্ধু তুঁই,If you promise my friend,neutral,Drama,train
আমি তোমাকে গান বলি আজকে,অ্যাঁই তোঁয়ারে গান হই আজিয়ে,I will sing you a song today,neutral,Drama,train
যে গানে মন ভাল হয়,যে গানত মন গম অয়,A song that cheers one's mood,positive,Social Media,train
আমার গানে যদি তোমার মন ভাল হয়,অ্যাঁর গানত যদি তোঁয়ার মন গম অয়,If my song brightens your mood,positive,Conversation,train
আমার গানে যদি সবার মনে শান্তি হয়,অ্যাঁর গানত যদি বেজ্ঞুনের মনত শান্তি অয়,If my song brings peace to everyone's mind,positive,Conversation,train
তাহলে আমার গান গাই,তঁইলে অ্যাঁর গান গাঁই,Then I will sing my song,neutral,Drama,test
অনেক দিন পরে কাজে এসেছে,বহুত দিন ফরে কামে আইসসে,He came to work after a long time,neutral,Drama,test
একটা সুর তোকে কোথায় নিয়ে যাবে,উজ্ঞো সুর তোঁরে হডে লইয়্যে যাইব্যু,Where will a tune take you,neutral,Conversation,train
অনেক সুর তোকে নিয়ে,বহুত সুর তোঁরে লইয়্যে,Many melodies are about you,positive,Conversation,train
তুই তো আমার মত হয়ে যাবি,তুঁই তো অ্যাঁর নান অই যাবি,You will turn out like me,neutral,Conversation,test
তার সাথে কিছু রোদ,ইতার লগে কিসু রোদ,Some sunlight with it,neutral,Conversation,val
এখন কিছু কিছু কথা বলে রাগ হবে,এহন কিসু কিসু হথা কইয়্যরে গুসসা অইব্যু,Now speaking some words will make angry,negative,Social Media,train
যদি ঘরে থাকে কবিতার কথা তাহলে,যদি ঘরত থাহে কবিতার হথা তঁইলে,If there are words of poetry in the house then,neutral,Social Media,train
খুঁজে পাই অন্য কোন কিছু,তোঁয়াইন ফাই অন্য হোন কিসু,I find something else,neutral,Conversation,train
সে গান আমার জন্য না,ইতে গান অ্যাঁর লাই ন,That song is not for me,negative,Conversation,train
সুর কি তোর আছে কাছে,সুর আছে তুঁর হাছে হাছে,Do you have a tune near you,neutral,Conversation,train
তোমাকে নিয়ে যেতে পারে তারা,তোঁয়ারে লইয়্যে যাইতাম ফারে ইতারা,They can take you,neutral,Conversation,train
অনেক দূরে যেতে হবে,বহুত দূরে যাইতাম অইব্যু,I have to go very far,neutral,Drama,train
একটা গান কিভাবে বন্ধু হবে তোর,উজ্ঞো গান কেনে বন্ধু অইব্যু তুঁর,How will a song become your friend,neutral,Drama,test
তোর সাথে দেখবে সন্ধ্যায়,তুঁর লগে চ্যাঁইবে আজুইন্নে,He will see with you in the evening.,neutral,Social Media,test
আর যখন বয়স বাড়াবো,আর যহন বয়স বাড়াইয়্যুম,And when I get older,neutral,Conversation,train
আমার ছেলে ধরে রেখে,অ্যাঁর ফোয়া ধরি রাহি,My son held,neutral,Conversation,train
আমি গান করি সব সময়,অ্যাঁই গান গরি হক্কল সমত,I sing all the time,neutral,Conversation,train
ছেলের নেই বাড়ি যাওয়ার দেরি,ফোয়ার নাই বাড়ি যনঅর দেরি,The boy doesn't have it it's late to go home,negative,Conversation,train
মেয়ের নেই বাড়িতে টেলিফোন,মাইয়্যার নাই বাড়িত টেলিফোন,The daughter doesn't have a telephone at home,negative,Drama,train
নেই নিয়ম মানা বয়স,নাই নিয়ম মানা বয়স,There is no age for following rules,neutral,Drama,train
তার আছে নিয়ম ভাঙ্গার মন,ইতার আছে নিয়ম ভাঙ্গার মন,He has a mind to break rules,negative,Social Media,test
ছেলের আছে চিঠি,ফোয়ার আছে চিডি,The boy has a letter,neutral,Conversation,train
প্রেমের বানান ভুল হবে,ফিরিতওর বানান ভুল অইব্যু,The spelling of love will be wrong,negative,Conversation,train
মেয়ের আছে যত্নে করে রাখার,মাইয়্যার আছে যত্নেত গরে রাখিবার,The daughter has it for keeping with care,neutral,Conversation,train
ভিতরে আছে গোলাপ ফুল,বিতুরে আছে গোলাপ ফুল,Inside there's a rose flower,positive,Conversation,train
ছেলের নেই চিন্তা কোন,ফোয়ার নাই চিন্তা হোন,The son has no concerns,positive,Drama,train
মেয়ের নেই দাবি কোন,মাইয়্যার নাই দাবি হোন,The daughter has no demands,neutral,Social Media,val
শক্ত মনের মানুষ,শক্ত মনর মানুষ,A person with a strong mind,positive,Conversation,train
তারা জানে না এখন,ইতারা ন জানে এহন,They don't know now,negative,Conversation,train
শুধু একটু দেখা করা,উধে এক্কানা দেহা গরা,Just a brief meeting,neutral,Conversation,train
ছুটি হয়ে গেলে তাদের,ছুটি অই গ্যিলে ইতারার,When their leave is over,neutral,Drama,train
নেই যে তাদের আর কোন পাওয়া,নাই যে ইতারার আর হোন পাওন,They have nothing more to gain,negative,Drama,test
শুধু গোলাপ ফুল,উধে গোলাপ ফুল,Just a rose flower,neutral,Social Media,train
আমার রাস্তা আমার বাড়ি,অ্যাঁর রাস্তা অ্যাঁর বাড়ি,My road my home,neutral,Social Media,train
আমার বাড়ি তোর বাড়ি,অ্যাঁর বাড়ি তুঁর বাড়ি,My home your home,neutral,Conversation,train
আমার মনের মত বাড়ি,অ্যাঁর মনর নান বাড়ি,A house just as I like it,positive,Conversation,train
আমার রাত আমার ভোরে,অ্যাঁর রাইত অ্যাঁর পইত্তে,My night my dawn,neutral,Conversation,train
মনের ভিতরে লুকিয়ে সব,মনর বিতুরে লুয়োই হক্কল,Everything hidden inside the mind,neutral,Drama,train
কোন মতে করছি দিন পার,হোন মতে গইজ্জি দিন ফাইর,I am somehow getting through the day,negative,Social Media,train
গল্প শুধু আমার,গফ উধে অ্যাঁর,The story is only mine,neutral,Social Media,train
কালকে কি এসব হবে,হালিয়্যে কি এগিন অইব্যু,Will all this happen tomorrow,neutral,Conversation,train
হাতে পায়ে শুধু দাগ,আঁতত ঠেংঅত উধে দাগ,Only marks on hands and feet,negative,Conversation,train
এখন যে হাসতে পারে,এহন যে আঁইশতে ফারে,The one who can laugh now,neutral,Conversation,train
করবো যে আর কত হবে,গইজ্জুম যে আর হতো অইব্যু,How much more will I do,negative,Conversation,train
নিজেই নিজের ছায়া,নিজেই নিজর ছামা,My own shadow,neutral,Drama,train
করবো যে আর কত অপমান,গইজ্জুম যে আর হতো অফমান,How much more insult will i do,negative,Drama,train
আবার তো সে আসবে না,আবার তো ইতে ন আইব্যু,He won't come again,negative,Social Media,train
নিজের মধ্যে কেন তুই,নিজর মাজে কিল্লাই তুঁই,Why are you within yourself,neutral,Conversation,train
আমি গান গাই সব সময়,অ্যাঁই গান গাঁই হক্কল সমত,I sing all the time,neutral,Conversation,test
এসো আমার ঘরে একবারে,আইস্যু অ্যাঁর ঘরত এব্বেরে,Come to my house at once,neutral,Conversation,train
তুমি এসো আমার ঘরে একবারে,তুই আইস্যু অ্যাঁর ঘরত এব্বেরে,you come to my house at once,neutral,Conversation,train
পারো যদি দেখে যাও,ফারো যদি চ্যাঁই যো,If you can go and see,neutral,Drama,val
বেঁচে থাকা কি বলে,বাঁচি থাওন কি কইয়্যরে,What is it called to be alive,neutral,Drama,train
এসো আমার শহরে একবারে,আইস্যু অ্যাঁর শহোরত এব্বেরে,Come to my city at once,neutral,Social Media,train
চাকরি আমি পেয়েছে গেছি বেলা শুনলে,চঅরি অ্যাঁই পাইয়্যে গেয়্যি বেলা হুনিলে,I got the job Bela heard it,positive,Social Media,train
এখন আর কেউ কিছু পারবে না,এহন আর কেউ কিসু ন ফাইত্ত,No one can do anything anymore now,negative,Conversation,train
তুমি অনেক দিতে পারো,তুই বহুত দন ফারো,You have a lot to give,positive,Conversation,train
মাকে বলে দাও বিয়ে তুমি করছো না,মারে কইয়্য দ বিয়া তুই ন গইজ্জ,Tell Mom you are not getting married,negative,Conversation,train
চাকরি আমি পেয়েছে গেছি বেলা সত্য,চঅরি অ্যাঁই পাইয়্যে গেয়্যি বেলা আচা,I got the job Belal It is true,positive,Drama,train
আর কিছু মাসের পরে,আর কিসু মাইস্যা ফরে,After a few more months,neutral,Drama,train
চুপ করে কেন বেলা কিছু বলছি না,চুপ গরে কিল্লাই বেলা কিসু ন হইদ্দি,Why are you silent Bela You are not saying anything,negative,Social Media,train
বেলা বোস তুমি পারবে কি শুনে,বেলা বোস তুই ফাইত্ত কি শুনি,Bela Bose will you be able to do it hearing this,neutral,Social Media,train
অনেক পরে তোমাকে পেয়েছিলাম,বহুত ফরে তোঁয়ারে ফাইয়্যি,I found you after a long time,positive,Conversation,train
দেবে না কিছু আর,ন দিব্যু কিসু আর,He will not give anything more,negative,Conversation,test
দাও না বেলাকে একটা বার,ন দ বেলারে উজ্ঞো বার,Give Bela a chance just once,neutral,Drama,train
দরকার খুব বেশি দরকার,দরহার বহুত বেশি দরকার,It is very much needed,neutral,Drama,val
স্বপ্ন হয়ে যাবে বেলা সত্য,খোয়াব অই যাইব্যু বেলা আচা,The dream will come true Bela iy is true,positive,Social Media,train
অনেক দিন ধরে অনেক অপেক্ষা,বহুত দিন ধরি বহুত অপেক্ষা,A long wait for many days,negative,Social Media,train
রাস্তায় কত হোটেলে,রাস্তাত হতো হোটেলত,How many hotels are on the road,neutral,Conversation,train
আর কিছু দিন তারপর বেলা,আর কিসু দিন তারপর বেলা,Just a few more days then Bela,neutral,Conversation,train
কালো ভরা মিথ্যা কথার শহরে,হালা ভরা মিছা হথার শহোরত,In a city filled with dark lies,negative,Conversation,train
তোমার আমার সংসার,তোঁয়ার অ্যাঁর সংসার,Your and my household,neutral,Conversation,test
চুপ করে কেন বেলা তুমি কাঁদে,চুপ গরে কিল্লাই বেলা তুই হাঁন্দে,Why are you silent Bela you are crying,negative,Drama,val
চাকরি আমি পেয়েছিলাম কেমন করে,চঅরি অ্যাঁই ফাইয়্যি ক্যান গরে,How did I get the job,neutral,Drama,train
সময় হয়ে গেছে শেষ তোর,সমত অই গেইয়্যে শেষ তুঁর,Your time has run out,negative,Social Media,train
একদিন বৃষ্টিতে সন্ধ্যায়,একদিন বৃষ্টিত আজুইন্নে,One evening in the rain,neutral,Social Media,train
থাকবে না সাথে কোন ছাতা,ন থাইব লগে হোন ছাতা,There will be no umbrella with you,negative,Conversation,val
শুধু দেখা হয়ে যাবে রাস্তায়,উধে দেহা অই যাইব্যু রাস্তাত,Just a chance encounter will happen on the street,neutral,Conversation,train
ভিজে যাবে ছবি মাথা,ভিজে যাইব্যু ছবি মাতা,The picture and head will get we,negative,Conversation,train
থাকবে না রাস্তায় গাড়ি,ন থাইব রাস্তাত গাড়ি,There will be no cars on the road,neutral,Conversation,train
দোকানে থাকবে সব বন্ধ,দোকানত থাইব হক্কল বন্ধ,Everything will be closed at the shop,neutral,Drama,val
শুধু তোমার আমার মনে,উধে তোঁয়ার অ্যাঁর মনত,Only in your and my mind,neutral,Drama,train
কখনো পিছনের দিকে হাঁটে না,হনঅত্তে পিছর মিক্কে ন আডে,Never walks backward,positive,Social Media,train
আর কখনো রাস্তায় যাবে না,আর হনঅত্তে রাস্তাত ন যাইব্যু,Will never go on the street again,negative,Social Media,train
বুঝেছিস মা ছেলেকে বলল,বুইজ্জোস মা ফোয়ার হইলো,Got it the mother said to the son,neutral,Conversation,test
তুই নিজে একবারে সামনে হেঁটে দেখা,তুঁই নিজে এব্বেরে সামনে আডি দেহা,You try walking forward by yourself once,positive,Conversation,train
মা তাই দেখে আমি সামনে দিকে হাঁটা শিখিয়েছে,মা তাই চ্যাঁই সামনে মিক্কে আডা শিকাইয়্যে,Seeing that mother taught me to walk forward,positive,Conversation,train
মা ছেলের এই বুদ্ধি দেখে খুশি হয়,মা ফোয়ার এই বুদ্ধি চ্যাঁই খুশি অয়,Mother becomes happy seeing her son's intelligence,positive,Conversation,train
মনে মনে রাগ করল তার মা,মনত মনত গুসসা গরিল ইতার মা,His mother got angry in her mind,negative,Drama,train
আর মনে মনে বলে ছেলে তো বুদ্ধিমান,আর মনত মনত কইয়্যরে ফোয়া তো বুদ্ধিমান,And inwardly she says the boy is intelligent,positive,Drama,train
তখন তাকে ফেলে দিয়ে আসে,তহন ইতারে ফেলায় দি অ্যাইয়ে,Then leaves him behind and comes,negative,Social Media,val
টানতে টানতে অন্য দিকে নিয়ে যায়,টাইনতে টাইনতে অন্য মিক্কে লইয়্যে যায়,Pulling and pulling takes to another direction,neutral,Social Media,train
সে কাছে একটা শিয়াল থাকে,ইতে হাছে উজ্ঞো শিয়াল থাহে,There is a fox nearby,neutral,Conversation,train
শিয়াল অনেক দিন খেতে পারে না,শিয়াল বহুত দিন হাইতে ন ফারে,The fox cannot eat for many days,negative,Conversation,train
হাতি দেখতে পেয়েছে সে খুশি হয়ে গেছে,হাতি চ্যাঁইতে পাইয়্যে ইতে খুশি অই গেইয়্যে,He saw the elephant and became happy,positive,Conversation,train
তাকে খেতে শুরু করে,ইতারে হাইতে শুরু গরে,He starts to eat him,negative,Conversation,train
সে হাতির পেটে ভিতরে চলে গেল,ইতে হাতির পেটেত বিতুরে চলি গিল,He went inside the elephant's stomach,neutral,Drama,val
তার খাওয়া কিন্তু শেষ হল না,ইতার হাওন কিন্তু শেষ ন অইল,But his eating did not end,negative,Drama,train
এমন করে দিন চলে গেল,এন গরে দিন চলি গিল,Days passed by like this,neutral,Social Media,train
তখন সে হাতির পেটে বসে আছে,তহন ইতে হাতির হাতির পেটেত বৈ আছে,Then he is sitting inside the elephant's stomach,neutral,Social Media,train
হাতির পেট ছোট্ট হয়ে গেছে,হাতির পেট গুঁড়া অই গেইয়্যে,The elephant's stomach has become small,neutral,Conversation,train
আর শিয়াল অনেক খেয়ে শক্ত হয়ে গেছে,আর শিয়াল বহুত হাই শক্ত অই গেইয়্যে,And the fox has eaten a lot and become strong,positive,Conversation,test
তখন তো তার অনেক জ্বালা,তহন তো ইতের বহুত জ্বালা,Then he feels a lot of irritation,negative,Conversation,train
সে অনেক চেষ্টা করে হাতির থেকে বাহির হতে পারে না,ইতে বহুত চেষ্টা গরে হাতির তুন বাইর অইত ন ফারে,He tries a lot but cannot get out of the elephant,negative,Conversation,train
এখন কি হবে তার কে জানে,এহন কি অইব্যু ইতার কেডা জানে,Who knows what will happen to him now,neutral,Drama,train
এমন সময় রাজা সেখানে দিয়ে যায়,এন সমত রাজা ওডে দি যায়,At that time the king passes by there,neutral,Drama,train
তাদের দেখতে পেয়েছে শিয়ালের মাথায় বুদ্ধি আসে,ইতারার চ্যাঁইতে পাইয়্যে শিয়ালর মাতাত বুদ্ধি অ্যাইয়ে,Seeing them an idea comes to the fox's mind,neutral,Social Media,train
সে হাতির পেটে থেকে তাদের ডেকে বলে,ইতে হাতির পেটেত তুন ইতারার ডাহি কইয়্যরে,He calls out to them from inside the elephant's stomach and says,neutral,Social Media,train
ভাই তোরা রাজার কাছে একটা খবর দিতে পারবি,বদ্দা তুঁর রাজার হাছে উজ্ঞো হবর দন ফারিবি,Brothers can you deliver a message to the king,neutral,Conversation,train
আমার পেটে যদি থাকে,অ্যাঁর পেটেত যদি থাহে,If you are in my stomach,neutral,Conversation,train
তাহলে আমি যেতে বললে হবে,তঁইলে অ্যাঁই যাইতাম হইল্যে অইব্যু,Then I will let you go if you tell,neutral,Conversation,train
শুনলে রাজার হাতি কি বলেছে,হুনিলে রাজার হাতি কি হদ্দে,Did you hear what the king's elephant said,neutral,Conversation,train
যাই রাজাকে খবর দাও,যাই রাজারে হবর দ,Go deliver the message to the king,neutral,Drama,train
তারা তখন রাজার কাছে যেয়ে সবকিছু বলল,ইতারা তহন রাজার হাছে য্যাই বেক্কিছু হইলো,They then went to the king and told everything,neutral,Drama,train
আপনার হাতি বলেছে যে তার সমস্যা,অনের হাতি হদ্দে যে ইতার সমস্যা,Your elephant said that it has a problem,neutral,Social Media,train
কথা শুনে কি খুশি হল,হথা শুনি কি খুশি অইল,Become very happy after hearing the words,positive,Social Media,train
কি আর বলবো খুশির কথা,কি আর হইয়্যুম খুশির হথা,How can I express my joy,positive,Conversation,train
আমার হাতি যদি বাঁচায়,অ্যাঁর হাতি যদি বাঁচায়,If my elephant is saved,positive,Conversation,train
আর কত বড় একটা কথা,আর হতো ডঁর উজ্ঞো হথা,What a big thing it is,positive,Conversation,test
সেখানে আর কোন কথা গেল না,ওডে আর হোন হথা ন গিল,No more words were exchanged there,neutral,Drama,train
শিয়াল দেখে যে হাতি নরম হয়েছে,শিয়াল চ্যাঁই যে হাতি নরম হইয়্যে,The elephant became soft upon seeing the fox,neutral,Drama,train
তখন একটা সমস্যায় পড়া গেল,তহন উজ্ঞো সমস্যাত ফরা গিল,Then a problem arose,negative,Social Media,train
একটা বাগানে একটি গাছ ছিল,উজ্ঞো বাগানত উজ্ঞো গাছ আইসসিল,There was a tree in a garden,neutral,Conversation,train
সে গাছের কাছে ছিল আম গাছ,ইতে গাছর কাছে আইসসিল আম গাছ,There was a mango tree near that tree,neutral,Conversation,val
আর তাদের মধ্যে অনেক বন্ধুত্ব,আর ইতারার মাজে বহুত বন্ধুত্ব,And they have a strong friendship,positive,Conversation,train
রাত তখন একটা,রাইত তহন উজ্ঞো,t was one o'clock at night then,neutral,Drama,test
বাহিরে চাঁদ অনেক অন্ধকার,বাইরে চাঁন বহুত অন্ধকার,Outside the moon is very dark,positive,Drama,train
রাস্তায় বাতি জ্বলে শুয়ে আছে কুকুর,রাস্তাত বাতি জ্বলে লেডি আছে কুত্তা,A dog is lying on the road under the burning streetlamp,neutral,Social Media,test
তোর জন্য আমি আর শিউলি ফুলের দেবে না,তুঁর লাই অ্যাঁই আর শিউলি ন দিব্যু,For you I will no longer give Shiuli flowers,negative,Social Media,train
আমি আর ফুলের কিছু নেবো না,অ্যাঁই আর ফুলের কিসু ন লইইয়্যুম,I will not take any more flowers,negative,Conversation,train
তোর জন্য আমি আর অপেক্ষা করবো,তুঁর লাই অ্যাঁই আর অপেক্ষা গইজ্জুম,I will wait for you more,positive,Conversation,train
তোর জন্য আমি অপেক্ষা করবো আজকে,তুঁর লাই অ্যাঁই আর অপেক্ষা গইজ্জুম আজিয়ে,I will wait for you today,positive,Conversation,test
ভোরে যখন শিউলি গাছে ফুল থাকবে,পইত্তে যহন শিউলি গাছেত ফুল থাইব,When there are Shiuli flowers on the tree in the morning,neutral,Conversation,train
গাছে ফুল আছে,গাছেত ফুল আছে,The tree has flowers,positive,Drama,test
গাছ হবে শিউলি ফুলের কেন,গাছ অইব্যু শিউলি ফুলের কিল্লাই,Why will the tree be of Shiuli flowers,neutral,Social Media,val
আজকে তাদের দেখা হবে না,আজিয়ে ইতারার দেহা ন অইব্যু,They will not meet today,negative,Social Media,val
আবার কালকে বৃষ্টি হয়ে গেল,আবার হালিয়্যে বৃষ্টি অই গিল,It rained again yesterday,neutral,Conversation,train
একটা যে ছিল রাজকন্যা,উজ্ঞো যে আইসসিল রাজকন্যা,There once was a princess,neutral,Conversation,val
চাঁদের মত দেখতে ছিল সে,চাঁনের নান চ্যাঁইতে আইসসিল ইতে,She was as radiant as the moon,positive,Conversation,train
অনেক সুন্দরী রাজকন্যা আমাদের,বহুত সুন্দরী রাজকন্যা অ্যাঁরার,Our princess is very beautiful,positive,Drama,train
কিন্তু সুন্দরী হলে কি হবে,কিন্তু সুন্দরী অইলে কি অইব্যু,But what good is beauty,negative,Social Media,train
তার ছিল অনেক অহংকার,ইতারা আইসসিল বহুত দেমাগ,He had a lot of pride,negative,Conversation,test
রাজকন্যা বলে তার সব তার অহংকার,রাজকন্যা কইয়্যরে ইতার হক্কল ইতার দেমাগ,The princess says all of it is her pride,negative,Drama,train
সে ফুলকে বলে আমি সুন্দর,ইতে ফুলরে কইয়্যরে অ্যাঁই সুন্দর,She tells the flower i am beautiful,positive,Social Media,test
আমার সাথে তোমাদের কি কোন তুলনা হয়,অ্যাঁর লগে তোঁয়ারার কি হোন তুলনা অয়,Is there any comparison between me and you,negative,Social Media,train
আমি হলাম অনেক সুন্দর,অ্যাঁই অইলাম বহুত সুন্দর,I became very beautiful,positive,Conversation,train
আমি বাগানে আসি তোমাদের দিকে দেখি,অ্যাঁই বাগানত অ্যাই তোঁয়ারার মিক্কে চ্যাঁই,I come to the garden and look towards you,neutral,Conversation,train
কিন্তু আর ফিরে দেখে না তোমাদের দিকে,কিন্তু আর ফিরি ন চ্যাঁই তোঁয়ারার মিক্কে,But he doesn't look back at you anymore,negative,Conversation,train
আমি তোমাদের সাথে কথা বলি,অ্যাঁই তোঁয়ারার লগে হথা হই,I talk to you all,neutral,Social Media,train
মনে কর না তোমরা আমার কিছু হয়ে গেছে,মনত ন গইরজ্জু তোঁয়ারা অ্যাঁর কিসু অই গেইয়্যে,Don't think that something has happened to me,neutral,Social Media,train
আমার থেকে তোমাদের কথা ভাল,অ্যাঁর তুন তোঁয়ারার হথা গম,What you say is better than what I say,positive,Conversation,train
তারা অনেক কষ্ট পেয়েছে তার কথা শুনে,ইতারা বহুত কষ্ট পাইয়্যে ইতারা হথা শুনি,They were very hurt to hear his words,negative,Conversation,train
অহংকারী রাজকন্যার এসব কথা শুনে,দেমাগি রাজকন্যার এগিন হথা শুনি,Upon hearing all these words from the arrogant princess,negative,Drama,train
রাজকন্যার বিয়ের বয়স হয়েছে,রাজকন্যার বিয়ার বয়স হইয়্যে,The princess has reached marriageable age,neutral,Drama,val
সব রাজ্য থেকে রাজকন্যার বিয়ের কথা আসছে,বেক রাজ্য তুন রাজকন্যার বিয়ার হথা আইব্যু,Marriage proposals for the princess are coming from all kingdoms,neutral,Social Media,val
রাজকন্যার কথা শুনে রাজপুত্ররা পাগল,রাজকন্যার হথা শুনি রাজপুত্ররা পল,Hearing the princess's words the princes went mad,negative,Social Media,train
রূপ নিয়ে অহংকার যার,রূপ লইয়্যে দেমাগ যার,One who is arrogant about their beauty,negative,Conversation,val
কপাল পোড়া ভাগ্য তার,হপাল পোড়া ভাইজ্ঞ ইতার,Hehas burnt luck,negative,Conversation,train
রূপের সাথে না থাকলে গুণ,রূপর লগে ন থায়লি গুণ,If there's no virtue with beauty,negative,Social Media,train
তার রূপে রাজ্য খুন,ইতার রূপত রাজ্য খুন,Her beauty kills the kingdom,negative,Conversation,train
রাজকন্যার অহংকারের কথা শুনে খারাপ লাগে,রাজকন্যার দেমাগের হথা শুনি হারাপ লার,It feels bad to hear about the princess's arrogance,negative,Conversation,train
কোন রাজপুত্র তাকে বিয়ে করতে চায় না,হোন রাজপুত্র ইতারে বিয়া গরিতে ন চায়,No prince wants to marry her,negative,Conversation,train
তারা রাজি হল না আর,ইতারা রাজি ন অইল আর,They did not agree anymore,negative,Conversation,train
বন্ধ হয়ে গেল বিয়ের কথা,বন্ধ অই গিল বিয়ার হথা,The marriage talks stopped,negative,Drama,train
কিছু পরে একটা রাজ্যের রাজপুত্র,কিসু ফরে উজ্ঞো রাজ্যর রাজপুত্র,A little later a prince from a kingdom,neutral,Drama,train
রাজকন্যার অহংকারের কথা শুনে বিয়ের জন্য বলল,রাজকন্যার দেমাগের হথা শুনি বিয়ার লাই হইলো,Upon hearing about the princess's arrogance he spoke for marriage,negative,Social Media,train
সবাই অবাক হয়ে বলে এসব শুনে,বেজ্ঞুনে অবাক অই কইয়্যরে এগিন শুনি,Everyone says surprised upon hearing all this,neutral,Social Media,train
এটি আবার কেমন রাজপুত্র,ইবে আবার ক্যান রাজপুত্র,What kind of prince is this,negative,Conversation,train
একটা গরিব ছেলে ছিল সেখানে,উজ্ঞো গরিব ফোয়া আইসসিল ওডে,There was a poor boy there,neutral,Conversation,train
মাকে নিয়ে তার ছোট সংসার,মারে লইয়্যে ইতার ছোড সংসার,His small family with mother,neutral,Conversation,train
সে খুব ভাল ভাবে কাজ করে,ইতে বহুত গম ভাবে কাম গরে,He performs tasks very efficiently,positive,Drama,val
সে গরু নিয়ে যায়,ইতে গরু লইয়্যে যায়,He takes the cow,neutral,Conversation,test
তার নিজের কোন গরু নেই,ইতার নিজর হোন গরু নাই,He doesn't have any cows of his own,neutral,Drama,val
অন্যের গরু নিয়ে সারাদিন থাকে,অন্যর গরু লইয়্যে গুডাদিন থাহে,He stays all day with someone else's cow,neutral,Social Media,train
কাজ শেষ হলে তার ঘরে আসে,কাম শেষ অইলে ইতার ঘরত অ্যাইয়ে,When the work is finished she comes to her room,neutral,Conversation,train
মা যা দেয় তাই খেয়ে নেয়া,মা যা দে তাই হাই লন,To eat whatever mother provides,positive,Drama,train
কোন কথা বলে না বাবু,হোন হথা ন কইয়্যরে বাবু,The young master doesn't say anything,neutral,Social Media,train
সে কোন বায়না ধরে না,ইতে হোন বায়না ন ধরি,He doesn't throw any tantrums,positive,Conversation,val
খেয়ে চুপ করে শুয়ে থাকে,হাই চুপ গরে লেডি থাহে,Eats and quietly lies down,neutral,Social Media,train
একটা দিন রাখালের মা বলল আর কত দিন,উজ্ঞো দিন রাহালঅর মা হইলো আর হতো দিন,One day the cowboy's mother said how many more days,negative,Social Media,train
কখনো অন্যের গরু নিয়ে যাবি,হনঅত্তে অন্যর গরু লইয়্যে যাবি,You will never take someone else's cow,negative,Conversation,train
একেবারে নিজের একটা গরু দরকার,এক্কোবারে নিজর উজ্ঞো গরু দরহার,I really need a cow of my own,positive,Conversation,train
মায়ের কথা শুনে ছেলে খুব খুশি হয়,মার হথা শুনি ফোয়া বহুত খুশি অয়,The son is very happy to hear his mother's words,positive,Drama,train
রাখাল তার মাকে বলল তুমি যখন গরু নিতে বললে,রাহাল ইতার মারে হইলো তুই যেত্তে গরু লইত হইল্যে,The cowherd told his mother when you told me to take the cow,neutral,Social Media,val
আমাকে গরু কিনতে হবে তাহলে,অ্যাঁরে গরু কিনিতি অইব্যু তঁইলে,Then I will have to buy a cow,neutral,Social Media,train
ছেলের কথায় রাখালের মা খুশি হল,ফোয়ার হথায় রাহালঅর মা খুশি অইল,Hearing her son's words the cowherd's mother became happy,positive,Conversation,val
গাছের নিচে গিয়ে বসে রাখাল,গাছর তলাত গিয়্যি বৈ রাহাল,The cowherd went and sat under the tree,neutral,Conversation,train
বসে কি করে একটা গরু পাওয়া যায় চিন্তা করে,বৈ কি গরে উজ্ঞো গরু পাওন যায় চিন্তা গরে,Sitting he thinks about how a cow can be obtained,neutral,Conversation,train
তখন আম গাছ থেকে একটা আম পড়ে,তহন আম গাছ তুন উজ্ঞো আম ফড়ি,Then a mango fell from the mango tree,neutral,Drama,val
রাখাল আম নেয়া,রাহাল আম লন,The cowherd took the mango,neutral,Drama,val
তার অনেক ক্ষুধা পেয়েছে তখন,ইতার বহুত ভুগ পাইয়্যে তহন,He was very hungry then,negative,Social Media,train
তাই সে আম খেতে চায়,তাই ইতে আম হাইতে চায়,So hee wants to eat the mango,neutral,Conversation,train
রাখাল মুখের কাছে তুলে ধরে আম,রাহাল মুকের হাছে তুলি ধরি আম,The cowherd holds the mango up to his mouth,neutral,Conversation,train
আম খায় রাখাল ছেলে,আম হায় রাহাল ফোয়া,The cowherd boy eats the mango,neutral,Conversation,train
আম ছিল অনেক টক,আম আইসসিল বহুত হাট্টা,The mango was very sour,negative,Drama,train
আম টক না মিষ্টি,আম হাট্টা ন মিডে,Is the mango sour or sweet,neutral,Drama,train
তাই একটা খেয়ে রাখাল আম ফেলে দিয়েছে,তাই উজ্ঞো হাই রাহাল আম ফেলায় দিইয়্যি,So after eating one the cowherd threw the mango away,neutral,Social Media,train
দেখে আম গাছ কষ্ট পেয়েছে,চ্যাঁই আম গাছ কষ্ট পাইয়্যে,Seeing it the mango tree felt pain,negative,Social Media,val
বলল রাখাল আমার আম খেয়ে দেখেছে,হইলো রাহাল অ্যাঁর আম হাই দেইক্কে,The cowherd said he tasted my mango,neutral,Conversation,test
আম গাছ বলল আমার আম কেন টক,আম গাছ হইলো অ্যাঁর আম কিল্লাই হাট্টা,The mango tree asked why is my mango sour,negative,Conversation,train
তোর আম টক কেন,তুঁর আম হাট্টা কিল্লাই,Why is your mango sour,negative,Conversation,train
মিষ্টি হলে সবাই এসে আমার আম খায়,মিডে অইলে বেজ্ঞুনে আই অ্যাঁর আম হায়,If it is sweet everyone comes and eat my mangoes,neutral,Drama,train
আম সবার পছন্দ,আম বেজ্ঞুনের ফসন্দো,Mangoes are everyone's favorite,positive,Drama,train
হাতের লাঠি দিয়ে গাছে বারি দেয়,আঁতর লাডি দি গাছত বারি দে,He hits the tree with a stick in hand,negative,Social Media,train
সেখানে থেকে বলল কাঠ আমাকে না,ওডে তুন হইলো কাঠ অ্যাঁরে ন,From there he said don't give wood to me,neutral,Conversation,train
জামা তোকে মানায় না,জামা তোঁরে ন মানায়,The shirt doesn't suit you,negative,Conversation,train
সে বলল তুই একটা বিড়াল,ইতে হইলো তুঁই উজ্ঞো বিলাই,He said you are a cat,neutral,Conversation,train
বিড়ালের মন খারাপ কেন,বিলাইঅর মন হারাপ কিল্লাই,Why is the cat sad,negative,Drama,val
সে বলল বিড়াল,ইতে হইলো বিলাই,Hesaid Cat,neutral,Social Media,train
তুই তো আমাকে ছাড়া থাকিস,তুঁই তো অ্যাঁরে ছাড়া থাকস,You live without me,negative,Social Media,test
আমাকে মুক্তি দাও তোমরা,অ্যাঁরে মুক্তি দ তোঁয়ারা,Give me freedom,neutral,Conversation,train
সবুজ উপরে বসে থাকে বিড়াল,সবুজ উদ্দি বৈ থাহে বিলাই,The cat sits on the green,neutral,Conversation,train
অনেক দিন ধরে সে ভাল খেতে পায় না,বহুত দিন ধরি ইতে গম হাইতে ন পায়,He hasn't been able to eat well for a long time,negative,Conversation,train
গাছে গাছে পেয়ারা খেয়ে থাকে,গাছেত গাছেত পেয়ারা হাই থাহে,Guavas are eaten from tree to tree,positive,Drama,train
তার মুখের রুচি চলে গেছে,ইতার মুকের রুচি চলি গেইয়্যে,He has lost the taste in their mouth,negative,Social Media,test
টিয়া দেখে আনন্দে আছে,টিয়া চ্যাঁই আনন্দে আছে,Seeing the parrot heis in joy,positive,Social Media,train
আর খুব মজা পেয়েছে,আর বহুত মজা পাইয়্যে,And had a great time,positive,Conversation,train
বিড়াল আজকে দেশে যাবে,বিলাই আজিয়ে দেশত যাইব্যু,The cat will go to the country today,neutral,Drama,train
তোমার জন্য একটু নিয়ে আসি,তোঁয়ার লাই এক্কানা লইয়্যে অ্যাই,I will bring a small amount for you,positive,Social Media,train
একটা রাজা আর একটা রাজকন্যা,উজ্ঞো রাজা আর উজ্ঞো রাজকন্যা,A king and a princess,neutral,Conversation,train
তার একটা কাজ করতে বলল সবাইকে,ইতার উজ্ঞো কাম গরিতে হইলো অক্কলরে,He told everyone to do a task,neutral,Conversation,train
সব করা হলে রাজা ঘোষনা করে,বেক গরা অইলে রাজা ঘোষনা গরে,When everything is done the king announces,neutral,Conversation,train
রাজ্যের সব ঘর থেকে মানুষ নিয়ে আসতে,রাজ্যর হক্কল ঘর তুন মানুষ লইয়্যে আইত,To bring people from all houses of the kingdom,neutral,Conversation,train
একটা গ্লাসে করে দুধ নিয়ে আসতে হবে,একটা গেলাসত গরে দুধ লইয়্যে আইত অইব্যু,Milk must be brought in a glass,neutral,Drama,val
আর রাতে তা দিতে হবে,আর রাইতে তা দন অইব্যু,And it must be given at night,neutral,Drama,train
সকালে রাজা দেখতে চায়,বেইন্যে রাজা চ্যাঁইতে চায়,The king wants to see in the morning,neutral,Social Media,train
রাজার আদেশ শুনে সবাই নিজের ঘরে ফিরে আসে,রাজার আদেশ শুনি বেজ্ঞুনে নিজর ঘরত ফিরি অ্যাইয়ে,Hearing the king's order everyone returns to their homes,neutral,Social Media,test
একটা লোক রাতে যাবে সবার ঘরে,উজ্ঞো লোক রাইতে যাইব্যু বেজ্ঞুনের ঘরত,A person will go to everyone's house at night,neutral,Conversation,train
রাজার পুকুরে দুধ নেওয়ার জন্য যায়,রাজার পইরত দুধ লনঅর লাই যায়,goes to the king's pond to fetch milk,neutral,Conversation,train
এমন সময় তার মাথায় একটা কথা আসে,এন সমত ইতার মাতাত উজ্ঞো হথা অ্যাইয়ে,At that moment a thought comes to his mind,neutral,Conversation,train
সে বলে সবাই পুকুরে যাবে,ইতে কইয়্যরে বেজ্ঞুনে পইরত যাইব্যু,He says everyone will go to the pond,neutral,Conversation,train
রাজার পুকুরে একটা করে দিবে,রাজার পইরত উজ্ঞো গরে দিতি,will put one in the king's pond,neutral,Drama,train
আমি যদি দুধ না দেই,অ্যাঁই যদি দুধ ন দ্যি,If I don't give milk,neutral,Drama,train
একটু পানি দেই তাহলে কি হবে,উজ্ঞো পানি দ্যি তঁইলে কি অইব্যু,If I give a little water then what will happen,neutral,Social Media,train
সে এটি পারবে না,ইতে ইবে ন ফাইত্ত,He will not be able to do this,negative,Social Media,train
কারণ সবাই রাতে দুধ দিয়ে যাবে,হারণ বেজ্ঞুনে রাইতে দুধ দ্যি যাইব্যু,Because everyone will give milk at night,neutral,Conversation,train
রাতে আমি কি দেই কে দেখবে,রাইতে অ্যাঁই কি দ্যি কেডা চ্যাঁইবে,Who will see what I give at night,neutral,Conversation,val
তা বুঝতে পারবে না রাজা,তা ঠওর ন ফাইত্ত রাজা,The king will not be able to understand that,negative,Conversation,train
সবাই মনে করবে আমি দিয়েছি,বেজ্ঞুনে মনত গরিবে অ্যাঁই দিয়্যি,Everyone will think I gave it,neutral,Conversation,train
চিন্তা করে লোক মনে মনে বলে আমি পানি দিব,চিন্তা গরে লোক মনত মনত কইয়্যরে অ্যাঁই পানি দিয়্যুম,Thinking the man says to himsel will give water,positive,Drama,train
রাতে সে গিয়ে একটা পুকুরে দিয়ে আসে,রাইতে ইতে গিয়্যি উজ্ঞো পইরত অ্যাইয়ে,At night he goes and places it in a pond,neutral,Drama,train
রাজা তার পুকুর দেখতে আসে,রাজা ইতার পইর চ্যাঁইতে অ্যাইয়ে,The king comes to see his pond,neutral,Social Media,train
এটি পুকুর পানি তে ভরা,ইবে পইর পানি তে ভরা,This pond is filled with water,neutral,Social Media,val
কেন এখানে দেখা যাচ্ছে না,কিল্লাই এডে দেহা ন যার,Why can't it be seen here,negative,Conversation,train
রাজার পুকুর অনেক বড় আর সুন্দর,রাজার পইর বহুত ডঁর আর সুন্দর,The king's pond is very big and beautiful,positive,Conversation,train
সব লোক মনে করে অন্য মানুষ দুধ দেবে,হক্কল লোক মনত গরে অন্য মানুষ দুধ দিব্যু,Everyone thinks someone else will provide milk,neutral,Conversation,train
তাই আমি পানি দেই সেখানে,তাই অ্যাঁই পানি দ্যি ওডে,So I give water there,neutral,Conversation,test
আর এমন করে রাজার পুকুর পানিতে ভরে গেল,আর এন গরে রাজার পইর পানিত ভরি গিল,And in this way the king's pond filled with water,positive,Drama,train
আজকের এসব গল্প খুব সুন্দর,আজিয়ের এগিন গফ বহুত সুন্দর,Today's stories are very beautiful,positive,Drama,test
একটা সকালে সে তার কাছে থেকে গল্প শুনে,উজ্ঞো বেইন্যে ইতে ইতার হাছে তুন গফ শুনি,One morning he heard a story from him,neutral,Social Media,test
সে বাংলাদেশ থেকে বেড়ায় এসেছে,ইতে বাংলাদেশ তুন বেড়ায় আইসসে,He has come back from Bangladesh,neutral,Social Media,val
গাছ নিয়ে একটা মজার গল্প,গাছ লইয়্যে উজ্ঞো মজার গফ,A fun story about a tree,positive,Conversation,train
তার সাথে তার বোন যোগ দিয়েছে,ইতার লগে ইতার বইন যোগ দিইয়্যি,His sister has joined him,neutral,Conversation,train
গ্রামে একটা রাখাল ছেলে সে,গ্রামত উজ্ঞো রাহাল ফোয়া ইতে,He is a cowherd boy in a village,neutral,Conversation,train
হঠাৎ সে কি মনে করে চলে গেল,আতিক্কে ইতে কি মনত গরে চলি গিল,Suddenly what did he think and leave,negative,Conversation,val
একটা পিঠা মাটিতে ফেলে দেয়,উজ্ঞো পিডা মেডিত ফেলায় দে,He throws a cake on the ground,negative,Drama,train
প্রতিদিন সে টাকা দেয় সেখানে,ফত্তিন ইতে টিঁয়া দে ওডে,Every day he gives money there,neutral,Drama,train
অনেক পরে রাখাল দেখল,বহুত ফরে রাহাল চ্যাঁইল,Much later the cowherd saw,neutral,Social Media,train
হঠাৎ করে সেখানে একটা গাছ হয়েছে,আতিক্কে গরে ওডে উজ্ঞো গাছ হইয়্যে,Suddenly a tree has appeared there,neutral,Social Media,train
পিঠার গাছ বড় হয়,পিডার গাছ ডঁর অয়,The Pitha tree grows big,positive,Conversation,test
রাখাল পিঠার গাছের পিঠা খায়,রাহাল পিডার গাছর পিডা হায়,The cowherd eats the pitha from the pitha tree,neutral,Conversation,train
আর বন্ধুকে দেয়,আর বন্ধুরে দে,And gives it to a friend,positive,Conversation,train
রাখালের আর ধরে না,রাহালঅর আর ন ধরি,The cowherd can't hold on anymore,negative,Conversation,train
পিঠা খেয়ে খেয়ে রাখালের সময় ভাল যায়,পিডা হাই হাই রাহালঅর সমত গম যায়,The cowherd has a good time eating pithas,positive,Drama,train
তাদের সময় এখন ভাল,ইতারার সমত এহন গম,They are having a good time now,positive,Social Media,train
একদিন একটা বুড়ি আসে,একদিন উজ্ঞো বুড়ি অ্যাইয়ে,One day an old woman comes,neutral,Conversation,val
সে রাখালের কাছে একটা পিঠার আবদার করল,ইতে রাহালঅর হাছে উজ্ঞো পিডার আবদার গরিল,He requested a pitha from the cowherd,neutral,Conversation,train
কিন্তু রাখাল তাকে কোন পিঠা দেয় না,কিন্তু রাহাল ইতারে হোন পিডা ন দে,But the cowherd doesn't give him any pitha,negative,Conversation,train
সে রাগে বুড়ি চলে যায়,ইতে গুসসাত বুড়ি চলি যায়,The old woman leaves in anger,negative,Conversation,train
রাখালকে ভেড়া বানিয়ে ফেলল,রাহালরে ভেড়া বানাই ফেলাইলো,turned the cowherd into a sheep,negative,Drama,train
গল্প শুনে মজা পায় তারা,গফ শুনি মজা পায় ইতারা,They have fun listening to the story,positive,Drama,train
গল্প আমার কাছে ভাল মনে হল না,গফ অ্যাঁর হাছে গম মনত ন অইল,The story did not seem good to me.,negative,Social Media,train
কিন্তু ছোট বোন গল্প করছে,কিন্তু ছোড বইন গফ গরের,But the younger sister is telling a story,neutral,Conversation,train
গাছের খাবার আর পানি দেয়,গাছর হানা আর পানি দে,He gives food and water to the tree,positive,Conversation,test
গল্পের সেই পিঠার গাছ,গফের হেই পিডার গাছ,That pitha tree from the story,neutral,Drama,test
গাছ দেখে সে কি খুশি,গাছ চ্যাঁই ইতে কি খুশি,Oh how happy he is to see the tree,positive,Drama,val
একটা দেশে অত্যাচারী রাজা ছিল,উজ্ঞো দেশত জালিম রাজা আইসসিল,There was an oppressive king in a country,negative,Social Media,val
অনেক অত্যাচার করে সে,বহুত জুলুম গরে ইতে,He oppresses a lot,negative,Conversation,train
রাজা সবাইকে নিয়ে শিকার করতে গেল,রাজা অক্কলরে লইয়্যে শিকার গরিতে গিল,The king went hunting with everyone,neutral,Conversation,train
শিকার করতে রাজকন্যা ভাল লাগে,শিকার গরিতে রাজকন্যা গম লার,The princess finds hunting enjoyable,positive,Drama,train
এটি একটা বড় উৎসব,ইবে উজ্ঞো ডঁর উৎসব,This is a big festival,positive,Social Media,val
রাজা একা একা একটা পিছনে যায়,রাজা একলা একলা উজ্ঞো ফিছে যায়,The king goes alone behind one,neutral,Social Media,train
এসব করতে করতে অনেক দূরে চলে যায়,এগিন গরিতে গরিতে বহুত দূরে চলি যায়,While doing all this he goes very far away,negative,Conversation,train
তার অন্য কোন দিকে মন নেই,ইতার অন্য হোন মিক্কে মন নাই,His mind is not on anything else,negative,Conversation,train
জবাব শুনে রাজা দুঃখ পায়,জোয়াব শুনি রাজা দুক পায়,Hearing the answer the king feels sad,negative,Conversation,train
বলে কি কারণ থাকতে পারে,কইয়্যরে কি হারণ থাইতে ফারে,He says what could be the reason,neutral,Conversation,train
দয়া করে সেটি আমাকে বলবেন,দয়া গরে ইয়ান অ্যাঁরে হইয়্যুন,Please tell me that,neutral,Drama,test
আমার মনে হচ্ছে তুমি যে শুধু বোকা,আর মনত অইলদে তুই যে উধে বোকা,I feel like you are just foolish,negative,Drama,test
রাজা তুমি তো একটা পাগল,রাজা তুই তো উজ্ঞো পল,King you are truly mad,negative,Social Media,test
লোক বলল আমি পাগল,লোক হইলো অ্যাঁই পল,People said i am mad,negative,Conversation,val
সব শুনলে তুই বুঝবি আমি কে,হক্কল হুনিলে তুঁই বুঝিবি অ্যাঁই কেডা,If you hear everything you will understand who I am,neutral,Conversation,test
আমি কোন কথা খুঁজে পাচ্ছি না বাবা,অ্যাঁই হোন হথা তোঁয়াইন ন পাইয়র বাপ,I can't find any words father,negative,Conversation,train
আমার কি সব কথা শেষ হয়ে গেল নাকি,অ্যাঁর কি বেক হথা শেষ অই গিল নি,Have all my words run out or what,neutral,Drama,train
বুঝতে পারছি এখন কি করা দরকার,ঠওর ফারির এহন কি গরা দরহার,I understand what needs to be done now,positive,Drama,val
আমি কেন পা ভেঙ্গে দিয়েছি,অ্যাঁই কিল্লাই ঠ্যাং ভাঙি দিয়্যি,Why have I broken my leg,negative,Social Media,train
তার মধ্যে একটা উদ্দেশ্য আছে আমার,ইতার মাজে উজ্ঞো উদ্দেশ্য আছে অ্যাঁর,I have a purpose within that,neutral,Conversation,train
আমাদের রাজা খুব অত্যাচারী হবে,অ্যাঁরার রাজা বহুত জালিম অইব্যু,Our king will be very oppressive,negative,Conversation,train
তার কথা সবাই জানে নাকি,ইতার হথা বেজ্ঞুনে জানে নি,Does everyone know about him,neutral,Conversation,train
একটা দেশে একটা সোনার ডিম,উজ্ঞো দেশত উজ্ঞো সোনার দিম,In a country there is a golden egg,positive,Drama,train
তার ডিম দেওয়া মুরগি ছিল,ইতার দিম দিবে কুরো আইসসিল,There's a golden egg in a certain country,positive,Drama,train
প্রতিদিন একটা করে সোনার ডিম পাড়ে,ফত্তিন উজ্ঞো গরে সোনার দিম পারত,Every day a golden egg is laid,positive,Social Media,train
তখন মুরগির মালিক বলল,তহন কুরোর মালিক হইলো,Then the chicken's owner said,neutral,Conversation,train
এখন থেকে দুইটা করে ডিম পড়তে হবে,এহন তুন দুইয়্যান গরে দিম ফরতে অইব্যু,From now on two eggs must be laid,neutral,Conversation,val
মুরগি জিজ্ঞাসা করে কেন,কুরো পুঁছার গরে কিল্লাই,The chicken asks why,neutral,Conversation,test
মালিক তখন বলে দেশের জন্য,মালিক তহন কইয়্যরে দেশর লাই,The owner then says For the country,neutral,Conversation,train
তুমি যদি দুইটা করে ডিম দাও,তুই যদি দুইয়্যান গরে দিম দ,If you give two eggs,neutral,Drama,train
তাহলে দেশের অনেক উপকার হবে,তঁইলে দেশর বহুত উপকার অইব্যু,Then it will be of much benefit to the country,positive,Drama,train
কথা শুনে মুরগি পরের দিন থেকে,হথা শুনি কুরো ফরর দিন তুন,Hearing the words from the next day the chicken,neutral,Social Media,test
দেশের জন্য দুইটা করে ডিম দেয়,দেশর লাই দুইয়্যান গরে দে,It lays two eggs for the country,positive,Conversation,train
সে ডিম দেওয়া শুরু করে দেয়,ইতে দিম দিবে শুরু গরে দে,It starts laying eggs,neutral,Conversation,train
মালিকের ডিম অনেক হয়ে গেল,মালিকের দিম বহুত অই গিল,The owner accumulated many eggs,positive,Conversation,train
কিছু দিন যাওয়ার পরে মালিক চিন্তা করল,কিসু দিন যনঅর ফরে মালিক চিন্তা গরিল,After a few days the owner thought,neutral,Drama,train
আর এই দিকে দিয়ে খাবার কম দেয়া,আর এই মিক্কে দি হানা কম দন,And on this side less food is given,negative,Drama,train
মুরগি মালিককে জিজ্ঞাসা করল,কুরো মালিকরে পুঁছার গরিল,The chicken asked the owner,neutral,Social Media,train
আমি এখন দুইটা করে সোনার ডিম পারি,অ্যাঁই এহন দুইয়্যান গরে সোনার দিম পারি,I now lay two golden eggs,positive,Social Media,test
কিন্তু আমার খাবার কম দেয়া হয় কেন,কিন্তু অ্যাঁর হানা হম দন অয় কিল্লাই,But why am I given less food,negative,Conversation,train
তাই তোমার সব খাবার দিয়ে দেই,তাই তোঁয়ার হক্কল হানা দি দ্যি,So I give you all the food,positive,Conversation,train
যে না খেয়ে আছে তাকে দিতে হবে,যে ন হাই আছে ইতারে দন অইব্যু,One who hasn't eaten must be given food,positive,Conversation,train
একটা বনে দুইটা বাঘ থাকে,উজ্ঞো বনত দুইয়্যান বাঘ থাহে,There are two tigers in a forest,neutral,Drama,train
তার জ্বালায় আতঙ্ক,ইতার জ্বালাত আতঙ্ক,Terror due to his torment,negative,Drama,train
পাখি সব সময় ভয়ে থাকে,ফাখি হক্কল সমত ডরে থাহে,Birds are always afraid,negative,Conversation,train
সব কিছু রেখে কোথায় চলে গেলে,হক্কল কিসু রাহি হডে চলি গ্যিলে,Where did you go leaving everything behind,negative,Conversation,train
নিয়ে মজা করে খেতে,লইয়্যে মজা গরে হাইতে,To have fun eating something,positive,Conversation,train
অনেক দিন খুঁজে পাই না,বহুত দিন তোঁয়াইন ন পাই,I haven't found it for a long time,negative,Drama,train
বাঘ মামা শিয়ালের উপরে রাগ,বাঘ মামা শিয়ালর উদ্দি গুসসা,Tiger Uncle is angry with the fox,negative,Social Media,train
শিয়াল এখন ভয়ে ভয়ে আছে,শিয়াল এহন ডরে ডরে আছে,The fox is now in fear,negative,Social Media,train
কখন যে ডাক পড়ে শিয়ালকে,কহন যে ডাহা শিয়ালরে,When will the fox be called,neutral,Conversation,train
এই ভয়ে শিয়াল ঘুরে বেড়ায়,এই ডরে শিয়াল ঘুরি বেড়ায়,Because of this fear the fox wanders around,negative,Conversation,train
শেষ পর্যন্ত ছাড়া পায় না শিয়াল,শেষ পইযুন্ত ছাড়া ন পায় শিয়াল,The fox is not released in the end,negative,Conversation,test
ডাক পড়ে শিয়ালের,ডাক ফড়ি শিয়ালর,The fox is called,neutral,Drama,train
শিয়াল তো ভয়ে শেষ,শিয়াল তো ডরে শেষ,The fox is done with fear,negative,Drama,val
কিন্তু শিয়াল তা বুঝতে না দিয়ে,কিন্তু শিয়াল তা ঠওর ন দি,But the fox without letting it be understood,neutral,Social Media,train
একদিন কাছে এসে হাজির,একদিন হাছে আই হাজির,One day came close and appeared,neutral,Conversation,train
ভাল যাচ্ছে না দিন তার,গম ন যার দিন ইতার,His days are not going well,negative,Conversation,train
মুরগি ঘরে এখন ভাল আছে,কুরো ঘরত এহন গম আছে,The chicken is well in its house now,positive,Conversation,train
আমি বুঝি শেষ আজকে,অ্যাঁই বুজি শেষ আজিয়ে,I guess it's over today,negative,Drama,val
ক্ষুধা জ্বালায় মরে যাচ্ছি সবাই,ভুগ জ্বালাত মরি যাইরগুই বেজ্ঞুনে,Everyone is dying from the pain of hunger,negative,Drama,test
মামার কানে যেতে রাগ গেছে,মামার হানত যাইতাম গুসসা গেইয়্যে,Anger reached uncle's ears,negative,Social Media,train
তোর ডাক পড়ে আবার,তুঁর ডাক ফড়ি আবার,You are called again,neutral,Social Media,train
শিয়াল আসে তার কাছে আর থাবা দিয়ে,শিয়াল অ্যাইয়ে ইতার হাছে আর থাবা দি,The fox comes to him and with a paw,negative,Conversation,test
শিয়ালকে ধরে বলে আমি জানি না,শিয়ালরে ধরি কইয়্যরে অ্যাঁই ন জানি,Hegrabs the fox and says i don't know,negative,Conversation,train
আর আমার বিয়ে না আজকে,আর অ্যাঁর বিয়া ন আজিয়ে,And it's not my wedding today,neutral,Conversation,train
কথা শুনে তার মন গলে গেল,হথা শুনি ইতার মন গলে গিল,His mind softened upon hearing the words,positive,Conversation,train
তাহলে আমাকে ভালোবাসে তো ঠিক বলেছে,তঁইলে অ্যাঁরে ভালোবাসে তো ঠিক হদ্দে,Then it's true that he loves me,positive,Social Media,train
বয়স তো কম হচ্ছে না,বয়স তো হম ন অইল,Age is not decreasing,negative,Conversation,train
রাজ্যের জন্য বিয়ে করার কথা তো ভুলে গেছে,রাজ্যর লাই বিয়া গরিবের হথা তো ভুলে গেইয়্যে,He has forgotten about getting married for the sake of the kingdom,negative,Conversation,train
মামা ভয় দিয়ে তো সব জয় করতে হয়,মামা ডর দি তো বেক জয় গরিতে অয়,Uncle one must conquer everything with fear,negative,Drama,train
চিন্তা তোর করা লাগবে না,চিন্তা তুঁর গরা ন লাইব্যু,You won't have to worry,positive,Drama,train
কালকে বিয়ে তুই ব্যবস্থা কর,হালিয়্যে বিয়া তুঁই ব্যবস্থা গর,Arrange the wedding for tomorrow,neutral,Social Media,train
এই দিকে সবাইকে যেয়ে বলে,এই মিক্কে অক্কলরে য্যাই কইয়্যরে,Go this way and tell everyone,neutral,Conversation,train
আমার মেয়ে পছন্দ হয়ে গেছে,অ্যাঁর মাইয়্যা ফসন্দো অই গেইয়্যে,The girl is approved by me,positive,Conversation,train
তোকে বিয়ে করতে হবে না,তুঁরে বিয়া গরিতে ন অইব্যু,You don't have to get married,neutral,Conversation,train
না হলে তোর কপালে কি আছে,ন অইলে তুঁর হপালত কি আছে,Otherwise what's in your fate,negative,Drama,train
একটা দেশে থাকে একটা সে,উজ্ঞো দেশত থাহে উজ্ঞো ইতে,One lives in a country,neutral,Social Media,train
তার ছিল একটা সুন্দরী বউ,ইতার আইসসিল উজ্ঞো সুন্দরী বউ,He had a beautiful wife,positive,Social Media,train
রাজা বিয়ে করেছে কিন্তু তার ভাল লাগে না,রাজা বিয়া গইজ্জে কিন্তু ইতার গম ন লার,The king got married but he doesn't like it,negative,Conversation,train
কোন ঘরে কোন ছেলে হয় নাই,হোন ঘরত হোন ফোয়া ন অয়,No son is born in any house,negative,Conversation,train
এসব নিয়ে রাজার মনে অনেক দুঃখ,এগিন লইয়্যে রাজার মনত বহুত দুক,All this causes the king much sadness,negative,Conversation,train
রাজা স্বপ্নে জানতে পারে একটা বিয়ে করলে,রাজা খোয়াবে জানিত ফারে উজ্ঞো বিয়া গইল্লি,The king learns in a dream that if he marries,neutral,Conversation,train
তাদের ঘরে আসবে ছেলে,ইতারার ঘরত আইবে ফোয়া,A boy will be born into their family,positive,Drama,train
ছেলের আশায় সে বিয়ে করল আবার,ফোয়ার আশাত ইতে বিয়া গরিল আবার,In hope of a son he married again,neutral,Social Media,train
নতুন বউ ঘরে নিয়ে আসে,নয়া বউ ঘরত লইয়্যে অ্যাইয়ে,The new bride is brought home,positive,Social Media,train
দেখে সবার গায়ে জ্বালা করে,চ্যাঁই বেজ্ঞুনের গাত জ্বালা গরে,Everyone feels a sting upon seeing it,negative,Conversation,test
এখানে সবাই অনেক অহংকারী,এডে বেজ্ঞুনে বহুত দেমাগি,Everyone here is very arrogant,negative,Conversation,train
তার জন্য রাজা তাকে ভালোবাসে,ইতার লাই রাজা ইতারে ভালোবাসে,For that the king loves him,positive,Drama,train
একদিন রাজ এসে বলে পূজা দেওয়ার জন্য,একদিন রাজ আই কইয়্যরে পূজা দিবের লাই,One day Raj came and said to give offerings,neutral,Drama,train
রাজার বাগানে ফুল নেই কেন,রাজার বাগানত ফুল নাই কিল্লাই,Why are there no flowers in the king's garden,negative,Social Media,train
একটি গাছে শুধু একটি ফুল আছে,উজ্ঞো গাছত উধে উজ্ঞো ফুল আছে,There is only one flower on a tree,neutral,Conversation,train
রাজা বলল তা নিয়ে,রাজা হইলো তা লইয়্যে,The king said about that,negative,Conversation,train
ফুল আনতে গেলে তারা ভয় পায়,ফুল আনোন গ্যিলে ইতারা ডর পায়,If they go to bring flowers they get scared,negative,Conversation,train
হাতের বাহিরে উপরে চলে যায়,আঁতর বাইরে উদ্দি চলি যায়,It goes up beyond reach,negative,Conversation,train
তার ছিল দুইটা মেয়ে,ইতার আইসসিল দুইয়্যান মাইয়্যা,He had two daughters,neutral,Drama,train
বড় মেয়ে ঝগড়া করে,ডঁর মাইয়্যা হইজ্যে গরে,The elder daughter quarrels,negative,Drama,train
তার সাথে ঝগড়া করে সে,ইতার লগে হইজ্যে গরে ইতে,He quarrels with him,negative,Social Media,train
কেউ তার সাথে কথা বলতে চায় না কেন,কেউ ইতার লগে হথা হইতে ন চায় কিল্লাই,Why does no one want to talk to him,negative,Social Media,train
তাকে দেখলে সবাই মুখ ঘুরে রাখে,ইতারে চ্যাঁইলে বেজ্ঞুনে মুক ঘুরি রাহে,Everyone turns their face away upon seeing him,negative,Conversation,train
আর ছোট মেয়ে ছিল ভাল আর সুন্দরী,আর ছোড মাইয়্যা আইসসিল গম আর সুন্দরী,And the younger daughter was good and beautiful,positive,Conversation,test
তাদের মা কিন্তু বড় মেয়েকে ভালোবাসে,ইতারার মা কিন্তু ডঁর মাইয়্যারে ভালোবাসে,Their mother however loves the elder daughter,positive,Conversation,train
কেন যেন ছোট মেয়েকে দেখতে পারে না,কিল্লাই যেন ছোড মাইয়্যারে চ্যাঁইতে ন ফারে,For some reason he doesn't like to see the younger daughter,negative,Conversation,train
বড় মেয়ের ছিল অনেক মজা,ডঁর মাইয়্যার আইসসিল বহুত মজা,The elder daughter enjoyed herself a lot,positive,Drama,train
সারাদিন কোন কাজ করতে হয় না তার,গুডাদিন হোন কাম গরিতে ন অয় ইতার,He doesn't have to do any work all day,neutral,Social Media,train
কিন্তু ছোট মেয়ে সারাদিন কাজ করে,কিন্তু ছোড মাইয়্যা গুডাদিন কাম গরে,But the younger daughter works all day,neutral,Social Media,train
রান্না থেকে শুরু করে ঘরের কাজ,রান্দা তুন শুরু গরে ঘরর কাম,From cooking to household chores,neutral,Conversation,train
সব একা তাকে করতে হয়,বেক একলা ইতারে গরিতে অয়,He has to do everything alone,negative,Conversation,train
তুমি দেখতে কি সুন্দর,তুই চ্যাঁইতে কি সুন্দর,You are so beautiful to behold,positive,Conversation,train
আমি তোমার ব্যবহারে মুগ্ধ,অ্যাঁই তোঁয়ার ব্যবারত মুগ্ধ,I am charmed by your conduct,positive,Drama,test
তোমাকে কিছু উপহার দিতে চেয়েছি,তোঁয়ারে কিসু উপহার দন চাইলাম,I wanted to give you a gift,positive,Social Media,train
তোমার জন্য একটা উপহার আছে,তোঁয়ার লাই উজ্ঞো উপহার আছে,I have a gift for you,positive,Social Media,train
আমি কি মনে ঠিক করে রাখি,অ্যাঁই কি মনত ঠিক গরে রাহি,What do I keep fixed in my mind,neutral,Conversation,train
তুমি যখন কথা শুরু করবে তখন পাবে,তুই যেত্তে হথা শুরু গরিবে তহন ফাইবে,When you start talking then you will get it,neutral,Conversation,train
তোমার মুখ থেকে একটি করে ফুল হবে,তোঁয়ার মুক তুন উজ্ঞো গরে ফুল হবে,A flower will come from your mouth,positive,Conversation,test
একটা বাহির হবে তখন,উজ্ঞো বাইর অইব্যু তহন,One will come out then,neutral,Drama,train
আমার অনেক দেরি হয়ে গেছে,অ্যাঁর বহুত দেরি অই গেইয়্যে,I am very late,negative,Drama,train
কেন আজকে আমি ক্ষমা চাই তোমাদের কাছে,কিল্লাই আজিয়ে অ্যাঁই ক্ষমা চাই তোঁয়ারার হাছে,Why do I seek forgiveness from you today,negative,Social Media,train
মাকে এসব কথা বলার সাথে সাথে তার মুখ থেকে,মারে এগিন হথা হইবের লগে লগে ইতার মুক তুন,As soon as these words were spoken to the mother from her mouth,neutral,Social Media,train
কি মনে করে তোকে পানি দেওয়ার জন্য,কি মনত গরে তোঁরে পানি দিবের লাই,Why would I think of giving you water,negative,Conversation,train
আমি এখানে এসেছি কি জন্য,অ্যাঁই এডে আইচ্ছি কি লাই,Why have I come here,neutral,Conversation,train
আবার পানি দিব তোকে,আবার পানি দিয়্যুম তোঁরে,I will give you water again,neutral,Conversation,val
তারপর তাকে আবার দেখা যায়,তারপর ইতারে আবার দেহা যায়,Then he is seen again,neutral,Conversation,train
কেউ তাকে দেখে না জানে না সে কোথায়,কেউ ইতারে ন চ্যাঁই ন জানে হডে,No one sees him no one knows where he is,negative,Drama,train
কে জানে সে কোথায় থাকে আর কি,কেডা জানে ইতে হডে থাহে আর কি,Who knows where he lives and what else,neutral,Drama,train
আমার একটা বন্ধু ইউরোপ আমেরিকায় যায়,অ্যাঁর উজ্ঞো বন্ধু ইউরোপ আমেরিকাত যায়,A friend of mine goes to Europe and America,neutral,Social Media,train
অনেক বেশি যাওয়া আশা করে,বহুত বেশি যন আশা গরে,He travels a lot,neutral,Social Media,val
তার সাথে দেখা হলে বলা যায় না,ইতার লগে দেহা অইলে হোন ন যায়,If I meet him it cannot be said,neutral,Conversation,train
সে বিদেশে যাবে না,ইতে বিদেশেত ন যাইব্যু,He will not go abroad,negative,Conversation,train
আমি একটা বাগান করেছিলাম,অ্যাঁই উজ্ঞো বাগান গইজ্জিলাম,I had made a garden,positive,Conversation,train
ফুলের না আমার বাগান ফলের,ফুলের ন অ্যাঁর বাগান ফলের,My garden is of fruits not flowers,neutral,Conversation,train
আমার বাগানে আছে ফলের গাছ,অ্যাঁর বাগানত আছে ফলের গাছ,My garden has fruit trees,positive,Drama,train
আমি বাগানের গাছে পানি দেই না,অ্যাঁই বাগানর গাছত পানি ন দ্যি,I don't water the garden plants,negative,Social Media,train
বাগানের পরিচর্যা করি আমি,বাগানর পরিচর্যা গরি অ্যাঁই,I maintain the garden,positive,Social Media,train
বাগান পরিস্কার রাখি,বাগান সাফ রাহি,I keep the garden tidy,positive,Conversation,test
সুন্দর একটা বাগান বানাতে যত্ন নিতে হয়,সুন্দর উজ্ঞো বাগান বানাইতু যত্ন লইত অয়,Care must be taken to create a beautiful garden,positive,Conversation,test
বাগান করার জন্য কাজ কঠিন,বাগান গরিবের লাই কাম কোদিন,The work for gardening is difficult,negative,Drama,val
কঠিন পরিশ্রম হয় অনেক,কোদিন পরিশ্রম অয় বহুত,There is a lot of hard work,negative,Social Media,train
পরিশ্রম বেশি হয় মন ভাল হয়ে যায়,পরিশ্রম বহুত অয় মন গম অই যায়,When there's a lot of hard work the mind gets better,positive,Social Media,train
আমি ঘরে আছি খেতে পারছি,অ্যাঁই ঘরত আছি হাইতে ফারির,I am at home able to eat,positive,Conversation,val
কিন্তু মানুষ খাবার পায় না,কিন্তু মানুষ হানা ন পায়,But people do not get food,negative,Conversation,val
একটা টুকরো খাবার আশায় দিন যায়,উজ্ঞো টুরো হানা আশাত দিন যায়,The day passes hoping for a piece of food,negative,Drama,train
আমাদের পৃথিবী একটা খারাপ অবস্থায় মধ্যে দিয়ে যায়,অ্যাঁরার পৃথিবী উজ্ঞো হারাপ অবস্থাত মাজে দি যায়,Our Earth is going through a bad condition,negative,Drama,train
প্রতিদিন মানুষ আক্রান্ত হচ্ছে,ফত্তিন মানুষ আক্রান্ত অইলদে,People are getting affected every day,negative,Social Media,train
সবার মত আমি বাড়িতে যাচ্ছি,বেজ্ঞুনের নান অ্যাঁই বাড়িত যাইরগুই,Like everyone else I am going home,neutral,Social Media,train
তার দিকে থেকে আমি খুশি,ইতার মিক্কে তুন অ্যাঁই খুশি,I am happy because of him,positive,Conversation,train
সব বন্ধ থাকার কারণে আমি কিছু করি না,বেজ্ঞিন বান্ধা থাহনের হারণে অ্যাঁই কিসু ন গরি,I do not do anything because everything is closed,negative,Conversation,train
আমার বান্ধবি গিয়ে গল্প করে,অ্যাঁর বান্ধবি গিয়্যি গফ মারে,My friend went and chatted,neutral,Conversation,val
আর আমরা আমাদের কাজ করতাম,আর অ্যাঁরা অ্যাঁরার কাম গইত্তাম,Then we used to do our work,neutral,Conversation,train
আমি বুঝতে পারি তাদের কথা,অ্যাঁই ঠাওর গরিত পারি ইতারার হথা,I understand what they say,positive,Drama,train
আমার আর বাহিরে যাওয়া উচিত না,অ্যাঁর আর বাত্যতি যন উচিত নই,I should not go outside anymore,negative,Drama,train
এরপর ঘরে বসে গল্পের বই পড়ার,এরপর ঘরত বৈই কিচ্চের বই ফড়ার,After that sitting at home reading storybooks,neutral,Social Media,train
ছবি দেখে সময় কাটে আমাদের,ছবি চ্যাঁই টেইম কাডে অ্যাঁরার,We pass the time by watching pictures,neutral,Social Media,train
কুম্ভকর্ণ নামে একটা মানুষ ছিল,কুম্ভকর্ণ নামে উজ্ঞো মানুষ আইসসিল,There was a man named Kumbhakarna,neutral,Conversation,train
রাবণের ভাই ছিল সে,রাবণর বদ্দা আইসসিল ইতে,He was Ravana's brother,neutral,Conversation,train
কুম্ভ মানে কি হয় কর্ণ মানে কি হয়,কুম্ভ মানে কি অয় হান কি অয়,Kumbha mean What does Karna mean,neutral,Conversation,train
বড় কান বলে তার নাম কুম্ভকর্ণ,ডঁর হান কইয়্যরে ইতার নাম কুম্ভকর্ণ,Because of his big ears his name is Kumbhakarna,neutral,Conversation,train
বড় কান থাকলে কি হবে,ডঁর হান থায়লি কি অইব্যু,What if someone has big ears,neutral,Drama,train
কেউ ডেকে তার ঘুম থেকে তুলতে পারে না,কেউ ডাহি ইতার ঘুম তুন তুলিত ন ফারে,No one can wake them up from sleep by calling,negative,Drama,train
সময় পার হলে তারপর যায়,সমত ফার অইলে তারপর যায়,They only go after time has passed,neutral,Social Media,train
আজকাল আমার বদলে হয়েছে,আইজকাল অ্যাঁর বদল হইয়্যে,These days i have changed,neutral,Social Media,train
কালকে আমি চলে যাবো,হালিয়্যে অ্যাঁই চলি যাইয়্যুম,Tomorrow i will leave,neutral,Conversation,train
তুই আর তোর মা মিলে চলে আসবি,তুঁই আর তুঁর মা মিলিয়ে চলি আবি,You and your mother both will come along,neutral,Conversation,train
একটু সব ঠিক করে দাও,এক্কানা হক্কল ঠিক গরে দ,Please fix everything a little bit,neutral,Conversation,val
আগে যে বাড়িতে থাকতে আমরা,আগে যে বাড়িত থাইতে অ্যাঁর,The house where we used to live before,neutral,Conversation,train
সেখানে অনেক বড় জায়গা ছিল,ওডে বহুত ডঁর জাগা আইসসিল,There was a very big space there,positive,Drama,train
একটা ফুলের বাগান আর মাঠ ছিল,এক্কানা ফুলের বাগান আর মাঠ আইসসিল,There was a flower garden and a field,positive,Drama,train
আকাশ কি সুন্দর দেখতে আজকে,আকাশ কি সুন্দর চাইত্যু আজিয়ে,The sky looks so beautiful today,positive,Social Media,train
হঠাৎ ছাদে যেতে মনে চায় কেন আজকে,আতিক্কে সাদোত যাইতাম মনত চায় কিল্লাই আজিয়ে,Why do i suddenly feel like going to the rooftop today,neutral,Social Media,train
অনেক দিন আকাশ দেখি না তো,বহুত দিন আকাশ ন চ্যাঁই তো,I have not looked at the sky for a long time,neutral,Conversation,train
আজকে অনেক দিন পরে আকাশ দেখতে পাবে,আজিয়ে বহুত দিন ফরে আকাশ চ্যাঁইতে ফাইবে,Today after a long time you will get to see the sky,positive,Conversation,train
কিন্তু সেটি আর হল না,কিন্তু ইয়ান আর ন অইল,But that did not happen anymore,negative,Conversation,train
তাকে মুখে তুলে দিতে হয়,ইতারে মুকূত তুলি দন ফরে,She has to feed her by mouth,neutral,Conversation,train
সেটি না হয় মেনে নেওয়া যায়,ইয়ান ন অয় মানি লন যায়,That can be accepted then,neutral,Drama,train
কিন্তু রাতে সব দেওয়া অনেক,কিন্তু রাইতে হক্কল দিবে বহুত,But giving everything at night is a lot,neutral,Drama,train
পরের শুক্রবার করতে আসে,ফরর শুক্কুরবার গরিতে অ্যাইয়ে,Comes to do it next Friday,neutral,Social Media,train
মা বিরিয়ানি করে,মা বিরেনি গরে,Mother cooks biryani,positive,Social Media,train
কথা মত আগে থেকে লাগিয়ে রাখে,হথা নান আগে তুন লাগাই রাহে,She prepares it in advance as planned,neutral,Conversation,train
এমন কি যখন মন খারাপ হয়,এন কি যেত্তে মন হারাপ অয়,Is there a time when you feel sad,neutral,Conversation,test
তখন চলে যায় তাদের কাছে,তহন চলি যায় ইতারার হাছে,Then goes to them,neutral,Conversation,val
তখন আবার চলে যায়,তহন আবার চলি যায়,Then leaves again,neutral,Conversation,test
কখন যে গাছ দেখি জানি না,কহন যে গাছ চ্যাঁই ন জানি,I do not know when I saw the tree,neutral,Drama,train
যেন আমার হয়ে উঠেছে,যেন অ্যাঁর অই উডিব্যু,As if it has become mine,positive,Drama,train
আসিফ এখন গ্রামে থাকে,আসিফ এহন গ্রামত থাহে,Asif now lives in the village,neutral,Social Media,train
গ্রামে লোক তাকে বোকা বলে,গ্রামত লোক ইতারে বোকা কইয়্যরে,People in the village call him a fool,negative,Social Media,train
বিয়ে হয়েছে কিছু দিন আগে,বিয়া হইয়্যে কিসু দিন আগে,The marriage happened a few days ago,neutral,Conversation,test
মজার ব্যাপার হল বিয়ের দিন,মজার ব্যাফার অইল বিয়ার দিন,The funny thing is on the wedding day,neutral,Conversation,val
শুধু বাড়ি যাওয়া হয়েছে,উধে বাড়ি যন হইয়্যে,Only went home,neutral,Conversation,val
একদিন হঠাৎ তার ঘাড়ে করে আসে,একদিন আতিক্কে ইতার ঘাড়ত গরে অ্যাইয়ে,Only went home,neutral,Conversation,train
শ্বশুর বাড়ি যাবে ঠিক করে,অঅর বাড়ি যাইব্যু ঠিক গরে,She will definitely go to the in laws house,neutral,Drama,train
সে হঠাৎ যদি মরে যায়,ইতে আতিক্কে যদি মরি যায়,What if she suddenly dies,negative,Drama,train
তাহলে আর কোন দিন শ্বশুর বাড়ি যাওয়া হবে না,তঁইলে আর হোন দিন অঅর বাড়ি যন ন অইব্যু,Then there will be no more visits to the in-laws' house ever again,negative,Social Media,test
মোমিত শ্বশুর বাড়ির রাস্তায় যায় না,মোমিত অঅড়ো বাড়ির লাস্তাত ন যায়,Momit does not take the road to his in laws house,neutral,Social Media,train
তাই মায়ের কাছে থেকে টাকা নেয়,তাই মার হাছে তুন টিঁয়া লয়,So he takes money from his mother,neutral,Conversation,train
কথা শুনে ঘর থেকে গেল জামিল,হথা ঊনি ঘর তুন গেঈয়্যি জামিলে,After hearing the words Jamil left the house,neutral,Conversation,train
মা হাত দিয়ে বলে কেমন করে যাবে,মা আঁত দি হইয়্যি ক্যান গরি যইব্যু,Mother gestures with her hand and asks how will you go,neutral,Conversation,train
মায়ের রাস্তায় যাওয়া শুরু করল,মার লাস্তায় যন শুরু গরিল,Mother started walking on the road,neutral,Conversation,test
সে যাচ্ছে ভুল রাস্তা দিয়ে,ইতে যার ভুল লাস্তা দি,He is going the wrong way,negative,Drama,train
যদি শ্বশুর বাড়িতে হারিয়ে যায়,যদি অঅরো বাড়িত আঁজি যায়গুই,What if one gets lost at the in laws house,negative,Drama,test
অনেক দূরে যাবার পর অন্য দিকে ঘুরে গেল,বহুত দূরে যায়বের ফর অন্য মিক্কে ঘুরি গেইয়্যি,After going a long way turned in a different direction,neutral,Social Media,test
হাবলু তো ঘুরে চলবে না,হাবলু তো ঘুরি ন চলিবু,Hablu would not keep wandering around,negative,Social Media,train
কিছু দূর গিয়ে সামনে পড়ে,কিসু দূর যেইউ সাম্মুতি ফড়ে,After going a short distance they fell in front,neutral,Conversation,train
একটা বড় দেখে সে,উজ্ঞো ডঁর চ্যাঁই ইতে,He sees something big,neutral,Conversation,val
ঘুরে দিয়ে গেলে তো,ঘুরি দি গেইলি তো,You just turned it around and left,negative,Conversation,train
শ্বশুর হারিয়ে যাবে,অঅর আঁজি যাইব্যু,The father inl aw will get lost,negative,Conversation,train
না আজকে যাবে মোমিত,ন আজিয়ে যাইব্যু মোমিত,No today Hablu will go,neutral,Drama,train
কাপড় নিয়ে নেমে পড়ে,হর লইয়্যে লামি ফড়ি,No today Momit will go,neutral,Drama,train
পুকুরে নাকি অনেক মাছ,পইরত নি বহুত মাছ,They say there are a lot of fish in the pond,neutral,Social Media,train
আবার চলতে শুরু করল সবাই,আবার চল্যিত শুরু গরিল বেজ্ঞুনে,Everyone started moving again,neutral,Social Media,train
আবার খালেদের সামনে পড়ে একটা গরু,আবার হালেদের সাম্মুদি ফড়ে উজ্ঞো গরু,Again a cow falls in front of Khaled,positive,Conversation,train
একটু ঘুরে গেলে হয়,এক্কানা ঘুরি গেইল্যি অয়,If you take a little detour,neutral,Conversation,train
কিন্তু সেটি তো চলবে না,কিন্তু ইয়ান তো ন চলিবু,But that would not work,negative,Conversation,train
কিন্তু মা তো বলেছে তোকে যেতে,কিন্তু মা তো হদ্দে যাইতাম তুঁরে,But mom told you to go,neutral,Conversation,train
মোমিত গরুর মধ্যে যায়,মোমিত গরুর মাজে যায়,Momit goes among the cows,neutral,Drama,train
একটা গরু কিন্তু রাগ করে তার উপরে,উজ্ঞো গরু কিন্তু গুসসা গরে ইতার উদ্দি,But one cow gets angry at him,negative,Drama,train
শিহাবকে পছন্দ হল না তার,শিহাবরে ফসন্দো ন অইল ইতার,Shihab did not like him,negative,Social Media,val
গরু আসে রাকিবকে বলে,গরু অ্যাইয়ে রাকিবরে হইয়্যরে,The cow comes and speaks to Rakib,neutral,Social Media,val
তার যাওয়া তো অনেক কষ্ট,ইতার যন তো বহুত কষ্ট,Her leaving is very painful,negative,Conversation,val
এসব ব্যাপারে কথা হবে কেন,এগিন ব্যাফারে হথা অইব্যু কিল্লাই,Why would there be talks about these matters,neutral,Conversation,train
কতদূর চলে এসেছি যে জানে,হদ্দুর চলি আইচ্ছি যে জানে,Only those know how far we have come,positive,Conversation,train
যেমন করে হোক বাড়ি যাবো তোকে নিয়ে,যেল্লে গরে হোক বাড়ি যাইয়্যুম তোঁরে লইয়্যে,No matter what i will take you home,positive,Conversation,train
ক্লান্ত না হয়ে হাবলু আবার চলতে লাগে,ক্লান্ত ন অই হাবলু আবার চল্যিত লার,Without getting tired hablu starts walking again,positive,Drama,train
একটা বড় তাল গাছ আছে,উজ্ঞো ডঁর তাল গাছ আছে,There is a big palm tree,neutral,Drama,val
এখন তো বিপদ হয়েছে,এহন তো বিপদ হইয়্যে,Now there is trouble,negative,Social Media,train
তাল গাছ কিভাবে যাবে হাবলু,তাল গাছ কেনে যাইব্যু হাবলু,How will hablu go to the palm tree,neutral,Social Media,train
গাছ ঘুরে গেলে তো সে রাস্তা হারিয়ে ফেলবে,গাছ ঘুরি গ্যিলে তো ইতে রাস্তা আঁজাই ফেলাইব্যু,If he turns around the tree he will lose his way,negative,Conversation,train
তাহলে কি আর শ্বশুর বাড়ি যাওয়া হবে,তঁইলে কি আর অঅর বাড়ি যন অইব্যু,So will there be a trip to the in laws house then,neutral,Conversation,train
শ্বশুর বাড়ি যেতে হবে কেন তোর,অঅড়ো বাড়ি যেতু অইব্যু কিল্লাই তুঁর,Why do you have to go to your in laws house,neutral,Conversation,train
ঘুরে যাবে না তারা কখনো,ঘুরি ন যাইব্যু ইতারা হনঅত্তে,They will never turn back,neutral,Conversation,train
কিন্তু গাছের মাথায় হাবলু একটা সমস্যায় পড়ে,কিন্তু গাছর মাতাত হাবলু উজ্ঞো সমস্যাত ফড়ি,But hablu gets into trouble at the top of the tree,negative,Drama,train
পাতা ধরে যেতে গিয়ে,পাতা ধরি যাইতাম গিয়্যি,While going by holding the leaf,neutral,Drama,train
তার দুইটা পা নিয়ে গাছ থেকে পড়ে গেল,ইতার দুইয়্যান ঠ্যাং লইয়্যে গাছ তুন ফড়ি গিল,He fell from the tree with his two legs,negative,Social Media,train
হাতে থেকে গাছের পাতা,আঁতত তুন গাছর পাতা,Tree leaf from hand,neutral,Social Media,train
পা দিয়ে গাছের দেখা পেলে না,ঠ্যাং দি গাছর দেহা ন পাইলে,He did not find the tree with his foot,negative,Conversation,train
এখন কি উপায় হবে বলতে হবে,এহন কি উপায় অইব্যু হইতে অইব্যু,Now I have to say what can be done,neutral,Conversation,test
এখানে থেকে পড়লে সে শেষ,ইয়েন তুন পইল্লে ইতে শেষ,If he studies from here he will finish,neutral,Conversation,train
শ্বশুর বাড়ি ও বউ হবে,অঅর বাড়ি ও বউ অইব্যু,In laws house and wife will be there,neutral,Conversation,train
কতক্ষণ থাকা যায় এমন করে,হতোক্ষন থাওন যায় এন গরে,How long can one stay like this,neutral,Drama,train
হঠাৎ সে কিছু দূরে দেখে একটা হাতি দেখে,আতিক্কে ইতে কিসু দূরে চ্যাঁই উজ্ঞো হাতি চ্যাঁই,Suddenly he saw an elephant some distance away,neutral,Drama,train
হাতির পিঠে করে যাচ্ছে,হাতির পিডে গরে যার,Going on an elephants back,neutral,Social Media,train
বাবলু তার জন্য চিৎকার শুরু করল,বাবলু ইতার লাই চিৎকার শুরু গরিল,Bablu started shouting for him,neutral,Social Media,train
সবাই এসে তার মধ্যে পড়ে কেন,বেজ্ঞুনে আই ইতার মাজে ফড়ি কিল্লাই,Why does everyone fall into it,neutral,Conversation,train
অবাক হয়ে প্রশ্ন করল বাবা,অবাক অই ফশ্ন গরিল বাপ,Father asked in surprise,neutral,Conversation,train
কি হয়েছে বলবেন ভয় কিসের,কি হইয়্যে হইয়্যুন ডর কিয়ের,What happened Tell me what is there to be afraid of,positive,Conversation,train
প্রশ্ন করল কিন্তু উত্তর আসে না,ফশ্ন গরিল কিন্তু উত্তর ন অ্যাইয়ে,He asked but no answer came,neutral,Conversation,train
এসব দেখে তার দিকে ভাল করে দেখে সবাই,এগিন চ্যাঁই ইতার মিক্কে গম গরে চ্যাঁই সবাই,Everyone looked closely at him after seeing all this,neutral,Drama,train
বলল কি হবে বাবা বললে,বলল কি অইব্যু বাপ হইল্যে,What will happen if father says it,negative,Drama,train
কথা বলতে বলতে যাচ্ছে তারা,হথা হইতে হইতে যার ইতারা,They are leaving while talking,neutral,Social Media,train
সকালে শুনে কি হয়েছে ফলাফল,বেইন্যে শুনি কি হইয়্যে ফলাফল,What happened to the result after hearing it in the morning,neutral,Social Media,train
আর কিছু না করে চলে গেল সে,আর কিসু ন গরে চলি গিল ইতে,Without doing anything else he left,negative,Conversation,test
সকালে পাখির শব্দ ভাল লাগে আমার,বেইন্যে ফাখির শব্দ গম লার অ্যাঁর,I like the sound of birds in the morning,positive,Conversation,train
এই ছেলের কি কোন কাজ নেই সারাদিন,এই ফোয়ার কি হোন কাম নাই গুডাদিন,Does this boy have no work at all the whole day,negative,Conversation,train
বাড়িতে সব ফেলে এখানে এসেছে,বাড়িত হক্কল ফেলায় ইয়েন আইসসে,Left everything at home and came here,neutral,Conversation,train
সবাই কি চিন্তা করে কে জানে,বেজ্ঞুনে কি চিন্তা গরে কেডা জানে,Who knows what everyone is thinking,neutral,Drama,train
রাতের কথা মনে নেই,রাইতের হথা মনত নাই,I do not remember what happened at night,neutral,Drama,train
রাতের সব কেটে যাবার সাথে সাথে,রাইতের হক্কল হাডি যায়বের লগে লগে,As the night gradually passes away,neutral,Social Media,train
তাদের ভয় কেটে গেছে,ইতারার ডর হাডি গেইয়্যে,They are no longer afraid,positive,Social Media,train
মাথায় হঠাৎ একটা বুদ্ধি আসে কেন,মাতাত আতিক্কে উজ্ঞো বুদ্ধি অ্যাইয়ে কিল্লাই,Why does a sudden idea come to mind,neutral,Conversation,val
কানের কাছে মুখ দিয়ে চিৎকার করে কেন,হানর হাছে মুক দি চিৎকার গরে কিল্লাই,Why do shout close to the ear with mouth,negative,Conversation,train
কি দেওয়ার জন্য এসেছে তারা,কি দিবের লাই আইসসে ইতারা,What have they come to give,neutral,Conversation,train
কারণ ছাড়া চিৎকার করতে না করল,হারণ ছাড়া চিৎকার গরিতে ন গরিল,Why did they scream without any reason,negative,Conversation,train
অবাক হয়ে সবার দিকে যায়,অবাক অই বেজ্ঞুনের মিক্কে যায়,Surprised looks towards everyone,neutral,Drama,train
তারা চোখ বন্ধ করে আছে কেন,ইতারা চুখ বন্ধ গরে আছে কিল্লাই,Why are they keeping their eyes closed,neutral,Drama,train
একবারে তাকে ধাক্কাতে যেয়ে পড়ে গেল,এব্বেরে ইতারে বাইজ্জেতে য্যাই ফড়ি গিল,He suddenly tried to push him but fell down,neutral,Social Media,train
কিন্তু পারলে না কিছু করতে,কিন্তু ন পারিলে কিসু গরিতে,But unable to do anything even if tries,negative,Social Media,val
পা দিয়ে তাকে আটকে রাখে,ঠ্যাং দি ইতারে আটকে রাহে,He holds him with their foot,neutral,Conversation,train
হৃদয় দিয়ে বুঝতে হবে,দিল দি ঠওর অইব্যু,You have to understand with your heart,positive,Conversation,train
তোমার জন্য একটু শান্তিতে থাকা যাবে না,তোঁয়ার লাই এক্কানা শান্তিত থাওন ন যাইব্যু,You would not be able to stay calm for even a little because of me,negative,Conversation,train
রাতে হয় না আবার সকালে সকালে শুরু করেছে,রাইতে ন অয় আবার বেইন্যে বেইন্যে শুরু গইজ্জে,It did not happen at night but it started early in the morning again,negative,Conversation,train
আমি আবার কি করি আপনি তো ভান করে আছেন,অ্যাঁই আবার কি গরি অনে তো ভান গরে আছোন,What did I do again You are just pretending,negative,Drama,train
আমার শ্বাস আটকে গেছে,অ্যাঁর শ্বাস আটকে গেইয়্যে,I am out of breath,negative,Drama,train
আপনার হাত পা সব তো আমার উপরে,অনের আঁত ঠ্যাং হক্কল তো অ্যাঁর উদ্দি,Your hands and feet are all over me,neutral,Social Media,test
তুমি আমার মুখে দিকে মুখ দিয়ে কি করিস,তুই অ্যাঁর মুকে মিক্কে মুক দি কি গরিস,What are you doing by putting your face close to mine,negative,Social Media,train
অন্য কিছু করবে তাই চোখ বন্ধ করেছিলাম,অন্য কিসু গরিবে তাই চুখ বন্ধ গরে গইজ্জিলাম,I closed my eyes because you were about to do something else.,neutral,Conversation,train
এসব চলল তাই আটকে দিলাম,এগিন চলিলো তাই আটকে দিলাম,All this was going on so I stopped it,neutral,Conversation,train
কথা বলবেন না আমাকে নিয়ে,হথা ন হইয়্যুন অ্যাঁরে লইয়্যে,Do not talk about me,negative,Conversation,train
আমার মাথায় সুন্দর বুদ্ধি থাকে,অ্যাঁর মাতাত সুন্দর বুদ্ধি থাহে,I have good ideas in my head,positive,Conversation,train
সে গল্প আমি ভাল করে জানি,ইতে গফ অ্যাঁই গম গরে জানি,I know that story well.,positive,Drama,train
বল রাতে কি হয় তোর,হ রাইতে কি অয় তুঁর,What happens to you at night,neutral,Drama,val
অনির্বান আমার বন্ধু,অনির্বান অ্যাঁর বন্ধু,Anirban is my friend,neutral,Social Media,val
অনির্বানের সাথে যখন আমার দেখা হয়,অনির্বানর লগে যেত্তে অ্যাঁর দেহা অয়,When I meet Anirban,neutral,Social Media,train
তখন সময় ছিল বড় খারাপ,তহন সমত আইসসিল ডঁর হারাপ,At that time the situation was very bad,negative,Conversation,train
আমরা অনেক দূরে একটা অনুষ্ঠান করতে যাচ্ছি,অ্যাঁর বহুত দূরে উজ্ঞো অনুষ্ঠান গরিতে যাইরগুই,We are going far away to attend an event,neutral,Conversation,val
আমরা চা খাবো বলে রাখি,অ্যাঁরা চা হাইয়্যুম কইয়্যরে রাহি,We said we would have tea,neutral,Conversation,train
গাড়ি বন্ধ করে একটা ছোট মত চা দোকানে,গাড়ি বন্ধ গরে উজ্ঞো ছোড নান চা দোকানত,Stopped the car at a small tea stall,neutral,Conversation,train
এমন সময় দেখতে পেলে,এন সমত চ্যাঁইতে পাইলে,Just then happened to see,neutral,Drama,train
মাঠ পার হয়ে আমার দিকে আসছে,মাঠ ফার অই অ্যাঁর মিক্কে আইব্যু,Crossing the field they are coming toward me,neutral,Drama,train
আমার সামনে এসে বলল চিনো,অ্যাঁর সামনে আই হইলো চিনোছ,He came in front of me and said do you recognize me,neutral,Social Media,train
আমি বললাম কোথায় না,অ্যাঁই হইলাম হডে ন,I said No I do not know,neutral,Social Media,test
বলল ভাল করে দেখে,হইলো গম গরে চ্যাঁই,She said look carefully,neutral,Conversation,train
আমি তাকে চিনো,অ্যাঁই ইতারে চিনোছ,I know him,neutral,Conversation,train
আমার বন্ধু অনির্বান না সে,অ্যাঁর বন্ধু অনির্বান ন ইতে,Anirban is not my friend,negative,Conversation,train
আমার চোখে পুরাতন দিন ছবির মত লাগে,অ্যাঁর চুখত পুরাইন্না দিন ছবির নান লার,Old days appear like pictures in my eyes,neutral,Conversation,train
আমি তাকে প্রশ্ন করি তুই এখানে,অ্যাঁই ইতারে ফশ্ন গরি তুঁই ইয়েন,I ask him are you here,neutral,Drama,train
সে বলল কথা ছিল বন্ধু,ইতে হইলো হথা আইসসিল বন্ধু,There was something to say friend,neutral,Drama,train
আমাদের তো এখানে থাকার কথা ছিল,অ্যাঁরার তো ইয়েন থাহনের হথা আইসসিল,We were supposed to be here,neutral,Social Media,train
আমার পায়ের নিচ থেকে মাটি চলে যাচ্ছে,অ্যাঁর ঠ্যাংঅর নিচু তুন মেডি চলি যার,The ground is slipping from under my feet,negative,Social Media,test
তোমরা বোকার মত প্রশ্ন করলে,তোঁয়ারা বোকার নান ফশ্ন গইল্লি,You asked a foolish question,negative,Conversation,train
কি করছি এখন,কি গইজ্জি এহন,What have i done,neutral,Conversation,train
যা কথা ছিল তাই আছে,যা হথা আইসসিল তাই আছে,What was said remains,neutral,Conversation,train
মানুষের মধ্যে আছি সবাই,মাইনসের মাজে আছি বেজ্ঞুনে,We are all among people,neutral,Conversation,train
আমি আর থাকতে পারি না সেখানে,অ্যাঁই আর থাইতে ন পারি ওডে,I can not stay there anymore,negative,Drama,test
একটা কিছু আমাকে শেষ করছে,উজ্ঞো কিসু অ্যাঁরে শেষ গরের,Something is finishing me,negative,Drama,train
এখন তোর দেরি হয়ে যাচ্ছে না,এহন তুঁর দেরি অই ন যার,Are not you getting late now,neutral,Social Media,train
আমি গাড়ি যেয়ে বসে,অ্যাঁই গাড়ি য্যাই বৈ,I go and sit in the car,neutral,Social Media,train
সে কেন কাছে এসে বলল,ইতে কিল্লাই হাছে আই হইলো,Why did she come close and say,neutral,Conversation,train
এখন তো তোর নাম হয়ে গেছে,এহন তো তুঁর নাম অই গেইয়্যে,Now you have made a name for yourself,positive,Conversation,test
তুই বিখ্যাত হয়ে গেছিস নাকি এখন,তুঁই বিখ্যাত অই গেইয়্যুস নি এহন,Have you become famous now,neutral,Conversation,val
এসব কি বলিস সুখে আছি কি বলিস,এগিন কি হইস সুখত আছি কি হইস,What are you saying Are you saying I am happy,negative,Conversation,train
আমার গাড়ি নিয়ে সে,অ্যাঁর গাড়ি লইয়্যে ইতে,She with my car,neutral,Drama,train
অনির্বান আমার জীবন থেকে চলে যাচ্ছে,অনির্বান অ্যাঁর জীবন তুন চলি যার,Anirban is leaving my life,negative,Drama,train
আজকে আবার যাচ্ছে সে,আজিয়েত আবার যার ইতে,She is leaving again today,neutral,Social Media,val
শেষ কথা আজকে আমার কানে আছে,শেষ হথা আজিয়ে অ্যাঁর হানত আছে,Her last words are still in my ears today,neutral,Social Media,train
সবার মত লেগে আছে,বেজ্ঞুনের নান লাগি আছে,It is attached like everyone else,neutral,Conversation,train
দেখে যা অনির্বান যাচ্ছে,চ্যাঁই যা অনির্বান যার,See Anirban is leaving,neutral,Conversation,train
সবার মত কি সুখে আছি আমি,বেজ্ঞুনের নান লাগিকি সুখত আছি অ্যাঁই,Am I happy like everyone else,negative,Conversation,test
কি সুখে গান গাই,কি সুখত গান গাঁই,In what happiness do I sing,neutral,Conversation,test
রাস্তা আমার জীবন,রাস্তা অ্যাঁর জীবন,The road is my life,neutral,Drama,train
শুধু জীবনে কথা মানে জীবন,উধে জীবনত হথা মানে জীবন,Only in life the word means life,neutral,Drama,val
কাজ করে জীবন চলে,কাম গরে জীবন চলি,Life goes on by working,neutral,Social Media,train
শুধু যোগ বিয়োগ করা,উধে যোগ বিয়োগ গরা,Just adding and subtracting,neutral,Social Media,val
আমার বাড়ি গিয়ে ফিরে এলাম,অ্যাঁর বাড়ি গিয়্যি ফিরি আইলাম,I went to my house and came back,neutral,Conversation,train
আমার মতে তোর মত কেউ নেই,অ্যাঁর মতে তুঁর নান কেউ নাই,In my opinion there is no one like you,positive,Conversation,val
কত তোর জন্য দিয়ে হলুদ খাম,হতো তুঁর লাই দি হলুদ খাম,How many yellow envelopes did I give for you,neutral,Conversation,test
আমার মতে তোর মত কেউ নেই এখন আর,অ্যাঁর মতে তুঁর নান কেউ নাই এহন আর,In my opinion theres no one like you anymore,neutral,Conversation,train
তোর রাস্তায় কে যাবে বল,তুঁর রাস্তাত কেডা যাইব্যু হ,Who will go on your road tell me,neutral,Drama,test
যত্নে লুকিয়ে লুকিয়ে কবিতা লিখে দিন পার করে,যত্নেত লুয়োই লুয়োই কবিতা লিহে দিন ফার গরে,Days pass by writing poems secretly with care,neutral,Drama,test
তার অনেক পরে যায়,ইতার বহুত ফরে যায়,It goes much later,neutral,Social Media,val
তার কথা বুঝা গেলে তো,ইতার হথা বুজা গ্যিলে তো,If her words were understood then,neutral,Social Media,train
বলার আগেই কথা শেষ কিভাবে হয়,হইবের আগে হথা শেষ কেনে অয়,How do words finish before they are even spoken,neutral,Conversation,train
তার মুখ খুঁজতে যাবে না,ইতার মুক তোঁয়াইতে ন যাইব্যু,Do not go looking for her face,neutral,Conversation,train
সেখানে যাওয়া আমার অভ্যাস,ওডে যন অ্যাঁর অব্যাস,Going there is my habit,neutral,Conversation,train
যেখানে রোদ আর বৃষ্টি,যেডে রোদ আর বৃষ্টি,Where there is sun and rain,neutral,Conversation,test
যাবো চিন্তা করে নেই আগে,যাইয়্যুম চিন্তা গরে নাই আগে,Let me think about going first,neutral,Drama,train
লেখা গল্প ভুল হবে বানান,লেহা গফ ভুলে অইব্যু বানান,The written story will have spelling mistakes,negative,Drama,train
হাত কালো কেন হয়,আঁত হালা কিল্লাই অয়,Why do hands become dark,neutral,Social Media,train
এসব করে সময় গেল আয়োজনে,এগিন গরে সমত গিল আয়োজনত,Time passed doing all these in the event,neutral,Social Media,train
প্রতিদিন ভয় পাওয়া সব,ফত্তিন ডর পাওন হক্কল,Being afraid every day everything,negative,Conversation,train
অনেক শব্দ শুনে বুঝবে,বহুত শব্দ শুনি বুঝিবো,You will understand after hearing many words,neutral,Conversation,train
একবারে বল নেই তোর কেউ নেই,এব্বেরে হ নাই তুঁর কেউ নাই,There's absolutely no one for you,negative,Conversation,train
যেমন অনেক চিঠি ভেঙ্গে ডাকে,যেন বহুত চিডি ভাঙি ডাহে,Like many letters break and call,neutral,Conversation,train
যেমন করে তোকে সামলে রাখি,যেন গরে তোঁরে সামলাই রাহি,Like how I keep you together,positive,Drama,val
যেমন একদিন বোকার মত ভুল,যেন একদিন বোকার নান ভুল,Like one day a foolish mistake,negative,Drama,train
যেমন চলে আমাদের হাত,যেন চলি অ্যাঁরার আঁত,Like how our hand moves,neutral,Social Media,train
যা ছিল না ছিল না,যা ন আইসসিল ন আইসসিল,What was not was not,neutral,Conversation,train
না পাওয়া থাক কিছু,ন পাওন থাহ কিসু,May there remain some things unattained,neutral,Conversation,train
সবকিছু পেলে নষ্ট জীবন,বেক্কিছু পাইলে নষ্ট জীবন,A life is spoiled if you get everything,negative,Conversation,train
তোর এই দুনিয়াতে আলো,তুঁর এই দুনিয়েত আলো,Light in this world of yours,positive,Drama,train
দিন এমন করে শেষ হবে,দিন এন গরে শেষ অইব্যু,The day will end like this,neutral,Social Media,test
কিছু অন্য মত,কিসু অন্য নান,Some other way,neutral,Social Media,test
যদি যেতে চায় তাহলে কি হবে,যদি যাইতাম চায় তঁইলে কি অইব্যু,If he wants to go then what will happen,neutral,Conversation,train
গল্প লিখে বাঁচায়,গফ লিহে বাঁচায়,Saves by writing a story,positive,Conversation,test
আমি চেয়েছি না আর তার,অ্যাঁই ন চাইলাম আর ইতার,I don't want him anymore,negative,Conversation,train
তাই চেষ্টা করছি আমি,তাই চেষ্টা গইজ্জি অ্যাঁই,So I am trying,neutral,Conversation,train
কখনো চেষ্টা করে চুপ করে,হনঅত্তে চেষ্টা গরে চুপ গরে,Sometimes tries quietly,neutral,Drama,val
চোখ ভাঙ্গা তুমি খুঁজে আমাকে,চুখ ভাঙ্গা তুই তোঁয়াইন অ্যাঁরে,You with broken eyes search for me,negative,Drama,test
তখন আমি চুপ থাকবো,তহন অ্যাঁই চুপ থাইক্কুম,Then I will stay silent,neutral,Social Media,train
আমার জন্য আলো রাখে কে,অ্যাঁর লাই আলো রাহে কেডা,Who keeps the light for me,neutral,Social Media,train
আমি মানুষের কাছে আছি অনেক দিন,অ্যাঁই মাইনসের হাছে আছি বহুত দিন,I have been among people for a long time,neutral,Conversation,train
শেষ করে যাবেন না,শেষ গরে ন যাইবেন,Please don’t end it,negative,Conversation,train
দাও তোমার হাত,দ তোঁয়ার আঁত,Give me your hand,neutral,Conversation,train
আমি আবার তোমাকে চাই,অ্যাঁই আবার তোঁয়ারে চাই,I want you again,positive,Conversation,train
তাকে দাও তোমার হাত,ইতারে দ তোঁয়ার আঁত,Give him your hand,neutral,Drama,train
তোমার হাত আমার হাত,তোঁয়ার আঁত অ্যাঁর আঁত,Your hand my hand,neutral,Drama,test
কিভাবে আটকে থেকে যাবে তুমি,কেনে আটকে তুন যাইব্যু তুই,How will you remain stuck,negative,Social Media,train
কখনো কথা কখনো চুপ,হনঅত্তে হথা হনঅত্তে চুপ,Sometimes words sometimes silence,neutral,Social Media,train
কিভাবে যেন আটকে যায়,কেনে যেন আটকে যায়,Somehow it gets stuck,negative,Conversation,train
সন্ধ্যায় তোমার চুলে হাত কে দিবে,আজুইন্নে তোঁয়ার চুলত আঁত কেডা দিতি,In the evening who will run their hand through your hair,neutral,Conversation,train
তোমার আমার মাথায়,তোঁয়ার অ্যাঁর মাতাত,On your and my head,neutral,Conversation,train
এখন কৃষ্ণচূড়ার আলো,এহন কৃষ্ণচূড়ার আলো,Now the light of the krishnachura,positive,Conversation,val
আমাদের রাস্তা সুন্দর,অ্যাঁরার রাস্তা সুন্দর,Our road is gorgious,positive,Drama,val
তোমার স্বপ্ন নেই,তোঁয়ার খোয়াব নাই,You have no dreams,negative,Social Media,train
তারা নিজের মত,ইতারা নিজর নান,They are the way they are,neutral,Social Media,train
কখনো সময় পেলে একটু দেখব,হনঅত্তে সমত পাইলে এক্কানা দেইক্ষুম,If I ever get time I will take a look,neutral,Conversation,test
আমি কোথাও খুঁজে পাবো নাকি,অ্যাঁই কোনমিক্কে তোঁয়াইন পাইয়্যুম নি,Will I be able to find anywhere,neutral,Conversation,train
আমি চাই না আর কোন কাজ,অ্যাঁই ন চাই আর হোন কাম,I don't want to do any more work,negative,Conversation,train
আমি নিজের ডাল ভাত শেষ করেছি,অ্যাঁই নিজর ডাইল ভাত শেষ গইজ্জি,I have finished my dal and rice,neutral,Conversation,train
ঘুম আমার শেষ,ঘুম অ্যাঁর শেষ,My sleep is over,neutral,Drama,train
জানতে পায় না কাছে কিছু,জানিত ন পায় হাছে কিসু,They don’t sense anything nearby,negative,Drama,train
আমার দুইটি হাত,অ্যাঁর দুয়ো আঁত আছে,I have two hands,neutral,Social Media,train
যাক ঘর আমার যাক,যাক ঘর অ্যাঁর যাক,Let my home be gone,negative,Social Media,train
যাক আজকে রাতে সময়,যাক আজিয়ে রাইতে সমত,Let tonight's time go,neutral,Conversation,train
লুকিয়ে রেখে তার নাম,লুয়োই রাহি ইতার নাম,Hiding his name,neutral,Conversation,train
হারিয়ে গেছে ভিতরে,আঁজাই গেইয়্যে বিতুরে,It is lost within,negative,Conversation,val
আমাকে খুঁজে পাবে না,অ্যাঁরে তোঁয়াইন ন ফাইবে,You will not find me,negative,Conversation,train
খুঁজে পাওয়া যাবে না,তোঁয়াইন ন পাওন যাইব্যু,Cannot be found,negative,Drama,train
তোমার কাছে আমাকে পাবে না,তোঁয়ার হাছে অ্যাঁরে ন ফাইবে,You won’t have me by your side,negative,Drama,train
মনের ভিতরে ঘরে কিছু,মনর বিতুরে ঘরত কিসু,Something inside the mind's home,neutral,Social Media,test
কে যাবে তখন খুঁজতে,কেডা যাইব্যু তহন তোঁয়াইতে,Who will go looking then,neutral,Social Media,val
তুমি তাকে দেখতে পারবে,তুই ইতারে চ্যাঁইতে ফাইত্ত,You will be able to see him,neutral,Conversation,train
তার জীবনে ঝড় কেন,ইতার জীবনত ঝড় কিল্লাই,Why is there a storm in his life,negative,Conversation,train
তোমার কথা একেবারে শব্দ দূষণ,তোঁয়ার হথা এক্কোবারে শব্দ দূষণ,Your words are absolute noise pollution,negative,Conversation,train
আমার দরজায় দিয়েছি,অ্যাঁর দরজাত দিয়্যি,I have given at my door,neutral,Conversation,train
আমার খুব জ্বর,অ্যাঁর বহুত জ্বর,I have a high fever,negative,Drama,test
তোমার নৌকা আমার সৈন্য নেই,তোঁয়ার নাও অ্যাঁর সৈন্য নাই,Your boat i have no soldiers,negative,Drama,test
আমাদের মন্ত্রী গেছে ভুলে,অ্যাঁরার মন্ত্রী গেইয়্যে ভুলে,Our minister has forgotten,negative,Social Media,train
একটা ভুল করেছে মন্ত্রী,উজ্ঞো ভুল গইজ্জে মন্ত্রী,The minister has made a mistake,negative,Social Media,train
কথার উপরে কথা,হথার উদ্দি হথা,Word upon word,negative,Conversation,test
ভিতরে এরজন্য নরম,বিতুরে এতোল্লাই নরম,Soft inside for this reason,neutral,Conversation,train
বড় বিপদ আসবে না,ডঁর বিপদ ন আইবে,A big danger will not come,positive,Conversation,train
কথার উপরে শুধু কথা,হথার উদ্দি উধে হথা,Just words upon words,negative,Conversation,train
যদি মন কাঁদে এসো না,যদি মন হাঁন্দে ন আইস্যু,If your heart cries don't come,negative,Drama,val
এসো বৃষ্টি ভরা চোখে,আইস্যু বৃষ্টি ভরা চুখত,Come with rain-filled eyes,negative,Drama,train
তখন আকাশ থাকবে না,তহন আকাশ ন থাইব,Then there will be no sky,negative,Social Media,test
কদম হাতে নিয়ে থাকি না,কদম আঁতত লইয়্যে ন থাহি,I don't hold Kadom flower in my hand,negative,Social Media,train
আকাশ হবে কালকে,আকাশ অইব্যু হালিয়্যে,The sky will be tomorrow,neutral,Conversation,train
মেঘ বৃষ্টি মনে মনে,মেঘ বৃষ্টি মনত মনত,Clouds rain in mind,neutral,Conversation,train
কদম দিয়ে যাবে,কদম দি যাইব্যু,He will go step by step,neutral,Conversation,train
পানি তোমাকে নিয়ে খাবো,পানি তোঁয়ারে লইয়্যে হাইয়্যুম,I will drink water with you,positive,Conversation,train
যদি মন কাঁদে,যদি মন হাঁন্দে,If the heart cries.,negative,Drama,train
তুমি চলে এসো চলে এসো,তুই চলি আইস্যু চলি আইস্যু,You come come,neutral,Drama,train
দিনের মনে পরে গান,দিনর মনত ফরে গান,I remember the song of the day,neutral,Social Media,val
বৃষ্টি হচ্ছে টাপুর টুপুর,বৃষ্টি অদ্দে টাপুর টুপুর,Rain is falling tapur tupur,neutral,Social Media,train
যদি ডেকে বলি এসো হাত ধরে,যদি ডাহি হই আইস্যু আঁত ধরি,If call out come holding my hand,positive,Conversation,train
চলে আজকে বৃষ্টিতে ভিজি,চলি আজিয়ে বৃষ্টিত বিজি,Let us go get wet in the rain today,positive,Conversation,train
এসো গান করি,আইস্যু গান গরি,Let us sing।,positive,Conversation,train
আসবে তুমি জানি আমি,আইবে তুই জানি অ্যাঁই,You will come i know,positive,Conversation,val
কেন কাছে ডাকাডাকি,কিল্লাই হাছে ডাহাডাহি,Why are you calling so close,neutral,Drama,train
কেন মরে যাচ্ছি,কিল্লাই মরি যাইরগুই,Why am I dying,negative,Drama,val
শ্রাবণ রাতের বৃষ্টিতে,শ্রাবণ রাইতের বৃষ্টিত,In the rainy night of shravan,neutral,Social Media,train
চোখে চোখ রাখার,চুখত চুখ রাখিবার,To keep eyes on eyes,neutral,Social Media,train
বকুল কোন গাছের,বকুল হোন গাছর,What kind of tree is bakul,neutral,Conversation,train
তুমি কতদূর থেকে আসবে,তুই হদ্দুর তুন আইবে,How far will you come from,neutral,Conversation,train
আমি মরে যাচ্ছি তৃষ্ণায়,অ্যাঁই মরি যাইরগুই তিরাইষ্যাত,I am dying of thirst,negative,Conversation,test
চলবে আজকে বৃষ্টিতে,চলিবু আজিয়ে বৃষ্টিত,It will continue today in the rain,neutral,Conversation,train
তুই দৌড় দিয়ে যাবি নাকি,তুঁই দোর দি যাবি নি,Will you go by running,negative,Drama,val
আমি থাকবো না মাটির ঘরে,অ্যাঁই ন থাইক্কুম মেডির ঘরত,I will not stay in an earthen house,neutral,Drama,train
আমার চোখে বৃষ্টি পরে,অ্যাঁর চুখত বৃষ্টি ফরে,Rain falls in my eyes,neutral,Social Media,train
তাদের হবে না মেঘের উপরে বাড়ি,ইতারার ন অইব্যু মেঘর উদ্দি বাড়ি,They would not have a house above the clouds,neutral,Social Media,train
আমার মনে অনেক কষ্ট আছে,অ্যাঁর মনত বহুত কষ্ট আছে,I have a lot of pain in my heart,negative,Conversation,train
চোখ করে কালো তোর,চুখ গরে হালা তুঁর,Your eyes are black,neutral,Conversation,train
তোর হল মেঘের উপরে ঘর,তুঁর অইল মেঘর উদ্দি ঘর,Your house is above the clouds,neutral,Conversation,train
মেঘের উপরে তুমি থাকতে,মেঘর উদ্দি তুই থাইতে,You used to live above the clouds,neutral,Conversation,train
সুখে দুঃখে উপরে রাখে,সুখত দুকে উদ্দি রাহে,It keeps up in happiness and sorrow,neutral,Drama,train
মেঘবতী তার মেঘের উপরে ঘর,মেঘবতী ইতার মেঘর উদ্দি ঘর,Meghoboti has her house on top of the clouds,neutral,Drama,test
তুই ফেলে এসেছিস,তুঁই ফেলায় আইচ্চুস,You have left behind,neutral,Social Media,train
মন আমার তাই শান্তি পায় না,মন অ্যাঁর তাই শান্তি ন পায়,That is why my mind does not find peace,negative,Social Media,train
দিয়ে চলে এসেছেন,দি চলি আইসসুন,You have given and left,neutral,Conversation,train
এখন ভুলে গেছে,এহন ভুলে গেইয়্যে,Now it has been forgotten,neutral,Conversation,test
কেমন করে এখন বাড়ি যাবি,ক্যান গরে এহন বাড়ি যাবি,How will you go home now,neutral,Conversation,train
নদীতে পানিতে থাকি,নদীতে পানিতে থাহি,I live in the river water,neutral,Conversation,train
কান দিয়ে থাকি,হান দি থাহি,I am all ears,neutral,Drama,train
মনে হয় যে পাবে,মনত অয় যে ফাইবে,It seems that will get,neutral,Drama,train
ভাষা যদি বুঝি আমি,ভাষা যদি বুজি অ্যাঁই,f I understand the language,neutral,Social Media,train
যে গেছে সবার পরে,যে গেইয়্যে বেজ্ঞুনের ফরে,The one who left last,neutral,Social Media,test
যদি কথা দাও বন্ধু,যদি হথা দ বন্ধু,If you make a promise friend,positive,Conversation,train
তোমাকে গান বলি আজকে,তোঁয়ারে গান হই আজিয়ে,I will tell you a song today,positive,Conversation,test
যে গানে মন ভালো হয় তোমাদের,যে গানত মন গম অয় তোঁয়ারার,The song that makes you all feel good,positive,Conversation,test
একটা সুর তোকে নিয়ে যেতে পারে,উজ্ঞো সুর তোঁরে লইয়্যে যাইতাম ফারে,A tune can carry you away,positive,Conversation,train
আমার অনেক সুর তোকে নিয়ে,অ্যাঁর বহুত সুর তোঁরে লইয়্যে,I have many tunes inspired by you,positive,Drama,train
তুই তো আমার মত,তুঁই তো অ্যাঁর নান,You are like me,positive,Drama,train
তার সাথে কিছু রোদ আছে আজকে,তুঁর লগে কিসু রোদ আছে আজিয়েত,There is some sunshine today,positive,Social Media,train
এখন কিছু কিছু কথা বলে,এহন কিসু কিসু হথা কইয়্যরে,Now says a few words,neutral,Social Media,train
ঘরে থাকে কবিতার কথা,ঘরত থাহে কবিতার হথা,The words of poetry stay at home,positive,Conversation,train
যদি খুঁজে পাই অন্য কোন কিছু তখন,যদি তোঁয়াইন ফাই অন্য হোন কিসু তহন,If I find something else then,neutral,Conversation,train
সে গান আমার জন্য,ইতে গান অ্যাঁর লাই,That song is for me,positive,Conversation,train
একটা সুর কি তোর আছে,উজ্ঞো সুর কি তুঁর আছে,Do you have a tune,neutral,Conversation,train
তোমাকে নিয়ে যেতে পারে না তারা,তোঁয়ারে লইয়্যে যাইতাম ন ফারে ইতারা,They cannot take you away,negative,Drama,train
আমাদের অনেক দূরে যেতে হবে নাকি,অ্যাঁরার বহুত দূরে যাইতাম অইব্যু নি,Do we have to go very far,neutral,Drama,train
একটা গান বন্ধু হবে তোর,উজ্ঞো গান বন্ধু অইব্যু তুঁর,A song will be your friend,positive,Social Media,train
কেন তোর সাথে দেখবে সন্ধ্যায়,কিল্লাই তুঁর লগে চ্যাঁইবে আজুইন্নে,Why will you meet with him in the evening,neutral,Social Media,train
আর একটা বাতি জ্বলে,আর উজ্ঞো বাতি জ্বলে,One more lamp lights up,positive,Conversation,val
তোমাদের দেখবে বলে,তোঁয়ারার চ্যাঁইবে কইয়্যরে,Because will see you all,neutral,Conversation,train
নিচে শুধু আমি আর তুমি,তলাত উধে অ্যাঁই আর তুই,Below only you and I,positive,Conversation,test
এসব গান কি শুনি,এগিন গান কি ফুনি,Should I listen to these songs,neutral,Conversation,train
তোমার ফেলে আসার সুর,তোঁয়ার ফেলায় আইসসিল সুর,The tune of your leaving behind,neutral,Drama,test
তোমাকে দিয়ে দিতে পারে,তোঁয়ারে দি দন ফারে,can give it to you,positive,Drama,test
তোকে নিয়ে যেতে পারবে না,তোঁরে লইয়্যে যাইতাম ন ফাইত্ত,Will not be able to take you,negative,Social Media,train
তুমি রাখো তোমার হাতে,তুই রাহ তোঁয়ার আঁতত,You keep it in your hand,neutral,Social Media,train
তুমি রাতে আমাকে খাবার দিবে,তুই রাইতে অ্যাঁরে হানা দিতি,You will give me food at night,positive,Conversation,train
তুমি মেনে নিয়ে সবকিছু,তুই মানি লইয়্যে বেক্কিছু,You accept everything,neutral,Conversation,train
আমি তার করি গান,অ্যাঁই ইতার গরি গান,I sing his song,positive,Conversation,test
সব কথা কি বলবো আমি,হক্কল হথা কি হইয়্যুম অ্যাঁই,Should I say everything,neutral,Conversation,train
এসে রাখে সব অনুরোধ,আই রাহে হক্কল অনুরোধ,Keeps all requests coming,neutral,Drama,test
তোমার মনের মত করে,তোঁয়ার মনর নান গরে,As you wish hearts desire,positive,Drama,train
চোখ যায় না তার,চুখ ন যায় ইতার,He cannot see,neutral,Social Media,train
অনেক অল্প পানি,বহুত এক্কানা গরি পানী,Very little water,neutral,Conversation,train
তুই দেখে ঘরে আছিস,তুঁই চ্যাঁই ঘরত আছস,You are at home after seeing,neutral,Conversation,val
আমি সে ঘরে খুঁজেছিলাম,অ্যাঁই ইতে ঘরত তোঁয়াইলাম,I search for him in that house,neutral,Conversation,train
আমি সে ঘরে খুঁজে,অ্যাঁই ইতে ঘরত তোঁয়াই,I look for him in that house,neutral,Conversation,train
বাহিরে থাকা একটা মেয়ে,বাইরে থাওন উজ্ঞো মাইয়্যা পোয়া,A girl staying outside,neutral,Drama,test
ছেলে দৌড়াতে দৌড়াতে এসে,ফোয়া দুরিত দুরিত আই,The boy came running,neutral,Drama,train
দেখে যুবক গাছের কাছে আসে,চ্যাঁই মরতফোয়া গাছর হাছে অ্যাইয়ে,Seeing this the young man comes near the tree,neutral,Social Media,train
গাছের নিচে হাতি থাকে,গাছর তলাত হাতি থাহে,There is an elephant under the tree,neutral,Social Media,train
হাতিকে পিঠে থেকে তার জন্য,হাতিরে পিডে তুন ইতার লাই,On the elephants back for him,neutral,Conversation,test
যখন সে হাবলুর পা ধরে,যহন ইতে হাবলুর ঠ্যাং ধরি,When he holds Hablus leg,neutral,Conversation,train
ঠিক সে সময় একটা ঘটনা হয়ে গেল,ঠিক ইতে সমত উজ্ঞো ঘটনা অই গিল,Right at that moment an incident occurred,neutral,Conversation,train
হাতি একটা দৌড়াতে আছে,হাতি উজ্ঞো দুরিত আছে,The elephant starts to run,neutral,Conversation,val
আর সে পা ধরে বসে থাকে,আর ইতে ঠ্যাং ধরি বৈ থাহে,And he keeps holding the leg while sitting,neutral,Drama,train
তাকে ডেকে বিপদ হয়েছে,ইতারে ডাহি বিপদ হইয়্যে,Calling him caused trouble,negative,Drama,val
তাকে দেখতে এসে কেন গেলাম,ইতারে চ্যাঁইতে আই কিল্লাই গেলাম,Why did I go to see him,negative,Social Media,val
হাবলু আর কতক্ষণ পারবে,হাবলু আর হতোক্ষন ফাইত্ত,How much longer can Hablu endure,negative,Conversation,val
তারা আছে তাল গাছের পাতা ধরে,ইতার আছে তাল গাছর পাতা ধরি,They are holding onto the palm tree leaves,neutral,Conversation,train
ছেড়ে দিলে সবাইকে একবারে চলে যেতে হবে,ছাড়ি দিলে অক্কলরে এব্বেরে চলি যাইতাম অইব্যু,If let go everyone will have to leave at once,negative,Conversation,train
হঠাৎ তারা গান শুরু করে,আতিক্কে ইতারা গান শুরু গরে,Suddenly they start singing,positive,Conversation,train
দেখে কেউ আসবে নাকি,চ্যাঁই কেউ আইব্যু নি,Look is someone coming,neutral,Drama,val
বুদ্ধি কিন্তু তাদের খারাপ,বুদ্ধি কিন্তু ইতারার হারাপ,But their intelligence is bad,negative,Drama,train
কাপড় ধরে টানতে শুরু করে সে,হর ধরি টাইনতে শুরু গরে ইতে,He starts pulling the cloth,neutral,Social Media,test
পরিবেশ খারাপ হয়ে গেল সাথে সাথে,পরিবেশ হারাপ অই গিল লগে লগে,The environment became bad immediately,negative,Conversation,test
কষ্ট কম হতে শুরু করে,হষ্ট কম অইত শুরু গরে,The pain started to lessen,positive,Conversation,train
সে এমন আত্নহারা হয়ে গেলে হবে,ইতে এন আত্নহারা অই গ্যিলে অইব্যু,He has become so helpless that is understandable,neutral,Conversation,train
সে তো ভুলে গেল সে পাতা ধরে আছে,ইতে তো ভুলে গিল ইতে পাতা ধরি আছে,He forgot that he is holding the leaf,neutral,Conversation,val
তোর গলায় অনেক সুন্দর সুর,তুঁর গলাত বহুত সুন্দর সুর,You have a very beautiful voice,positive,Drama,train
তার পা থেকে হাত ছেড়ে দিয়েছে,ইতার ঠ্যাং তুন আঁত ছাড়ি দিইয়্যি,He has let go of the hand from his foot,neutral,Drama,train
সামনে তাকে বলেছে,সামনে ইতারে হদ্দে,Said to him in front,neutral,Social Media,train
আমি তাকে ঘটনা বললাম,অ্যাঁই ইতারে ঘটনা হইলাম,I told him the incident,neutral,Social Media,train
শুনে খুব আফসোস করলে,শুনি বহুত আপসোস গইল্লি,After hearing felt very regretful,neutral,Conversation,val
তখন তাদের মুক্তি করে নিল,তহন ইতারার মুক্তি গরে লইল,Then he freed them,positive,Conversation,train
আমার তাকে দেখে মনে হয় সে ভাল নেই,অ্যাঁর ইতারে চ্যাঁই মনত অয় ইতে গম নাই,Seeing him I feel theyre not well,negative,Conversation,test
তখন সে বলল তোমরা করা,তহন ইতে হইলো তোঁয়ারা গরা,Then he said You all do it,neutral,Conversation,train
আমি একটু ছাদে থেকে আসি,অ্যাঁই এক্কানা সাদোত তুন অ্যাই,I will go to the rooftop for a bit,neutral,Drama,train
এখন আবার ছাদে যাবে কেন,এহন আবার সাদোত যাইব্যু কিল্লাই,Why are you going to the rooftop again now,negative,Drama,train
একটু আসছি আচ্ছা ভাল,এক্কানা আইর আইচ্ছা গম,I am just coming for a bit alright fine,neutral,Social Media,train
কথা আছে আজকে ছাদে এসো,হথা আছে আজিয়ে সাদোত আই,I have something to say come to the rooftop today,neutral,Social Media,train
তাহলে অনেক মজা হবে,তঁইলে বহুত মজা অইব্যু,Then it will be a lot of fun,positive,Conversation,train
তাহলে তুমি ছাদে করতে,তঁইলে তুঁই সাদোত গরিতে,Then you do it on the rooftop,neutral,Conversation,train
আমি একটু দেখে আসছি,অ্যাঁই এক্কানা চ্যাঁই আইর,I am just going to take a look,neutral,Conversation,train
বলে আমি চলে গেলাম,হইয়্যরে অ্যাঁই চলি গেলাম,Saying that I left,neutral,Conversation,train
ছাদে গেল কেন জানি না,সাদোত গিল কিল্লাই ন জানি,I do not know why went to the roof,neutral,Drama,train
আবার কোন সমস্যা হল না,আবার হোন সমস্যা ন অইল,Again no problem happened,neutral,Drama,train
পরে এসে আবার বলে,ফরে আই আবার কইয়্যরে,Then comes and says again,neutral,Social Media,val
আমাদের সবাইকে নিয়ে গেল,অ্যাঁরার অক্কলরে লইয়্যে গিল,He took all of us away,positive,Social Media,train
বিয়ের পরে আমি ছাদে আসি,বিয়ার ফরে অ্যাঁই সাদোত অ্যাই,After the wedding I come to the rooftop,neutral,Conversation,train
আমাদের ছাদে অনেক সুন্দর,অ্যাঁরার সাদোত বহুত সুন্দর,Our rooftop is very beautiful,positive,Conversation,train
চাঁদের আলো হয়ে যেন,চাঁনের আলো অই যেন,Like the moonlight,positive,Conversation,train
আমরা সবাই ছাদে গেলাম,অ্যাঁরা বেজ্ঞুনে সাদোত গেলাম,We all went to the rooftop,neutral,Drama,train
তখন আমি বললাম তোমাকে,তহন অ্যাঁই হইলাম তোঁয়ারে,Then I said to you,neutral,Drama,train
একটা কথা বলা হয় না,উজ্ঞো হথা হোন ন অয়,A certain thing is left unsaid,neutral,Social Media,train
যখন আমি গাড়ির ভিতরে ছিলাম,যেত্তে অ্যাঁই গাড়ির বিতুরে আসসিলাম,When I was inside the car,neutral,Social Media,train
তখন একটা মেয়ে আমার অনেক করেছে,তহন উজ্ঞো মাইয়্যা অ্যাঁর বহুত গইজ্জে,Then a girl did a lot for me,positive,Conversation,train
কিন্তু মেয়ে দেখতে খুব ভাল ছিল,কিন্তু মাইয়্যা চ্যাঁইতে বহুত গম আইসসিল,But the girl was very beautiful,positive,Conversation,val
সে আমাকে বাড়ি দিবে,ইতে অ্যাঁরে বাড়ি দিতি,He will give me a house,positive,Conversation,train
আমি কখনো চিন্তা করি না,অ্যাঁই হনঅত্তে চিন্তা ন গরি,I never think,neutral,Drama,val
মানে যেমন তুমি কর,মানে যেল্লে তুই গরস,Like the way you do,neutral,Drama,train
চোখে সামনে এখানে থেকে সেখানে,চুখত সামনে ইয়েন তুন ওডে,In front of the eyes from here to there,neutral,Social Media,train
তাই আবার মেয়ে,তই আবার মাইয়্যা,So again a girl,neutral,Social Media,test
তার মনে হয় আর আমার ঠিক মনে নেই,ইতার মনত অয় অ্যাঁর ঠিক মনত নাই,He remembers but I do not recall correctly,neutral,Conversation,train
ঘুম তো তোমরা কি নিয়ে করছে,ঘুম তো তোঁয়ার কি লইয়্যে গরের,What are you all even doing about sleep,neutral,Conversation,train
তেমন কিছু না তোমার স্বামীর কথা শুনে,ইল্লে কিসু নই তোঁয়ার জামাইর হথা ওনি,Nothing much just hearing about your husband,neutral,Conversation,train
সবকিছু আমি বললাম,বেক্কিছু অ্যাঁই হইলাম,I told everything,neutral,Drama,train
তারপর আমরা অনেক গল্প করলাম,তারপর অ্যাঁরা বহুত গফ গইল্লাম,Then we talked a lot many stories,neutral,Drama,train
এর মধ্যে এসে ধরে কাঁদে,এর মাজোদি আই ধরি হাঁন্দে,Came in and started crying while holding,negative,Social Media,train
সে আমাকে দেখে বলল কে,ইতে অ্যাঁরে চ্যাঁই হইলো হন,He saw me and said Who are you,neutral,Conversation,train
হাত ভাঙ্গা কিভাবে তোর,আঁত ভাঙ্গা কেনে তুঁর,How did you break your hand,neutral,Conversation,train
বই কোথায় পাওয়া যাবে,বই হডে পাওন যাইব্যু,Where can I get the book,neutral,Conversation,train
আচ্ছা তোর কথা মনে আছে,আইচ্ছা তুঁর হথা মনত আছে,Alright I remember you,positive,Conversation,train
ঠিক আছে আমি কাজ করতে আসবো,ঠিক আছে অ্যাঁই কাম গরতু এসসুম,Okay I will come to work,neutral,Drama,train
কালকে আমার সাথে দেখা করবি,হালিয়্যে অ্যাঁর লগে দেহা গরিবি,Meet me tomorrow,neutral,Drama,train
মাটির গুদাম টিনের ছাউনি ঝরঝর করে পানি,মাইট্টা গুদাম টইনুর ছানি ঝরঝরাইয়া পরের পাণি,"It's an earthen warehouse with a tin roof, and water is dripping/rushing down",neutral,Social Media,train
এইযে কালো মৌমাছি আমি এখনো ফুলের মুকুল,ওরে হালা ভোমরা আইজু ফুলুর হড়া,"Here is the black bee, I am still the flower bud",positive,Social Media,val
ফুলের কলি তে বসে মুখ লাগিও না,হলিত বই মুখ কা ন লাগাইও,Do not sit on the flower bud and put your mouth,negative,Conversation,train
তোমার বাড়ী আমার বাড়ী মাঝখানে একটা খাল,তোয়ার বারি অ্যাঁর বারি মাজে এক্কান হাল,Your house and my house have a canal in between them,neutral,Conversation,train
ওহে কালো চাঁদ গলার মালা মন জ্বলতেছে তোমার জন্য,ও কালাচান গলার মালা পেট পুরেদ্দে তুয়ারলাই,O black moon necklace my heart is burning for you,positive,Conversation,val
"আমিও রাজি, তুমি রাজি কি করবে তোমার বাবা",আই রাজি তুই রাজি কি গরিবু তোয়ার বায়াজি,"I agree, and you agree, but what will your father say/do",positive,Conversation,val
কালকে ডাকব পাড়ার কাজী,কালিয়া ডাকি পাড়ার হাঝি,I will call the neighborhood marriage registrar/officiant tomorrow,positive,Drama,train
বন্ধু চলে যায় হাসিখুশিতে,বন্ধু যারগুই আসিখুশি,The friend is leaving in a happy mood,positive,Drama,train
নিয়ে যাবো গাড়ীতে তুলে,লই জাইউমগুই গারিত তুলি,I will take you away in a car,neutral,Social Media,val
কিনে দিব লাল শাড়ী,কিনি দিউম লাল শাড়ী,I will buy you a red saree,positive,Social Media,train
অনেেকদিন হচ্ছে গ্রামের বাড়ীতে যাচ্ছি না,খতদিন অইয়েদে বাড়িত ন যাইদ্দি,I haven't been to the village house/home for a long time,negative,Conversation,train
দুই চোখে ভাসতেছে আমাদের পুকুর পাড়,দুই চোখত ভাসেদ্দে আঁরাে ফইর ফার,I am seeing/picturing our pond bank in my mind/eyes,positive,Conversation,train
সকাল থেকে দুপুর পর্যন্ত পুকুরে সাতার করতাম,বেইন্নাওুন দুঁইজ্জা লতি ফইরত হাডাইতাম,I would swim in the pond from morning until noon,positive,Conversation,train
জাল মেরে মাছ ধরতাম মনের সুখে,জাল মারি মন'র সুখত মাছ ধইত্তাম,I used to joyfully fish with a net,positive,Conversation,train
আপু আমাকে ভাত খাওয়ার জন্য ডাকত অনেকবার,বব্বু আঁরে ভাত খাইবাল্লাই ডাইকতু হতবার,My older sister had to call me many times for meals,positive,Drama,train
তুমি কেমন আছো,তুঁই ক্যান আছোও,How are you,neutral,Drama,train
তোমার অভাব অনুভব করছি,তোঁয়ার লাই আঁর ফেড ফুরের,I miss you,positive,Social Media,train
আমিও তোমার অভাব অনুভব করছি,তোঁয়ার লাই ও আঁর ফেড ফুরের,I miss you too,positive,Social Media,train
তুমি কোথায় থাকো,তুঁই হন্ডে থাহ,Where are you located,neutral,Conversation,val
আমার মন ভালো নেই,আঁর দিলুত শান্তি নেই,I am not feeling well,negative,Conversation,test
রান্না আর পড়ার ঘরের মাঝখানে শুধু একটা বাঁশের দেয়াল,অঁলাঘর এদ্দে পন্নার ঘরর মাঝঅদি উদা একখান বাঁশর বেরা,here is only a bamboo partition wall between the kitchen and the study room,negative,Conversation,val
এই রুমের কথা অন্য রুমে স্পষ্ট শোনা যায়,এ ঘরর হতাও এসপস্ট ওই ঘরত ওনা যায়,The conversations of this room can be clearly heard in the other room,negative,Conversation,val
কি সুন্দর চাঁদের মতো চেহারা,কি সুন্দর চাঁদর ডইল্লা মুখ,"What a beautiful face, like the moon",positive,Drama,train
হলুদের মতো গায়ের রঙ,অঁলদুরড্ডিল্লে গঁর রঙ,The skin color is like turmeri,positive,Drama,train
মোস্তাক কিছু একটা বলতে চাচ্ছে,মোস্তাক্কে কিছু একখান হঁইত চ্যাএর,Mostak is trying to say something,neutral,Social Media,train
কলা গাছের মতো লম্বা আর শৈল মাছে মতো উপর থেকে নিচে একই সমান ছেলেটার শরীর,কেলা গাছরনান লম্বা আর অইল মাছর নান আঁগা-গোরা এক পোয়ান ইঁবার শরীল,"boy is tall like a banana tree, with a body that is uniformly thick from top to bottom, like a Shol fish",positive,Social Media,val
দুই তিন জন একসাথে থাকলে কথাবার্তায় দুষ্টুমি করে,দুতিনজন একফোঁয়ারে থাঁইলে হঁতায় বাত্তারায় শতাইন্যায়ও গরে,"When two or three people are together, they often get playful/naughty in their conversation",positive,Conversation,train
মইনু আসিয়াকে বলে আমি ঐই লাইনে নেই,মইনু আঁসিয়েরে হঁয়- না না আঁই এ্যই লেইনত নেই।,Mounu tells Asia that he is not involved in that kind of activity,positive,Conversation,train
একটূ পরে টেবিলে ভাত নিয়ে আসে,এক্কেনা বাঁদে টেবিলত ভাত ভাঁরি আনি,A little later bring the food/rice to the table,positive,Conversation,train
কুলছুমা বলে আজকে ভাত খেয়ে আর ঘরে যাওয়ার দরকার ন্বি এখানে শুয়ে থাকো,কুনছুমায় হঁয়- আজিয়া আর ঘরত যঁঅনর দরহার কি? ভাত হেইয়েরে লেড়ি থাহঁ,"Kulsoma says, ""Don't bother going home after eating today, just stay and sleep here",positive,Conversation,train
তোমার ভাইয়া আজকে শহর থেকে আসবে না,তোয়ার বদ্দাও আজিয়া শঁঅরতুতন ন আইব,Your older brother is not coming from the city today?,neutral,Drama,val
কথা বলতে বলতে কুলছুমা এক কাপ চা বানিয়ে নিতে আসে,হতা হঁইতে-হঁইতে কুনছুমা হাতু এক্কাপ চা ইজাই আনে,"While they were talking, Kulsoma came to prepare a cup of tea",positive,Drama,train
সন্ধ্যা হতে না হতে টেবিলে মাথা রেখে ঘুমায়,আজুইন্যা অইতে-নইতে টেবিলত মাথাদি ঘুম যাগই,"As soon as evening falls, goes to sleep with their head resting on the table",negative,Social Media,train
অফিসের কাজে আমার থেকে আজকে শহরে যেতে হবে,অফিসর হাজে তাত্তুন এঁজ্জে শরত যাঁ পরে,I have to go to the city today for office wor,neutral,Social Media,train
বার্ষিক পরীক্ষা ভালো ফলাফল করলে আপনাকে উপযুক্ত সম্মান দিব,বাশশিক পরিকখাত ভাল গইল্যে আই তোয়ারে উপযুত্ত সম্মান গইরগম,"If you achieve a good result in the annual exam, I will give you due respect/recognition.",positive,Conversation,train
মনের মধ্যে অন্য চিন্তা ঘুরতেছে,মনননেইজে অন্যচিন্তা ঘুরপাক হাঁর,y mind is preoccupied with other thoughts,neutral,Conversation,train
এইদিন রাতে পড়তে বসে নাই,এঁদিন রাতিয়া পন্না পঁইত্ত নঁ বইয়ে,She hasn't studied at night for that particular night.,negative,Conversation,train
